# SQL Manager 2005 for MySQL 3.6.5.8
# ---------------------------------------
# Host     : 192.168.0.100
# Port     : 3307
# Database : nj_nzy_subway


/*!40101 SET @OLD_CHARACTER_SET_CLIENT=@@CHARACTER_SET_CLIENT */;
/*!40101 SET @OLD_CHARACTER_SET_RESULTS=@@CHARACTER_SET_RESULTS */;
/*!40101 SET @OLD_COLLATION_CONNECTION=@@COLLATION_CONNECTION */;
/*!40101 SET NAMES gbk */;

SET FOREIGN_KEY_CHECKS=0;

CREATE DATABASE `nj_nzy_subway`
    CHARACTER SET 'gbk'
    COLLATE 'gbk_chinese_ci';

#
# Structure for the `alertinfo` table : 
#

CREATE TABLE `alertinfo` (
  `aiid` int(11) NOT NULL AUTO_INCREMENT COMMENT '表主键id',
  `goodcode` varchar(32) DEFAULT NULL COMMENT '商品编码',
  `goodname` varchar(128) DEFAULT NULL COMMENT '商品名称',
  `number` int(11) DEFAULT '0' COMMENT '库存数量',
  `lowlimit` int(11) DEFAULT '0' COMMENT '底限数量',
  `alerttime` timestamp NOT NULL DEFAULT CURRENT_TIMESTAMP ON UPDATE CURRENT_TIMESTAMP COMMENT '告警时间',
  `isviewed` int(11) DEFAULT '0' COMMENT '是否查看',
  `isplanedbuy` int(11) DEFAULT '0' COMMENT '是否计划采购',
  PRIMARY KEY (`aiid`)
) ENGINE=InnoDB DEFAULT CHARSET=gbk;

#
# Structure for the `buyorderinfo` table : 
#

CREATE TABLE `buyorderinfo` (
  `buyordercode` varchar(32) NOT NULL COMMENT '采购单编号',
  `buyordername` varchar(32) DEFAULT NULL COMMENT '订单名称',
  `prodcode` decimal(11,0) DEFAULT NULL COMMENT '供应商编码',
  `prodname` varchar(128) DEFAULT NULL COMMENT '供应商名称',
  `supplytime` date DEFAULT NULL COMMENT '供货时间',
  `receiver` varchar(128) DEFAULT NULL COMMENT '收货人',
  `transportstype` varchar(32) DEFAULT NULL COMMENT '运输方式（-1.未选择,1.由供货方选择,2.自由选择）',
  `feepayer` varchar(32) DEFAULT NULL COMMENT '运费承担（-1.未选择 1.待定 2.供货方承担）',
  `receiveloc` varchar(128) DEFAULT NULL COMMENT '交货地点',
  `receivephone` varchar(32) DEFAULT NULL COMMENT '交货电话',
  `returnstype` varchar(32) DEFAULT NULL COMMENT '退货方式（1.供货方自提 2.退货方送货 3.托运 4.其它）',
  `returndate` date DEFAULT NULL COMMENT '退货日期',
  `ordercomp` varchar(64) DEFAULT NULL COMMENT '订货方',
  `linker` varchar(32) DEFAULT NULL COMMENT '供货方的联系人',
  `createman` varchar(32) DEFAULT NULL COMMENT '创建人',
  `updateman` varchar(32) DEFAULT NULL COMMENT '修改人',
  `createtime` date DEFAULT NULL COMMENT '创建时间(yyyy-MM-dd)',
  `updatetime` date DEFAULT NULL COMMENT '修改时间(yyyy-MM-dd)',
  `isachieved` int(11) DEFAULT NULL COMMENT '货物状态（0.未发出采购订单 1.未到货 2.已到货）',
  `isinvoice` int(11) DEFAULT '0' COMMENT '是否开发票(0.未开票 1.已开票)',
  `ispayed` int(11) DEFAULT '0' COMMENT '是否付款(0.未付款 1.已付款)',
  `totalamount` decimal(11,2) DEFAULT NULL COMMENT '采购订单总金额',
  `isbuy` char(20) DEFAULT '0' COMMENT '1.未提交 2.已提交 3.已退货',
  PRIMARY KEY (`buyordercode`)
) ENGINE=InnoDB DEFAULT CHARSET=gbk;

#
# Structure for the `buyorderdetail` table : 
#

CREATE TABLE `buyorderdetail` (
  `bodid` int(11) NOT NULL AUTO_INCREMENT,
  `buyordercode` varchar(32) DEFAULT NULL COMMENT '采购单编号',
  `goodnum` varchar(32) DEFAULT NULL COMMENT '商品编码',
  `goodname` varchar(128) DEFAULT NULL COMMENT '商品名称',
  `ordergoodnum` int(11) DEFAULT NULL COMMENT '订单数量',
  `totalcount` decimal(11,2) DEFAULT NULL COMMENT '商品对应的金额',
  `validnum` int(11) DEFAULT NULL COMMENT '有效数量',
  `remark` varchar(256) DEFAULT NULL COMMENT '备注',
  PRIMARY KEY (`bodid`),
  KEY `FK_Relationship_3` (`buyordercode`),
  CONSTRAINT `FK_Relationship_3` FOREIGN KEY (`buyordercode`) REFERENCES `buyorderinfo` (`buyordercode`)
) ENGINE=InnoDB DEFAULT CHARSET=gbk;

#
# Structure for the `cashierperformance` table : 
#

CREATE TABLE `cashierperformance` (
  `userid` int(11) DEFAULT NULL COMMENT '收银员编号',
  `salesnotecode` varchar(32) DEFAULT NULL COMMENT '销售单编号',
  `totalmoney` decimal(9,2) DEFAULT NULL COMMENT '销售金额',
  `salestime` datetime DEFAULT NULL COMMENT '销售时间'
) ENGINE=InnoDB DEFAULT CHARSET=gbk;

#
# Structure for the `dataupdatelog` table : 
#

CREATE TABLE `dataupdatelog` (
  `id` int(11) NOT NULL AUTO_INCREMENT COMMENT '编号',
  `tableName` varchar(100) DEFAULT NULL COMMENT '操作表名称',
  `recordId` varchar(50) DEFAULT NULL COMMENT '表记录编号',
  `action` varchar(20) DEFAULT NULL COMMENT '操作类型',
  `actiontime` timestamp NOT NULL DEFAULT CURRENT_TIMESTAMP COMMENT '操作时间',
  PRIMARY KEY (`id`)
) ENGINE=InnoDB AUTO_INCREMENT=12338 DEFAULT CHARSET=gbk;

#
# Structure for the `saleunitinfo` table : 
#

CREATE TABLE `saleunitinfo` (
  `deptcode` int(11) NOT NULL COMMENT '单位（门店、加盟商）编号',
  `deptname` varchar(64) DEFAULT NULL COMMENT '单位（门店、加盟商）名称\r\n',
  `address` varchar(256) DEFAULT NULL COMMENT '通讯地址',
  `postcode` varchar(20) DEFAULT NULL COMMENT '邮编',
  `unitclass` varchar(32) DEFAULT NULL COMMENT '零售单位类别（0.门店零售商、1.加盟零售商）',
  `salesloc` varchar(128) DEFAULT NULL COMMENT '经营地点',
  `uniondaifu` decimal(9,2) DEFAULT NULL COMMENT '加盟代付',
  `unionshishou` decimal(9,2) DEFAULT NULL COMMENT '加盟实收',
  `remark` varchar(256) DEFAULT NULL COMMENT '备注',
  PRIMARY KEY (`deptcode`)
) ENGINE=InnoDB DEFAULT CHARSET=gbk;

#
# Structure for the `deptstock` table : 
#

CREATE TABLE `deptstock` (
  `deptcode` int(11) DEFAULT NULL COMMENT '单位编号',
  `goodnum` varchar(32) DEFAULT NULL COMMENT '商品编号',
  `goodname` varchar(128) DEFAULT NULL COMMENT '商品名称',
  `number` int(11) DEFAULT NULL COMMENT '数量',
  `money` decimal(9,2) DEFAULT NULL COMMENT '金额',
  `remark` varchar(256) DEFAULT NULL COMMENT '备注',
  `price` decimal(9,2) DEFAULT NULL COMMENT '零售价',
  `beforedaystock` int(11) DEFAULT NULL COMMENT '前一天结存',
  `everydaystock` int(11) DEFAULT NULL COMMENT '每日结存',
  `beforemonthstock` int(11) DEFAULT NULL COMMENT '前一月结存',
  `lastmonthstock` int(11) DEFAULT NULL COMMENT '上一月结存',
  KEY `FK_Relationship_5` (`deptcode`),
  CONSTRAINT `FK_Relationship_5` FOREIGN KEY (`deptcode`) REFERENCES `saleunitinfo` (`deptcode`)
) ENGINE=InnoDB DEFAULT CHARSET=gbk;

#
# Structure for the `giftgoodsinfo` table : 
#

CREATE TABLE `giftgoodsinfo` (
  `salerecid` varchar(32) DEFAULT NULL COMMENT '销售记录编号',
  `goodscode` varchar(32) DEFAULT NULL COMMENT '商品编号',
  `goodsname` varchar(128) DEFAULT NULL COMMENT '赠品名称',
  `price` decimal(9,2) DEFAULT NULL COMMENT '零售价',
  `giftnum` int(11) DEFAULT NULL COMMENT '赠送数量',
  `isSubmit` int(11) DEFAULT NULL COMMENT '是否提交(0未提交1已提交)',
  `isoutgoods` int(11) DEFAULT NULL COMMENT '是否已发货(0未发货1已发货)'
) ENGINE=InnoDB DEFAULT CHARSET=gbk;

#
# Structure for the `good_class` table : 
#

CREATE TABLE `good_class` (
  `classcode` int(11) NOT NULL AUTO_INCREMENT,
  `classname` varchar(32) DEFAULT NULL,
  PRIMARY KEY (`classcode`)
) ENGINE=InnoDB AUTO_INCREMENT=149 DEFAULT CHARSET=gbk;

CREATE TRIGGER `tr_makeDataUpateLog_ins_good_class` AFTER INSERT ON `good_class`
  FOR EACH ROW
begin
    set @class_code = NEW.classcode;
    insert into `dataupdatelog` (tableName,recordId,action) values( 'good_class',@class_code,'insert');
end;

CREATE TRIGGER `tr_makeDataUpateLog_upd_good_class` AFTER UPDATE ON `good_class`
  FOR EACH ROW
begin

    insert into `dataupdatelog` (tableName,recordId,action) values( 'good_class',old.classcode,'update');
end;

CREATE TRIGGER `tr_makeDataUpateLog_del_good_class` AFTER DELETE ON `good_class`
  FOR EACH ROW
begin

    insert into `dataupdatelog` (tableName,recordId,action) values( 'good_class',old.classcode,'delete');
end;

#
# Structure for the `producerinfo` table : 
#

CREATE TABLE `producerinfo` (
  `producercode` int(11) NOT NULL AUTO_INCREMENT COMMENT '供应商编码',
  `simplename` varchar(32) DEFAULT NULL COMMENT '供应商简称',
  `proname` varchar(128) DEFAULT NULL COMMENT '供应商名称',
  `inarea` varchar(32) DEFAULT NULL COMMENT '所在地区',
  `contactman` varchar(32) DEFAULT NULL COMMENT '联系人',
  `mobile` varchar(15) DEFAULT NULL COMMENT '手机',
  `phone` varchar(15) DEFAULT NULL COMMENT '电话',
  `fax` varchar(15) DEFAULT NULL COMMENT '传真',
  `address` varchar(256) DEFAULT NULL COMMENT '地址',
  `postcode` varchar(15) DEFAULT NULL COMMENT '邮编',
  `contractfrom` date DEFAULT NULL COMMENT '合同开始时间',
  `contractto` date DEFAULT NULL COMMENT '合同结束时间',
  PRIMARY KEY (`producercode`)
) ENGINE=InnoDB AUTO_INCREMENT=101 DEFAULT CHARSET=gbk COMMENT='供应商信息';

CREATE TRIGGER `tr_makeDataUpateLog_ins_producer` AFTER INSERT ON `producerinfo`
  FOR EACH ROW
begin

    insert into `dataupdatelog` (tableName,recordId,action) values( 'producerinfo',NEW.producercode,'insert');
end;

CREATE TRIGGER `tr_makeDataUpateLog_upd_producer` AFTER UPDATE ON `producerinfo`
  FOR EACH ROW
begin

    insert into `dataupdatelog` (tableName,recordId,action) values( 'producerinfo',old.producercode,'update');
end;

CREATE TRIGGER `tr_makeDataUpateLog_del_producer` AFTER DELETE ON `producerinfo`
  FOR EACH ROW
begin

    insert into `dataupdatelog` (tableName,recordId,action) values( 'producerinfo',old.producercode,'delete');
end;

#
# Structure for the `goodsinfo` table : 
#

CREATE TABLE `goodsinfo` (
  `goodcode` varchar(32) NOT NULL COMMENT '商品编码',
  `producercode` int(11) DEFAULT NULL COMMENT '供应商编码',
  `classcode` int(11) DEFAULT NULL COMMENT '类别编码',
  `barcode` decimal(13,0) DEFAULT '0' COMMENT '条码',
  `goodname` varchar(128) DEFAULT NULL COMMENT '商品名称',
  `picpath` varchar(128) DEFAULT NULL COMMENT '图片路径',
  `material` varchar(32) DEFAULT NULL COMMENT '材质',
  `publishnum` int(11) DEFAULT NULL COMMENT '限量',
  `number` int(11) DEFAULT NULL COMMENT '数量',
  `saleprice` decimal(9,2) DEFAULT NULL COMMENT '零售价',
  `buyprice` decimal(9,2) DEFAULT NULL COMMENT '进货价',
  `unionprice` decimal(9,2) DEFAULT NULL COMMENT '加盟供货价',
  `discount` decimal(4,2) DEFAULT NULL COMMENT '折扣',
  `unit` varchar(32) DEFAULT NULL COMMENT '单位',
  `color` varchar(32) DEFAULT NULL COMMENT '颜色',
  `specification` varchar(32) DEFAULT NULL COMMENT '规格',
  `isendpublish` int(11) DEFAULT NULL COMMENT '是否结束发行',
  `remark` varchar(256) DEFAULT NULL COMMENT '备注',
  `creattime` timestamp NOT NULL DEFAULT CURRENT_TIMESTAMP COMMENT '添加商品时间',
  `lowlimit` int(11) DEFAULT '0' COMMENT '下限数量',
  PRIMARY KEY (`goodcode`),
  KEY `FK_Relationship_16` (`producercode`),
  KEY `FK_Relationship_6` (`classcode`),
  CONSTRAINT `FK_Relationship_16` FOREIGN KEY (`producercode`) REFERENCES `producerinfo` (`producercode`),
  CONSTRAINT `FK_Relationship_6` FOREIGN KEY (`classcode`) REFERENCES `good_class` (`classcode`)
) ENGINE=InnoDB DEFAULT CHARSET=gbk;

CREATE TRIGGER `tr_makeDataUpateLog_ins_goodsinfo` AFTER INSERT ON `goodsinfo`
  FOR EACH ROW
begin

    insert into `dataupdatelog` (tableName,recordId,action) values( 'goodsinfo',NEW.goodcode,'insert');
end;

CREATE TRIGGER `tr_makeDataUpateLog_upd_goodsinfo` AFTER UPDATE ON `goodsinfo`
  FOR EACH ROW
begin

    insert into `dataupdatelog` (tableName,recordId,action) values( 'goodsinfo',old.goodcode,'update');
end;

CREATE TRIGGER `tr_makeDataUpateLog_del_goodsinfo` AFTER DELETE ON `goodsinfo`
  FOR EACH ROW
begin

    insert into `dataupdatelog` (tableName,recordId,action) values( 'goodsinfo',old.goodcode,'delete');
end;

#
# Structure for the `instocknote` table : 
#

CREATE TABLE `instocknote` (
  `instockcode` varchar(32) NOT NULL COMMENT '入库编号',
  `instockstyle` varchar(32) DEFAULT NULL COMMENT '入库类型(0.采购入库 1.门店退货2.加盟退货3.团购退货4.领用退货)',
  `fromunitcode` varchar(32) DEFAULT NULL COMMENT '来单单位编号',
  `fromunit` varchar(32) DEFAULT NULL COMMENT '来单单位名称',
  `instockman` varchar(32) DEFAULT NULL COMMENT '入库人 （仓库这边 入库人）',
  `checkinman` varchar(32) DEFAULT NULL COMMENT '签出人  （退货单位或者采购单位）',
  `pickupman` varchar(32) DEFAULT NULL COMMENT '提货人 （仓库提货人）',
  `indate` date DEFAULT NULL COMMENT '制单日期 （未收到单位退的货 进行临时入库时的日期）',
  `makedate` date DEFAULT NULL COMMENT '入库日期 （仓库实际收到单位退的货后进行入库的日期）',
  `resourcenoteid` varchar(32) DEFAULT NULL COMMENT '来单编号',
  `checkindate` date DEFAULT NULL COMMENT '签出日期',
  `totalamount` decimal(11,2) DEFAULT NULL COMMENT '入库总金额',
  `status` int(11) DEFAULT NULL COMMENT '0.临时保存 1.可操作入库(单位确认退货给提货人时，仓库方可修改临时为实际入库的操作) 2.实际入库',
  PRIMARY KEY (`instockcode`)
) ENGINE=InnoDB DEFAULT CHARSET=gbk;

#
# Structure for the `instockdetail` table : 
#

CREATE TABLE `instockdetail` (
  `isdid` int(11) NOT NULL AUTO_INCREMENT COMMENT '详细编号',
  `instockcode` varchar(32) DEFAULT NULL COMMENT '入库编号',
  `goodcode` varchar(32) DEFAULT NULL COMMENT '商品编码',
  `goodname` varchar(128) DEFAULT NULL COMMENT '商品名称',
  `saleprice` decimal(9,2) DEFAULT NULL COMMENT '商品零售价',
  `number` int(11) DEFAULT NULL COMMENT '数量',
  `remark` varchar(256) DEFAULT NULL COMMENT '备注',
  PRIMARY KEY (`isdid`),
  KEY `FK_Relationship_10` (`instockcode`),
  CONSTRAINT `FK_Relationship_10` FOREIGN KEY (`instockcode`) REFERENCES `instocknote` (`instockcode`)
) ENGINE=InnoDB AUTO_INCREMENT=9 DEFAULT CHARSET=gbk;

#
# Structure for the `teaminvoiceapply` table : 
#

CREATE TABLE `teaminvoiceapply` (
  `invoiceapplyid` varchar(32) NOT NULL COMMENT '申请单编号',
  `custfullname` varchar(50) DEFAULT NULL COMMENT '发票抬头（客户全称）',
  `custname` varchar(64) DEFAULT NULL COMMENT '客户名称',
  `invoicename` varchar(64) DEFAULT NULL COMMENT '发票名称',
  `money` decimal(9,0) DEFAULT NULL COMMENT '金额',
  `applydate` date DEFAULT NULL COMMENT '申请日期',
  `remark` varchar(256) DEFAULT NULL COMMENT '备注',
  `applyman` varchar(32) DEFAULT NULL COMMENT '申请人',
  `issubmit` int(11) DEFAULT NULL COMMENT '是否提交(0未提交1提交)',
  `ismade` int(11) DEFAULT NULL COMMENT '是否开票(0未开票1已开票)',
  `invoicedate` date DEFAULT NULL COMMENT '开票日期',
  `invoicecode` varchar(32) DEFAULT NULL COMMENT '发票号',
  `deptcode` int(11) DEFAULT NULL COMMENT '单位编号',
  `deptname` varchar(64) DEFAULT NULL COMMENT '单位名称',
  `submitdate` date DEFAULT NULL COMMENT '提交日期',
  `salerecid` varchar(32) DEFAULT NULL COMMENT '销售记录编号',
  PRIMARY KEY (`invoiceapplyid`)
) ENGINE=InnoDB DEFAULT CHARSET=gbk;

#
# Structure for the `invoiceapplydetail` table : 
#

CREATE TABLE `invoiceapplydetail` (
  `iadid` int(11) NOT NULL AUTO_INCREMENT COMMENT '明细表编号',
  `invoiceapplyid` varchar(32) DEFAULT NULL COMMENT '申请单编号',
  `goodscode` varchar(32) DEFAULT NULL COMMENT '商品编号',
  `goodsname` varchar(128) DEFAULT NULL COMMENT '商品名称',
  `num` int(11) DEFAULT NULL COMMENT '数量',
  `totalprice` decimal(9,2) DEFAULT NULL COMMENT '总价',
  PRIMARY KEY (`iadid`),
  KEY `FK_Relationship_17` (`invoiceapplyid`),
  CONSTRAINT `FK_Relationship_17` FOREIGN KEY (`invoiceapplyid`) REFERENCES `teaminvoiceapply` (`invoiceapplyid`)
) ENGINE=InnoDB DEFAULT CHARSET=gbk;

#
# Structure for the `lingyonginfo` table : 
#

CREATE TABLE `lingyonginfo` (
  `lingyongid` varchar(32) NOT NULL COMMENT '领用记录编号',
  `lingyongdate` date DEFAULT NULL COMMENT '领用日期',
  `makemanid` int(11) DEFAULT NULL COMMENT '领用人编号',
  `makeman` varchar(32) DEFAULT NULL COMMENT '领用人',
  `status` int(11) DEFAULT '0' COMMENT '状态(0新建1等待发货2已经发货3等待退货4已经退货5结单)',
  `workstatus` int(11) DEFAULT '0' COMMENT '处理状态(0未处理1已处理)',
  `remark` varchar(256) DEFAULT NULL COMMENT '备注',
  `isoutgoods` int(11) DEFAULT '0' COMMENT '是否已发货(0未发货,1已发货,2已申请)',
  `isreturngoods` int(11) DEFAULT '0' COMMENT '是否已退货(0未退货,1已退货,2已申请)',
  `deptcode` int(11) DEFAULT NULL COMMENT '单位编号',
  `deptname` varchar(32) DEFAULT NULL COMMENT '单位名称',
  PRIMARY KEY (`lingyongid`)
) ENGINE=InnoDB DEFAULT CHARSET=gbk;

#
# Structure for the `lingyongdetail` table : 
#

CREATE TABLE `lingyongdetail` (
  `lydid` int(11) NOT NULL AUTO_INCREMENT COMMENT '明细表编号',
  `lingyongid` varchar(32) DEFAULT NULL COMMENT '领用记录编号',
  `goodscode` varchar(32) DEFAULT NULL COMMENT '商品编码',
  `goodsname` varchar(128) DEFAULT NULL COMMENT '商品名称',
  `number` int(11) DEFAULT NULL COMMENT '领用数量',
  `returnnum` int(11) DEFAULT NULL COMMENT '退货数量',
  `validnum` int(11) DEFAULT NULL COMMENT '有效数量',
  `saleprice` decimal(9,2) DEFAULT NULL COMMENT '零售价',
  PRIMARY KEY (`lydid`),
  KEY `FK_Relationship_ly` (`lingyongid`),
  CONSTRAINT `FK_Relationship_ly` FOREIGN KEY (`lingyongid`) REFERENCES `lingyonginfo` (`lingyongid`)
) ENGINE=InnoDB AUTO_INCREMENT=3 DEFAULT CHARSET=gbk;

#
# Structure for the `oa_attach` table : 
#

CREATE TABLE `oa_attach` (
  `attachid` int(11) NOT NULL AUTO_INCREMENT COMMENT '文档附件id',
  `objname` varchar(256) DEFAULT NULL COMMENT '文档附件名称',
  `filedir` varchar(256) DEFAULT NULL COMMENT '文件路径',
  `filetype` varchar(256) DEFAULT NULL COMMENT '文件类型',
  `iszip` int(1) DEFAULT NULL COMMENT '是否压缩1表示''是''2表示''否''',
  `isencrypt` varchar(10) DEFAULT NULL COMMENT '是否加密',
  `col1` varchar(256) DEFAULT NULL,
  `col2` varchar(256) DEFAULT NULL,
  `col3` varchar(256) DEFAULT NULL,
  `filesize` varchar(20) DEFAULT NULL COMMENT '文件大小',
  PRIMARY KEY (`attachid`)
) ENGINE=InnoDB AUTO_INCREMENT=2 DEFAULT CHARSET=utf8 COMMENT='文档附件表(oa_attach)';

#
# Structure for the `oa_attendance_record` table : 
#

CREATE TABLE `oa_attendance_record` (
  `recordId` int(11) NOT NULL AUTO_INCREMENT COMMENT '编号',
  `atteType` int(11) DEFAULT '0' COMMENT '考勤类型（0.非工作日考勤 1.工作日考勤）',
  `atteDate` varchar(10) DEFAULT NULL COMMENT '考勤日期（yyyy-MM-dd）',
  `signInTime` varchar(8) DEFAULT NULL COMMENT '签到时间（HH:mm）',
  `signInState` varchar(1032) DEFAULT NULL COMMENT '签到状态（迟到**分钟）',
  `signInCount` varchar(20) DEFAULT NULL COMMENT '0.正常签到 1.签到迟到',
  `signInIp` varchar(20) DEFAULT NULL COMMENT '签到IP',
  `signbackTime` varchar(8) DEFAULT NULL COMMENT '签退时间（HH:mm）',
  `signbackState` varchar(1032) DEFAULT NULL COMMENT '签退状态（早退**分钟）',
  `signbackCount` varchar(20) DEFAULT NULL COMMENT '0.正常签退 1.早退',
  `signbackIp` varchar(20) DEFAULT NULL COMMENT '签退IP',
  `userId` int(11) DEFAULT NULL COMMENT '员工编号',
  `departId` varchar(20) DEFAULT NULL COMMENT '所属部门',
  `isRepairSign` varchar(6) DEFAULT NULL COMMENT '是否补签到（Yes.补签到 No.非补签）',
  `signYear` varchar(6) DEFAULT NULL COMMENT '签到年份',
  `signMonth` varchar(6) DEFAULT NULL COMMENT '签到月份',
  `repairSignDesc` varchar(1032) DEFAULT NULL COMMENT '补签说明',
  `repairSignType` int(11) DEFAULT '0' COMMENT '0.非补签 1.补签到 2.补签退 3.补签到和签退',
  PRIMARY KEY (`recordId`)
) ENGINE=InnoDB DEFAULT CHARSET=utf8 COMMENT='考勤记录表(oa_attendance_record)';

#
# Structure for the `oa_remindlog` table : 
#

CREATE TABLE `oa_remindlog` (
  `remLogId` int(11) NOT NULL AUTO_INCREMENT COMMENT '消息收取id',
  `mid` int(11) DEFAULT NULL COMMENT '消息id',
  `sender` int(11) DEFAULT NULL COMMENT '发送人',
  `sendTime` varchar(20) DEFAULT NULL COMMENT '发送时间',
  `receiver` int(11) DEFAULT NULL COMMENT '收件人',
  `receiveTime` varchar(20) DEFAULT NULL COMMENT '收件时间',
  PRIMARY KEY (`remLogId`)
) ENGINE=InnoDB AUTO_INCREMENT=3 DEFAULT CHARSET=utf8 COMMENT='消息日志(oa_remindlog)';

#
# Structure for the `oa_remindmessagedetail` table : 
#

CREATE TABLE `oa_remindmessagedetail` (
  `mid` int(11) NOT NULL AUTO_INCREMENT COMMENT '消息id',
  `ruleid` int(11) DEFAULT NULL COMMENT '消息规则id',
  `type` int(1) DEFAULT NULL COMMENT '消息类型：0,即时消息 1,状态消息',
  `messageContent` text COMMENT '消息内容',
  `messageCaption` varchar(200) DEFAULT NULL COMMENT '标题',
  `attachIds` varchar(1500) DEFAULT NULL COMMENT '附件id的集合',
  PRIMARY KEY (`mid`)
) ENGINE=InnoDB AUTO_INCREMENT=2 DEFAULT CHARSET=utf8 COMMENT='消息提醒详细表(oa_remindmessagedetail)';

#
# Structure for the `oa_remindreceive` table : 
#

CREATE TABLE `oa_remindreceive` (
  `remReceiveid` int(11) NOT NULL AUTO_INCREMENT COMMENT '消息收取id',
  `mid` int(11) DEFAULT NULL COMMENT '消息id',
  `isread` int(11) DEFAULT NULL COMMENT '是否已经阅读(1、未读 0、已读)',
  `receivetTime` varchar(20) DEFAULT NULL COMMENT '接受的时间',
  `userId` int(11) DEFAULT NULL COMMENT '收件人id',
  PRIMARY KEY (`remReceiveid`)
) ENGINE=InnoDB AUTO_INCREMENT=3 DEFAULT CHARSET=utf8 COMMENT='消息提醒收件表(oa_remindreceiveobj)';

#
# Structure for the `oa_remindsend` table : 
#

CREATE TABLE `oa_remindsend` (
  `remSendId` int(11) NOT NULL AUTO_INCREMENT COMMENT '发送消息id',
  `mid` int(11) DEFAULT NULL COMMENT '消息id',
  `sendTime` varchar(20) DEFAULT NULL COMMENT '发送时间',
  `isdelete` int(11) DEFAULT NULL COMMENT '是否删除0代表删除1未删除',
  `senderid` int(11) DEFAULT NULL COMMENT '发送人id',
  `sendType` int(11) DEFAULT NULL COMMENT '收件人类型',
  `flag` int(1) DEFAULT NULL COMMENT '是否已读0已读1未读',
  `inceptId` varchar(500) DEFAULT NULL COMMENT '收件对象id集合',
  PRIMARY KEY (`remSendId`)
) ENGINE=InnoDB AUTO_INCREMENT=2 DEFAULT CHARSET=utf8 COMMENT='发件消息表(oa_remindsendobj)';

#
# Structure for the `operatedirect` table : 
#

CREATE TABLE `operatedirect` (
  `odid` int(11) NOT NULL AUTO_INCREMENT COMMENT '主键id',
  `fromdept` int(11) DEFAULT NULL COMMENT '发送部门',
  `todept` int(11) DEFAULT NULL COMMENT '目标部门',
  `resource` varchar(200) DEFAULT NULL COMMENT '消息链接',
  `prompt` varchar(200) DEFAULT NULL COMMENT '消息显示内容',
  `sendtime` timestamp NOT NULL DEFAULT CURRENT_TIMESTAMP COMMENT '发送时间',
  `directtype` varchar(50) DEFAULT NULL COMMENT '消息类型（代办 反馈）',
  `operatetable` varchar(50) DEFAULT NULL COMMENT '操作的表',
  `recordid` varchar(32) DEFAULT NULL COMMENT '操作的记录编号',
  `isoperate` int(11) DEFAULT NULL COMMENT '是否已操作 （0.未操作 1.已操作）',
  PRIMARY KEY (`odid`)
) ENGINE=InnoDB AUTO_INCREMENT=6 DEFAULT CHARSET=gbk;

#
# Structure for the `outstocknote` table : 
#

CREATE TABLE `outstocknote` (
  `outstockcode` varchar(32) NOT NULL COMMENT '出库单编号',
  `outstockstyle` varchar(32) DEFAULT NULL COMMENT '出库类型(0.门店补货1.加盟补货2团购补货3.领用补货4.采购出库)',
  `receivecode` varchar(32) DEFAULT NULL COMMENT '收货单位编号',
  `receiveunitname` varchar(32) DEFAULT NULL COMMENT '收获单位名称',
  `outman` varchar(32) DEFAULT NULL COMMENT '发货人',
  `sendman` varchar(32) DEFAULT NULL COMMENT '提货人',
  `checkinman` varchar(32) DEFAULT NULL COMMENT '签收人',
  `ischeckin` int(11) DEFAULT NULL COMMENT '是否签收',
  `supplynoteid` varchar(32) DEFAULT NULL COMMENT '来单编号',
  `outstockdate` date DEFAULT NULL COMMENT '出库日期',
  `totalamount` decimal(11,2) DEFAULT NULL COMMENT '出库单总金额',
  PRIMARY KEY (`outstockcode`)
) ENGINE=InnoDB DEFAULT CHARSET=gbk;

#
# Structure for the `outstockdetail` table : 
#

CREATE TABLE `outstockdetail` (
  `id` int(11) NOT NULL AUTO_INCREMENT COMMENT '明细表编号',
  `outstockcode` varchar(32) DEFAULT NULL COMMENT '出库单编号',
  `goodcode` varchar(32) DEFAULT NULL COMMENT '商品编码',
  `goodname` varchar(128) DEFAULT NULL COMMENT '商品名称',
  `saleprice` decimal(9,2) DEFAULT NULL COMMENT '零售价',
  `number` int(11) DEFAULT NULL COMMENT '数量',
  `remark` varchar(256) DEFAULT NULL COMMENT '备注',
  PRIMARY KEY (`id`),
  KEY `FK_Relationship_11` (`outstockcode`),
  CONSTRAINT `FK_Relationship_11` FOREIGN KEY (`outstockcode`) REFERENCES `outstocknote` (`outstockcode`)
) ENGINE=InnoDB AUTO_INCREMENT=25 DEFAULT CHARSET=gbk;

#
# Structure for the `reportinfo` table : 
#

CREATE TABLE `reportinfo` (
  `reportid` int(11) NOT NULL AUTO_INCREMENT COMMENT '报表编号',
  `reportname` varchar(256) DEFAULT NULL COMMENT '报表的名称',
  `reportpath` varchar(256) DEFAULT NULL COMMENT '报表的文件路径',
  `reportdate` date DEFAULT NULL COMMENT '报表生成日期',
  `reportdeptno` int(11) DEFAULT NULL COMMENT '报表隶属部门',
  `reportdeptname` varchar(256) DEFAULT NULL COMMENT '报表隶属部门名称',
  `reporttype` varchar(32) DEFAULT NULL COMMENT '报表的类型日、月、团购销售明细(0、1、2) 三种类型',
  `reportclass` int(11) DEFAULT NULL COMMENT '报表的分类（0、门店报表 1、加盟报表 2、团购报表 3、门店团购报表 4、团购部销售明细 5、门店团购销售明细）',
  PRIMARY KEY (`reportid`)
) ENGINE=InnoDB AUTO_INCREMENT=433 DEFAULT CHARSET=gbk;

#
# Structure for the `requisitionslip` table : 
#

CREATE TABLE `requisitionslip` (
  `reqslipcode` varchar(32) NOT NULL COMMENT '调拨单编号',
  `outunitcode` decimal(11,0) DEFAULT NULL COMMENT '调出单位编号',
  `outunit` varchar(32) DEFAULT NULL COMMENT '调出单位',
  `inunitcode` decimal(11,0) DEFAULT NULL COMMENT '调入单位编号',
  `inunit` varchar(32) DEFAULT NULL COMMENT '调入单位',
  `indate` date DEFAULT NULL COMMENT '制单日期',
  `outman` varchar(32) DEFAULT NULL COMMENT '发货人',
  `sendman` varchar(32) DEFAULT NULL COMMENT '送货人',
  `checkinman` varchar(32) DEFAULT NULL COMMENT '签收人',
  `requisitedate` date DEFAULT NULL COMMENT '调拨日期',
  `checkindate` date DEFAULT NULL COMMENT '签收日期',
  `issubmit` int(11) DEFAULT NULL COMMENT '是否提交',
  `ischeckin` int(11) DEFAULT NULL COMMENT '是否签收',
  `isoutgoods` int(11) DEFAULT NULL COMMENT '是否发货',
  PRIMARY KEY (`reqslipcode`)
) ENGINE=InnoDB DEFAULT CHARSET=gbk;

#
# Structure for the `requisitionslipdetail` table : 
#

CREATE TABLE `requisitionslipdetail` (
  `rsdid` int(11) NOT NULL COMMENT '明细表编号',
  `reqslipcode` varchar(32) DEFAULT NULL COMMENT '调拨单编号',
  `goodnum` varchar(32) DEFAULT NULL COMMENT '商品编码',
  `goodname` varchar(128) DEFAULT NULL COMMENT '商品名称',
  `saleprice` decimal(9,0) DEFAULT NULL COMMENT '零售价',
  `number` int(11) DEFAULT NULL COMMENT '数量',
  `remark` varchar(256) DEFAULT NULL COMMENT '备注',
  `realnum` int(11) DEFAULT NULL COMMENT '实际数量',
  PRIMARY KEY (`rsdid`),
  KEY `FK_Relationship_12` (`reqslipcode`),
  CONSTRAINT `FK_Relationship_12` FOREIGN KEY (`reqslipcode`) REFERENCES `requisitionslip` (`reqslipcode`)
) ENGINE=InnoDB DEFAULT CHARSET=gbk;

#
# Structure for the `returnnote` table : 
#

CREATE TABLE `returnnote` (
  `returnnotecode` varchar(32) NOT NULL COMMENT '退货单编号',
  `isaccepted` varchar(20) DEFAULT '0' COMMENT '0.未受理1.已受理',
  `deptcode` int(11) DEFAULT NULL COMMENT '单位编号',
  `departid` int(11) DEFAULT NULL COMMENT '行政部编号(领用)',
  `makeunit` varchar(32) DEFAULT NULL COMMENT '申请单位名称',
  `indate` date DEFAULT NULL COMMENT '制单日期',
  `makeman` varchar(32) DEFAULT NULL COMMENT '申请人',
  `issubmit` int(11) DEFAULT '0' COMMENT '是否提交1提交0未提交',
  `ischeckin` int(11) DEFAULT '0' COMMENT '是否签收（0.未签出1.签出2.退货结单）',
  `checkindate` date DEFAULT NULL COMMENT '签出日期',
  `submitdate` date DEFAULT NULL COMMENT '提交日期',
  `salerecid` varchar(32) DEFAULT NULL COMMENT '销售记录编号',
  `ismakeinvoice` varchar(20) DEFAULT '0' COMMENT '0.未开票1.已开票',
  `ispayment` varchar(20) DEFAULT '0' COMMENT '0.未付款1.已付款',
  `lingyongid` varchar(32) DEFAULT NULL COMMENT '领用记录编号',
  PRIMARY KEY (`returnnotecode`),
  KEY `FK_Relationship_13` (`deptcode`),
  CONSTRAINT `FK_Relationship_13` FOREIGN KEY (`deptcode`) REFERENCES `saleunitinfo` (`deptcode`)
) ENGINE=InnoDB DEFAULT CHARSET=gbk;

#
# Structure for the `returnnotedetail` table : 
#

CREATE TABLE `returnnotedetail` (
  `rdid` int(11) NOT NULL AUTO_INCREMENT COMMENT '明细编号',
  `returnnotecode` varchar(32) DEFAULT NULL COMMENT '退货单编号',
  `goodnum` varchar(32) DEFAULT NULL COMMENT '商品编码',
  `goodname` varchar(128) DEFAULT NULL COMMENT '商品编码',
  `saleprice` decimal(9,0) DEFAULT NULL COMMENT '零售价',
  `number` int(11) DEFAULT NULL COMMENT '数量',
  `money` decimal(9,0) DEFAULT NULL COMMENT '金额',
  `remark` varchar(256) DEFAULT NULL COMMENT '备注',
  PRIMARY KEY (`rdid`),
  KEY `FK_Relationship_9` (`returnnotecode`),
  CONSTRAINT `FK_Relationship_9` FOREIGN KEY (`returnnotecode`) REFERENCES `returnnote` (`returnnotecode`)
) ENGINE=InnoDB AUTO_INCREMENT=19 DEFAULT CHARSET=gbk;

#
# Structure for the `sa_capabilityinfo` table : 
#

CREATE TABLE `sa_capabilityinfo` (
  `capabilityID` int(11) NOT NULL AUTO_INCREMENT COMMENT '功能id',
  `capabilityName` varchar(50) NOT NULL COMMENT '功能名称',
  `capabilityTitle` varchar(50) NOT NULL COMMENT '功能标题',
  PRIMARY KEY (`capabilityID`)
) ENGINE=InnoDB DEFAULT CHARSET=utf8 COMMENT='功能表(sa_capabilityinfo)';

#
# Structure for the `sa_capabilityright` table : 
#

CREATE TABLE `sa_capabilityright` (
  `capabilityrightID` int(11) NOT NULL AUTO_INCREMENT COMMENT 'id',
  `roleID` int(11) DEFAULT NULL COMMENT '角色id',
  `capabilityID` int(11) DEFAULT NULL COMMENT '功能id',
  `menuID` int(11) DEFAULT NULL COMMENT '资源菜单\r\n',
  PRIMARY KEY (`capabilityrightID`)
) ENGINE=InnoDB DEFAULT CHARSET=utf8 COMMENT='功能权限表(sa_capabilityright)';

#
# Structure for the `sa_database` table : 
#

CREATE TABLE `sa_database` (
  `id` int(11) NOT NULL AUTO_INCREMENT,
  `database_name` varchar(50) NOT NULL,
  `database_time` varchar(50) NOT NULL,
  `database_path` varchar(200) DEFAULT NULL,
  `database_user` varchar(100) DEFAULT NULL COMMENT '当前用户',
  PRIMARY KEY (`id`)
) ENGINE=InnoDB AUTO_INCREMENT=75 DEFAULT CHARSET=gbk COMMENT='数据库备份';

#
# Structure for the `sa_departinfo` table : 
#

CREATE TABLE `sa_departinfo` (
  `departID` int(11) NOT NULL AUTO_INCREMENT COMMENT '部门id',
  `departName` varchar(50) NOT NULL COMMENT '部门名称',
  `depParentID` varchar(20) DEFAULT NULL COMMENT '部门父ID',
  `connectTelNo` varchar(12) DEFAULT NULL COMMENT '联系电话',
  `connectMobileTelNo` varchar(20) DEFAULT NULL COMMENT '移动电话',
  `faxes` varchar(50) DEFAULT NULL COMMENT '传真',
  `departDesc` varchar(200) DEFAULT NULL COMMENT '描述部门信息',
  `adress` varchar(128) DEFAULT NULL COMMENT '地址',
  `contactMan` varchar(32) DEFAULT NULL COMMENT '联系人',
  `url` varchar(100) DEFAULT NULL COMMENT '链接路径',
  `isExistChild` varchar(20) DEFAULT NULL COMMENT '是否有子菜单',
  `image` varchar(100) DEFAULT NULL COMMENT '图片',
  `departType` int(11) DEFAULT NULL COMMENT '0代表公司,1代表部门2.代表总公司',
  `isType` int(11) DEFAULT NULL COMMENT '0代表部门公司及岗位,1代表岗位',
  `zipcode` varchar(20) DEFAULT NULL COMMENT '邮政编码',
  `isDelete` varchar(10) DEFAULT '0' COMMENT '是否删除 0未删除 1删除',
  PRIMARY KEY (`departID`)
) ENGINE=InnoDB AUTO_INCREMENT=317 DEFAULT CHARSET=utf8 COMMENT='部门信息表(departInfo)';

CREATE TRIGGER `tr_makeDataUpateLog_ins_departinfo` AFTER INSERT ON `sa_departinfo`
  FOR EACH ROW
begin

    insert into `dataupdatelog` (tableName,recordId,action) values( 'sa_departinfo',NEW.departID,'insert');
end;

CREATE TRIGGER `tr_makeDataUpateLog_upd_departinfo` AFTER UPDATE ON `sa_departinfo`
  FOR EACH ROW
begin

    insert into `dataupdatelog` (tableName,recordId,action) values( 'sa_departinfo',old.departID,'update');
end;

CREATE TRIGGER `tr_makeDataUpateLog_del_departinfo` AFTER DELETE ON `sa_departinfo`
  FOR EACH ROW
begin

    insert into `dataupdatelog` (tableName,recordId,action) values( 'sa_departinfo',old.departID,'delete');
end;

#
# Structure for the `sa_functioninfo` table : 
#

CREATE TABLE `sa_functioninfo` (
  `functionID` int(11) NOT NULL AUTO_INCREMENT COMMENT '功能id',
  `functionName` varchar(50) NOT NULL COMMENT '功能名称',
  `functionTitle` varchar(50) NOT NULL COMMENT '功能标题',
  PRIMARY KEY (`functionID`)
) ENGINE=InnoDB DEFAULT CHARSET=utf8 COMMENT='功能表(sa_functioninfo)';

#
# Structure for the `sa_roleinfo` table : 
#

CREATE TABLE `sa_roleinfo` (
  `roleID` int(11) NOT NULL AUTO_INCREMENT COMMENT '岗位组id',
  `roleName` varchar(50) NOT NULL COMMENT '岗位组名称',
  `roleDesc` varchar(50) NOT NULL COMMENT '岗位组描述',
  `roleType` int(11) DEFAULT NULL COMMENT '0/1 系统岗位组/业务岗位组',
  `createTime` varchar(20) DEFAULT NULL COMMENT '创建时间',
  `updateTime` varchar(20) DEFAULT NULL COMMENT '修改时间',
  `isdelete` int(11) NOT NULL DEFAULT '0' COMMENT '0未删除 1已删除',
  PRIMARY KEY (`roleID`)
) ENGINE=InnoDB AUTO_INCREMENT=29 DEFAULT CHARSET=utf8 COMMENT='用户角色表(sa_roleInfo)';

#
# Structure for the `sa_functionright` table : 
#

CREATE TABLE `sa_functionright` (
  `ID` int(11) NOT NULL AUTO_INCREMENT COMMENT 'id',
  `roleID` int(11) NOT NULL COMMENT '角色id',
  `functionID` int(11) NOT NULL COMMENT '功能id',
  PRIMARY KEY (`ID`),
  KEY `roleID` (`roleID`),
  KEY `functionID` (`functionID`),
  CONSTRAINT `sa_functionright_fk` FOREIGN KEY (`roleID`) REFERENCES `sa_roleinfo` (`roleID`),
  CONSTRAINT `sa_functionright_fk1` FOREIGN KEY (`functionID`) REFERENCES `sa_functioninfo` (`functionID`)
) ENGINE=InnoDB DEFAULT CHARSET=utf8 COMMENT='功能权限表(sa_functionright)';

#
# Structure for the `sa_logs` table : 
#

CREATE TABLE `sa_logs` (
  `id` int(11) NOT NULL AUTO_INCREMENT COMMENT '日志编号',
  `username` varchar(20) DEFAULT NULL COMMENT '用户名',
  `ip` varchar(20) DEFAULT NULL COMMENT '登录IP',
  `logtime` datetime DEFAULT NULL COMMENT '登录时间',
  PRIMARY KEY (`id`)
) ENGINE=MyISAM AUTO_INCREMENT=15425 DEFAULT CHARSET=utf8 COMMENT='系统用户登录记录';

#
# Structure for the `sa_menuinfo` table : 
#

CREATE TABLE `sa_menuinfo` (
  `ID` bigint(20) NOT NULL AUTO_INCREMENT,
  `PARENT_NAME` varchar(30) DEFAULT NULL,
  `NAME` varchar(30) NOT NULL,
  `TITLE` varchar(30) DEFAULT NULL,
  `DESCRIPTION` varchar(50) DEFAULT NULL,
  `LOCATION` varchar(255) DEFAULT NULL,
  `TARGET` varchar(10) DEFAULT NULL,
  `ONCLICK` varchar(100) DEFAULT NULL,
  `ONMOUSEOVER` varchar(100) DEFAULT NULL,
  `ONMOUSEOUT` varchar(100) DEFAULT NULL,
  `IMAGE` varchar(50) DEFAULT NULL,
  `ALTIMAGE` varchar(30) DEFAULT NULL COMMENT '0.前后台均显示 1.前台显示 2.后台显示 3.前台快捷方式',
  `TOOLTIP` varchar(100) DEFAULT NULL,
  PRIMARY KEY (`ID`)
) ENGINE=InnoDB AUTO_INCREMENT=403 DEFAULT CHARSET=utf8;

#
# Structure for the `sa_permissiondetaildocbase` table : 
#

CREATE TABLE `sa_permissiondetaildocbase` (
  `id` int(11) NOT NULL AUTO_INCREMENT COMMENT '表主键id',
  `ruleid` int(11) DEFAULT NULL COMMENT '文档规则id',
  `objid` int(11) DEFAULT NULL COMMENT '文档对象或文档模板id',
  `objtable` varchar(32) DEFAULT NULL COMMENT '文档对象表',
  `userid` int(11) DEFAULT NULL COMMENT '人员id,对此人员的,给予操作的权限',
  `minseclevel` int(4) DEFAULT NULL COMMENT '最低安全级别',
  `maxseclevel` int(4) DEFAULT NULL COMMENT '最高安全级别',
  `opttype` int(4) DEFAULT NULL COMMENT '操作类型：2,创建 3,查看 15,编辑 105,删除 165,管理员',
  `docattopttype` int(4) DEFAULT NULL COMMENT '文档附件操作类型：1,附件不查看 3,附件查看 15,附件下载 105,附件删除',
  `wfopttype` int(4) DEFAULT NULL COMMENT '流程操作类型',
  `col1` varchar(128) DEFAULT NULL,
  `col2` varchar(128) DEFAULT NULL,
  `col3` varchar(128) DEFAULT NULL,
  PRIMARY KEY (`id`)
) ENGINE=InnoDB DEFAULT CHARSET=utf8 COMMENT='文档权限详情表(sa_permissiondetaildocbase)';

#
# Structure for the `sa_permissionruledocbase` table : 
#

CREATE TABLE `sa_permissionruledocbase` (
  `id` int(11) NOT NULL AUTO_INCREMENT COMMENT '表主键id',
  `objid` int(11) DEFAULT NULL COMMENT '文档模板id或者文档id',
  `istype` int(1) DEFAULT NULL COMMENT '是否文档模板',
  `objtable` varchar(32) DEFAULT NULL COMMENT '文档对象表',
  `sharetype` int(11) DEFAULT NULL COMMENT '权限规则id',
  `roletype` int(1) DEFAULT NULL COMMENT '是否受岗位组作用域控制',
  `orgobjtype` int(11) DEFAULT NULL COMMENT '组织单元类型',
  `orgsharetype` int(11) DEFAULT NULL COMMENT '作用域：组织单元相关',
  `formfieldid` int(11) DEFAULT NULL COMMENT '相关字段id',
  `roleobjid` int(11) DEFAULT NULL COMMENT '岗位组id',
  `usersharetype` int(11) DEFAULT NULL COMMENT '作用域：不同级别岗位相关',
  `orgunittype` int(11) DEFAULT NULL COMMENT '作用域：指定组织范围内的组织单元结构',
  `orgmanager` int(1) DEFAULT NULL COMMENT '作用域：0,安全级别 1,组织负责岗位 2,上级管理岗位 3,指定岗位级别的上级管理岗位',
  `userobjtype` int(11) DEFAULT NULL COMMENT '人员类型：选项有指定人员，文档字段相关主作者',
  `orgobjid` int(11) DEFAULT NULL COMMENT '组织单元id',
  `userids` varchar(1000) DEFAULT NULL COMMENT '用户id集合',
  `minseclevel` int(4) DEFAULT NULL COMMENT '最低安全级别',
  `wfoperatornodeid` int(11) DEFAULT NULL COMMENT '流程操作节点id',
  `maxseclevel` int(4) DEFAULT NULL COMMENT '最大安全级别',
  `opttype` int(4) DEFAULT NULL COMMENT '操作类型：2,创建 3,查看 15,编辑 105,删除 165,管理员',
  `docattopttype` int(4) DEFAULT NULL COMMENT '文档附件操作类型：1,附件不查看 3,附件查看 15,附件下载 105,附件删除',
  `wfopttype` int(4) DEFAULT NULL COMMENT '流程操作类型',
  `stationobjtype` int(11) DEFAULT NULL COMMENT '和规则特定岗位相关选项，指定岗位、岗位字段相关、流程操作者相关、人力资源字段相关',
  `stationid` int(11) DEFAULT NULL COMMENT '岗位id',
  `orgreftype` int(11) DEFAULT NULL COMMENT '组织维度id',
  `col1` varchar(128) DEFAULT NULL,
  `col2` varchar(128) DEFAULT NULL,
  `col3` varchar(128) DEFAULT NULL,
  PRIMARY KEY (`id`)
) ENGINE=InnoDB DEFAULT CHARSET=utf8 COMMENT='文档权限规则表(sa_permissionruledocbase)';

#
# Structure for the `sa_post` table : 
#

CREATE TABLE `sa_post` (
  `postID` int(11) NOT NULL AUTO_INCREMENT COMMENT '岗位编号',
  `postName` varchar(50) NOT NULL COMMENT '岗位名称',
  `postDesc` varchar(200) DEFAULT NULL COMMENT '岗位描述',
  `postParentID` varchar(50) DEFAULT NULL COMMENT '上级岗位',
  `maxNum` int(11) DEFAULT NULL COMMENT '岗位最大人数',
  `roleID` varchar(2000) DEFAULT NULL COMMENT '角色编号',
  `col1` varchar(50) DEFAULT NULL COMMENT '预留字段1',
  `col2` varchar(50) DEFAULT NULL COMMENT '预留字段2',
  `col3` varchar(50) DEFAULT NULL COMMENT '预留字段3',
  `url` varchar(200) DEFAULT NULL COMMENT 'URL',
  `isExistChild` varchar(20) DEFAULT NULL COMMENT '是否存在子级',
  `image` varchar(20) DEFAULT NULL COMMENT '图片',
  `departID` int(11) NOT NULL COMMENT '部门编号',
  `isType` int(11) DEFAULT NULL COMMENT '0代表部门公司及集团1,代表岗位',
  PRIMARY KEY (`postID`)
) ENGINE=InnoDB AUTO_INCREMENT=81 DEFAULT CHARSET=utf8 COMMENT='用户岗位表(sa_post)';

CREATE TRIGGER `tr_makeDataUpateLog_ins_post` AFTER INSERT ON `sa_post`
  FOR EACH ROW
begin

    insert into `dataupdatelog` (tableName,recordId,action) values( 'sa_post',NEW.postID,'insert');
end;

CREATE TRIGGER `tr_makeDataUpateLog_upd_post` AFTER UPDATE ON `sa_post`
  FOR EACH ROW
begin

    insert into `dataupdatelog` (tableName,recordId,action) values( 'sa_post',old.postID,'update');
end;

CREATE TRIGGER `tr_makeDataUpateLog_del_post` AFTER DELETE ON `sa_post`
  FOR EACH ROW
begin

    insert into `dataupdatelog` (tableName,recordId,action) values( 'sa_post',old.postID,'delete');
end;

#
# Structure for the `sa_roleright` table : 
#

CREATE TABLE `sa_roleright` (
  `roleRightId` bigint(20) NOT NULL AUTO_INCREMENT COMMENT '角色权限id',
  `nodeID` int(11) DEFAULT NULL COMMENT '菜单编号外键sa_menuinfo',
  `roleID` int(11) DEFAULT NULL COMMENT '外键，roleInfo的roleId',
  PRIMARY KEY (`roleRightId`)
) ENGINE=InnoDB AUTO_INCREMENT=2380 DEFAULT CHARSET=utf8 COMMENT='角色权限表(sa_roleRight)';

#
# Structure for the `sa_selectitem` table : 
#

CREATE TABLE `sa_selectitem` (
  `id` int(11) NOT NULL AUTO_INCREMENT COMMENT '表主键id',
  `objname` varchar(32) DEFAULT NULL COMMENT '选择项名称',
  `objdesc` varchar(256) DEFAULT NULL COMMENT '选择项描述',
  `pid` int(11) DEFAULT NULL COMMENT '上级id',
  `typeid` int(11) DEFAULT NULL COMMENT '选择类型id',
  `dsporder` int(4) DEFAULT NULL COMMENT '选择项顺序',
  `col1` varchar(256) DEFAULT NULL,
  `col2` varchar(256) DEFAULT NULL,
  `col3` varchar(256) DEFAULT NULL,
  `isdelete` int(4) DEFAULT NULL,
  PRIMARY KEY (`id`)
) ENGINE=InnoDB DEFAULT CHARSET=utf8 COMMENT='选择项表(sa_selectitem)';

#
# Structure for the `sa_selectitemtype` table : 
#

CREATE TABLE `sa_selectitemtype` (
  `id` int(11) NOT NULL AUTO_INCREMENT COMMENT '表主键id',
  `objname` varchar(32) DEFAULT NULL COMMENT '选择类型名称',
  `pid` int(11) DEFAULT NULL COMMENT '上级id',
  `dsporder` int(4) DEFAULT NULL COMMENT '选择类型顺序',
  `col1` varchar(256) DEFAULT NULL,
  `col2` varchar(256) DEFAULT NULL,
  `col3` varchar(256) DEFAULT NULL,
  `isdelete` int(4) DEFAULT NULL COMMENT '0.未删 1.删除',
  PRIMARY KEY (`id`)
) ENGINE=InnoDB DEFAULT CHARSET=utf8 COMMENT='选择项类型表(sa_selectitemtype)';

#
# Structure for the `sa_setitem` table : 
#

CREATE TABLE `sa_setitem` (
  `id` int(11) NOT NULL AUTO_INCREMENT COMMENT '表主键id',
  `setitemtypeid` varchar(32) DEFAULT NULL COMMENT '设置类型id',
  `itemname` varchar(32) DEFAULT NULL COMMENT '设置项名称',
  `itemvalue` varchar(1000) DEFAULT NULL COMMENT '设置项值',
  `itemdesc` varchar(500) DEFAULT NULL COMMENT '设置项描述',
  `itemorder` int(4) DEFAULT NULL COMMENT '设置顺序',
  `col1` varchar(256) DEFAULT NULL,
  `col2` varchar(256) DEFAULT NULL,
  `col3` varchar(256) DEFAULT NULL,
  `labelid` varchar(32) DEFAULT NULL,
  `isdelete` int(4) DEFAULT NULL,
  PRIMARY KEY (`id`)
) ENGINE=InnoDB DEFAULT CHARSET=utf8 COMMENT='设置项表(sa_setitem)';

#
# Structure for the `sa_setitemtype` table : 
#

CREATE TABLE `sa_setitemtype` (
  `id` int(11) NOT NULL AUTO_INCREMENT COMMENT '表主键id',
  `itemtypename` varchar(32) DEFAULT NULL COMMENT '设置类型名称',
  `itemtypeorder` int(4) DEFAULT NULL COMMENT '设置类型顺序',
  `col1` varchar(256) DEFAULT NULL,
  `col2` varchar(256) DEFAULT NULL,
  `col3` varchar(256) DEFAULT NULL,
  `labelid` varchar(32) DEFAULT NULL,
  `isdelete` int(4) DEFAULT NULL,
  PRIMARY KEY (`id`)
) ENGINE=InnoDB DEFAULT CHARSET=utf8 COMMENT='设置类型表(sa_setitemtype)';

#
# Structure for the `sa_syspermreslink` table : 
#

CREATE TABLE `sa_syspermreslink` (
  `pemId` int(11) NOT NULL COMMENT '权限ID',
  `resId` int(11) NOT NULL COMMENT '资源ID'
) ENGINE=InnoDB DEFAULT CHARSET=utf8 COMMENT='权限、资源关联表(oa_syspermreslink)';

#
# Structure for the `sa_sysperms` table : 
#

CREATE TABLE `sa_sysperms` (
  `permId` int(11) NOT NULL AUTO_INCREMENT COMMENT '编号',
  `permname` varchar(32) NOT NULL COMMENT '权限标识',
  `operation` varchar(32) NOT NULL COMMENT '权限名称',
  `permdesc` varchar(512) NOT NULL COMMENT '权限描述',
  `objtype` varchar(20) DEFAULT NULL COMMENT '权限分类',
  `isdelete` int(11) DEFAULT NULL COMMENT '是否删除(0未删除 1已删除)',
  PRIMARY KEY (`permId`)
) ENGINE=InnoDB DEFAULT CHARSET=utf8 COMMENT='权限管理表(oa_sysperms)';

#
# Structure for the `sa_sysresource` table : 
#

CREATE TABLE `sa_sysresource` (
  `resId` int(11) NOT NULL AUTO_INCREMENT COMMENT '编号',
  `resname` varchar(32) NOT NULL COMMENT '资源名称',
  `restype` int(11) DEFAULT NULL COMMENT '类型（0.function 1.url）',
  `resstring` varchar(512) DEFAULT NULL COMMENT 'url',
  `pid` int(11) NOT NULL COMMENT '模块编号',
  `objtype` int(11) DEFAULT NULL COMMENT '资源类型 权限资源/日志资源',
  `resdesc` varchar(200) DEFAULT NULL COMMENT '资源描述',
  `logtype` int(11) DEFAULT NULL COMMENT '日志类型(新建/编辑/删除/查看)',
  `islog` int(11) DEFAULT NULL COMMENT '是否显示日志(0.表示显示 1.表示不显示)',
  `col1` varchar(11) DEFAULT NULL,
  `col2` varchar(11) DEFAULT NULL,
  `col3` varchar(11) DEFAULT NULL,
  PRIMARY KEY (`resId`)
) ENGINE=InnoDB DEFAULT CHARSET=utf8 COMMENT='资源管理表(oa_sysresource)';

#
# Structure for the `sa_sysrolepermlink` table : 
#

CREATE TABLE `sa_sysrolepermlink` (
  `roleId` int(11) DEFAULT NULL COMMENT '岗位组编号',
  `permId` int(11) DEFAULT NULL COMMENT '权限编号'
) ENGINE=InnoDB DEFAULT CHARSET=utf8 COMMENT='关联表(岗位组和权限)(oa_sysrolepermlink)';

#
# Structure for the `sa_sysuserrolelink` table : 
#

CREATE TABLE `sa_sysuserrolelink` (
  `id` int(11) NOT NULL AUTO_INCREMENT COMMENT '编号',
  `userId` int(11) DEFAULT NULL COMMENT '用户编号',
  `roleId` int(11) DEFAULT NULL COMMENT '岗位组编号',
  `userdepId` int(11) DEFAULT NULL COMMENT '组织编号',
  `postId` int(11) DEFAULT NULL COMMENT '岗位编号',
  PRIMARY KEY (`id`)
) ENGINE=InnoDB AUTO_INCREMENT=174 DEFAULT CHARSET=utf8 COMMENT='用户与岗位组关联表(oa_sysuserrolelink)';

#
# Structure for the `sa_userinfo` table : 
#

CREATE TABLE `sa_userinfo` (
  `userID` int(11) NOT NULL AUTO_INCREMENT COMMENT '用户id',
  `userName` varchar(50) NOT NULL COMMENT '用户名',
  `passWord` varchar(50) NOT NULL COMMENT '密码',
  `address` varchar(500) DEFAULT NULL COMMENT '地址',
  `roleID` varchar(500) DEFAULT NULL COMMENT '外键， RoleInfo的RoleId',
  `userState` int(11) NOT NULL COMMENT '0-正常，1-屏蔽',
  `departID` int(11) DEFAULT NULL COMMENT '外键，DepartInfo的DepartId',
  `isDelete` int(11) DEFAULT NULL COMMENT '0-未删除，1-删除',
  `userImage` varchar(50) DEFAULT NULL COMMENT '用户头像',
  `status` int(11) DEFAULT NULL COMMENT '0-离线1-在线2-忙碌3-离开',
  `realName` varchar(30) DEFAULT NULL COMMENT '真实姓名',
  `phone` varchar(30) DEFAULT NULL COMMENT '联系电话',
  `card` varchar(30) DEFAULT NULL COMMENT '身份证号码',
  `sex` varchar(10) DEFAULT NULL COMMENT '性别',
  `ismarried` varchar(10) DEFAULT NULL COMMENT '是否已婚',
  `isAdmin` int(11) DEFAULT NULL COMMENT '1,普通用户 0,超级管理',
  `nation` varchar(50) DEFAULT NULL COMMENT '名族',
  `origo` varchar(20) DEFAULT NULL COMMENT '籍贯',
  `pic` varchar(200) DEFAULT NULL COMMENT '照片',
  `mobile` varchar(20) DEFAULT NULL COMMENT '移动电话',
  `ortherTel` varchar(20) DEFAULT NULL COMMENT '其他电话',
  `intime` varchar(20) DEFAULT NULL COMMENT '入职时间',
  `outTime` varchar(20) DEFAULT NULL COMMENT '离职时间',
  `contractTime` varchar(20) DEFAULT NULL COMMENT '合同到期时间',
  `remark` varchar(250) DEFAULT NULL COMMENT '备注',
  `postID` varchar(20) DEFAULT NULL COMMENT '岗位',
  PRIMARY KEY (`userID`),
  KEY `roleID` (`roleID`(255)),
  KEY `departID` (`departID`),
  CONSTRAINT `sa_userinfo_fk1` FOREIGN KEY (`departID`) REFERENCES `sa_departinfo` (`departID`)
) ENGINE=InnoDB AUTO_INCREMENT=61 DEFAULT CHARSET=utf8 COMMENT='sa_userinfo(员工信息表)';

#
# Structure for the `salesinfo` table : 
#

CREATE TABLE `salesinfo` (
  `salesnotecode` varchar(32) NOT NULL COMMENT '销售单编号',
  `returnmoney` decimal(9,2) DEFAULT NULL COMMENT '找零金额',
  `paymoney` decimal(9,2) DEFAULT NULL COMMENT '客户支付',
  `chargemoney` decimal(9,2) DEFAULT NULL COMMENT '应收金额',
  `discountmoney` decimal(9,2) DEFAULT NULL COMMENT '折让金额',
  `totalmoney` decimal(9,2) DEFAULT NULL COMMENT '销售金额',
  `salesnum` int(11) DEFAULT NULL COMMENT '销售数量',
  `deptno` int(11) DEFAULT NULL COMMENT '单位编号',
  `salestime` datetime DEFAULT NULL COMMENT '销售时间',
  PRIMARY KEY (`salesnotecode`)
) ENGINE=InnoDB DEFAULT CHARSET=gbk;

#
# Structure for the `salesinfodetail` table : 
#

CREATE TABLE `salesinfodetail` (
  `sidid` int(11) NOT NULL AUTO_INCREMENT COMMENT '销售单明细表主键',
  `salesnotecode` varchar(32) DEFAULT NULL COMMENT '销售单编号',
  `goodscode` varchar(32) DEFAULT NULL COMMENT '商品编码',
  `goodsname` varchar(128) DEFAULT NULL COMMENT '商品名称',
  `price` decimal(9,2) DEFAULT NULL COMMENT '零售价格',
  `salesnum` int(11) DEFAULT NULL COMMENT '销售数量',
  `discount` decimal(4,2) DEFAULT NULL COMMENT '折扣',
  `money` decimal(9,0) DEFAULT NULL COMMENT '金额',
  `salestime` time DEFAULT NULL COMMENT '销售时间',
  PRIMARY KEY (`sidid`)
) ENGINE=InnoDB AUTO_INCREMENT=11111112 DEFAULT CHARSET=gbk;

#
# Structure for the `serialnumber` table : 
#

CREATE TABLE `serialnumber` (
  `id` int(11) NOT NULL AUTO_INCREMENT COMMENT '表主键id',
  `serialname` varchar(32) DEFAULT NULL COMMENT '类似  **-yyyyMMdd  ',
  `maxid` int(4) DEFAULT NULL COMMENT '当前最大值',
  PRIMARY KEY (`id`)
) ENGINE=InnoDB AUTO_INCREMENT=333 DEFAULT CHARSET=utf8 COMMENT='流水编号(serialnumber)';

#
# Structure for the `supplynote` table : 
#

CREATE TABLE `supplynote` (
  `supplynotecode` varchar(32) NOT NULL COMMENT '补货单编号',
  `deptcode` int(11) DEFAULT NULL COMMENT '单位编号（门店，加盟）',
  `indate` date DEFAULT NULL COMMENT '制单日期',
  `makeman` varchar(32) DEFAULT NULL COMMENT '申请人',
  `departid` int(11) DEFAULT NULL COMMENT '行政部编号(领用)',
  `makeunit` varchar(32) DEFAULT NULL COMMENT '申请单位名称',
  `unitclass` varchar(32) DEFAULT NULL COMMENT '零售单位类别0门店1加盟店2团购3行政',
  `issubmit` int(11) DEFAULT '0' COMMENT '是否提交（0.未提交 1.提交）',
  `isdowith` int(11) DEFAULT '0' COMMENT '是否处理（0.未处理 1.发货）',
  `isagreed` int(11) DEFAULT NULL COMMENT '加盟部是否通过',
  `submitdate` date DEFAULT NULL COMMENT '提交日期',
  `isoccupy` int(11) DEFAULT '0' COMMENT '是否占用0未占用1占用',
  `salerecid` varchar(32) DEFAULT NULL COMMENT '销售记录编号',
  `isSign` varchar(20) DEFAULT '0' COMMENT '是否签收0未签收1签收',
  `checkindate` date DEFAULT NULL COMMENT '签收日期',
  `ismakeinvoice` varchar(20) DEFAULT '0' COMMENT '0.未开票1.已开票',
  `ispayment` varchar(20) DEFAULT '0' COMMENT '0.未付款1.已付款',
  `lingyongid` varchar(32) DEFAULT NULL COMMENT '领货记录编号',
  PRIMARY KEY (`supplynotecode`),
  KEY `FK_Relationship_7` (`deptcode`),
  CONSTRAINT `FK_Relationship_7` FOREIGN KEY (`deptcode`) REFERENCES `saleunitinfo` (`deptcode`)
) ENGINE=InnoDB DEFAULT CHARSET=gbk;

#
# Structure for the `supplynotedetail` table : 
#

CREATE TABLE `supplynotedetail` (
  `sndid` int(11) NOT NULL AUTO_INCREMENT COMMENT '主键',
  `supplynotecode` varchar(32) DEFAULT NULL COMMENT '补货单编号',
  `goodnum` varchar(32) DEFAULT NULL COMMENT '商品编码',
  `goodname` varchar(128) DEFAULT NULL COMMENT '商品名称',
  `saleprice` decimal(9,2) DEFAULT NULL COMMENT '零售价',
  `number` int(11) NOT NULL COMMENT '补货数量',
  `occupynum` int(11) DEFAULT NULL COMMENT '占用数量',
  `allownum` int(11) DEFAULT NULL COMMENT '批准数量(对于加盟店补货 字段allownum为初始的补货数量字段number为审批后的数量)',
  PRIMARY KEY (`sndid`),
  KEY `FK_Relationship_1` (`supplynotecode`),
  CONSTRAINT `FK_Relationship_1` FOREIGN KEY (`supplynotecode`) REFERENCES `supplynote` (`supplynotecode`)
) ENGINE=InnoDB AUTO_INCREMENT=372 DEFAULT CHARSET=gbk;

#
# Structure for the `teambuyerinfo` table : 
#

CREATE TABLE `teambuyerinfo` (
  `custcode` int(11) NOT NULL AUTO_INCREMENT COMMENT '客户编码',
  `custname` varchar(64) DEFAULT NULL COMMENT '客户名称',
  `address` varchar(256) DEFAULT NULL COMMENT '通讯地址',
  `mobile` char(11) DEFAULT NULL COMMENT '手机',
  `phone` char(11) DEFAULT NULL COMMENT '电话',
  `remark` varchar(256) DEFAULT NULL COMMENT '备注',
  `postcode` char(6) DEFAULT NULL COMMENT '邮政编码',
  `fax` char(11) DEFAULT NULL COMMENT '传真',
  `deptcode` int(11) DEFAULT NULL COMMENT '单位编号',
  `deptname` varchar(32) DEFAULT NULL COMMENT '单位名称',
  PRIMARY KEY (`custcode`)
) ENGINE=InnoDB AUTO_INCREMENT=2 DEFAULT CHARSET=gbk;

#
# Structure for the `teamsalesinfo` table : 
#

CREATE TABLE `teamsalesinfo` (
  `salerecid` varchar(32) NOT NULL COMMENT '销售记录编号',
  `salesdate` date DEFAULT NULL COMMENT '销售日期',
  `custid` int(11) DEFAULT NULL COMMENT '客户编号',
  `customer` varchar(128) DEFAULT NULL COMMENT '客户',
  `makeman` varchar(32) DEFAULT NULL COMMENT '申请人',
  `status` int(11) DEFAULT '0' COMMENT '状态(0新建1等待发货2已经发货3等待退货4已经退货5等待开票6已经开票7结单)',
  `workstatus` int(11) DEFAULT '0' COMMENT '处理状态(0未处理1已处理)',
  `remark` varchar(256) DEFAULT NULL COMMENT '备注',
  `isoutgoods` int(11) DEFAULT '0' COMMENT '是否已发货(0未发货,1已发货,2已申请)',
  `isreturngoods` int(11) DEFAULT '0' COMMENT '是否已退货(0未退货,1已退货,2已申请)',
  `ismakeinvoice` int(11) DEFAULT '0' COMMENT '是否已开票(0未开票,1已开票,2已申请)',
  `deptcode` int(11) DEFAULT NULL COMMENT '单位编号',
  `deptname` varchar(32) DEFAULT NULL COMMENT '单位名称',
  `discount` decimal(4,2) DEFAULT NULL COMMENT '折扣',
  `realityprice` decimal(9,2) DEFAULT NULL COMMENT '实际收入',
  `isgiftgoods` int(11) DEFAULT NULL COMMENT '赠品是否补货(0未补货1已申请2已补货)',
  PRIMARY KEY (`salerecid`)
) ENGINE=InnoDB DEFAULT CHARSET=gbk;

#
# Structure for the `teamsalesdetail` table : 
#

CREATE TABLE `teamsalesdetail` (
  `tsdid` int(11) NOT NULL AUTO_INCREMENT COMMENT '明细表编号',
  `salerecid` varchar(32) DEFAULT NULL COMMENT '销售记录编号',
  `goodscode` varchar(32) DEFAULT NULL COMMENT '商品编码',
  `goodsname` varchar(128) DEFAULT NULL COMMENT '商品名称',
  `initnum` int(11) DEFAULT NULL COMMENT '初始数量',
  `returnnum` int(11) DEFAULT NULL COMMENT '退货数量',
  `validnum` int(11) DEFAULT NULL COMMENT '有效数量',
  `saleprice` decimal(9,2) DEFAULT NULL COMMENT '零售价',
  `buyprice` decimal(9,2) DEFAULT NULL COMMENT '进货价',
  `sum` decimal(9,2) DEFAULT NULL COMMENT '供货小计',
  `discount` decimal(4,2) DEFAULT NULL COMMENT '折扣',
  `totalprice` decimal(9,2) DEFAULT NULL COMMENT '总价',
  `totalbenefit` decimal(9,2) DEFAULT NULL COMMENT '毛利润',
  PRIMARY KEY (`tsdid`),
  KEY `FK_Relationship_14` (`salerecid`),
  CONSTRAINT `FK_Relationship_14` FOREIGN KEY (`salerecid`) REFERENCES `teamsalesinfo` (`salerecid`)
) ENGINE=InnoDB AUTO_INCREMENT=3 DEFAULT CHARSET=gbk;

#
# Structure for the `teamstock` table : 
#

CREATE TABLE `teamstock` (
  `deptcode` int(11) DEFAULT NULL COMMENT '单位编号',
  `goodnum` varchar(32) DEFAULT NULL COMMENT '商品编号',
  `goodname` varchar(128) DEFAULT NULL COMMENT '商品名称',
  `beforedaystock` int(11) DEFAULT NULL COMMENT '前一天结存',
  `everydaystock` int(11) DEFAULT NULL COMMENT '每日结存',
  `beforemonthstock` int(11) DEFAULT NULL COMMENT '前一月结存',
  `lastmonthstock` int(11) DEFAULT NULL COMMENT '上一月结存'
) ENGINE=InnoDB DEFAULT CHARSET=gbk;

#
# Structure for the `totalstock` table : 
#

CREATE TABLE `totalstock` (
  `goodcode` varchar(32) NOT NULL COMMENT '商品编码',
  `goodname` varchar(128) NOT NULL COMMENT '商品名称',
  `number` int(11) DEFAULT '0' COMMENT '商品库存数量',
  `money` decimal(9,2) DEFAULT '0.00' COMMENT '对应某种商品总金额',
  `locknum` int(11) DEFAULT '0' COMMENT '锁定数量',
  `validnum` int(11) DEFAULT '0' COMMENT '有效数量',
  `lowlimit` int(11) DEFAULT '0' COMMENT '下限数量',
  `recentdate` date DEFAULT NULL COMMENT '最新更新时间',
  `remark` varchar(256) DEFAULT NULL COMMENT '备注',
  `beforemonthstore` int(11) DEFAULT NULL COMMENT '前月结存',
  `lastmonthstore` int(11) DEFAULT NULL COMMENT '上月结存'
) ENGINE=InnoDB DEFAULT CHARSET=gbk;

CREATE TRIGGER `tr_checkStocknum_addAlertInfo` AFTER UPDATE ON `totalstock`
  FOR EACH ROW
begin
    set @recdate = NULL;
    set @curdate = null;
    set @isplan = 0;
    select CURDATE() into @curdate;
    if(new.lowlimit !=0 && new.lowlimit is not null) then

        if(new.number < new.lowlimit || new.number=new.lowlimit) then
           select DATE(alerttime) into @recdate from `alertinfo` where goodcode=new.goodcode ;
           select isplanedbuy into @isplan  from `alertinfo` where goodcode=new.goodcode;
           if (@recdate is null ) then
              insert into `alertinfo`(goodcode,goodname,number,lowlimit) values (NEW.goodcode,new.goodname,new.number,new.lowlimit);

           ELSEIF(@recdate != CURDATE() && @isplan = 0) THEN
               update `alertinfo` a set a.goodname=new.goodname,a.number = new.number,a.lowlimit = new.lowlimit,a.isviewed = 0 where a.goodcode = new.goodcode;

           end if;
        end if;
    end if;

end;

#
# Data for the `dataupdatelog` table  (LIMIT 0,500)
#

INSERT INTO `dataupdatelog` (`id`, `tableName`, `recordId`, `action`, `actiontime`) VALUES 
  (10738,'producerinfo','65','delete','2012-05-31 09:53:07'),
  (10739,'producerinfo','66','delete','2012-05-31 09:53:07'),
  (10740,'producerinfo','67','delete','2012-05-31 09:53:07'),
  (10741,'producerinfo','68','delete','2012-05-31 09:53:07'),
  (10742,'producerinfo','69','delete','2012-05-31 09:53:07'),
  (10743,'producerinfo','70','delete','2012-05-31 09:53:07'),
  (10744,'producerinfo','71','delete','2012-05-31 09:53:07'),
  (10745,'producerinfo','72','delete','2012-05-31 09:53:07'),
  (10746,'producerinfo','73','delete','2012-05-31 09:53:07'),
  (10747,'producerinfo','74','delete','2012-05-31 09:53:07'),
  (10748,'producerinfo','75','delete','2012-05-31 09:53:07'),
  (10749,'producerinfo','76','delete','2012-05-31 09:53:07'),
  (10750,'producerinfo','77','delete','2012-05-31 09:53:07'),
  (10751,'producerinfo','78','delete','2012-05-31 09:53:07'),
  (10752,'producerinfo','79','delete','2012-05-31 09:53:07'),
  (10753,'producerinfo','80','delete','2012-05-31 09:53:07'),
  (10754,'producerinfo','81','delete','2012-05-31 09:53:07'),
  (10755,'producerinfo','82','delete','2012-05-31 09:53:07'),
  (10756,'good_class','137','delete','2012-05-31 17:08:48'),
  (10757,'good_class','138','delete','2012-05-31 17:08:52'),
  (10758,'good_class','139','delete','2012-05-31 17:08:55'),
  (10759,'good_class','140','delete','2012-05-31 17:08:55'),
  (10760,'good_class','141','delete','2012-05-31 17:08:55'),
  (10761,'good_class','142','delete','2012-05-31 17:08:55'),
  (10762,'sa_departinfo','300','update','2012-06-01 09:25:25'),
  (10763,'sa_departinfo','300','update','2012-06-01 09:25:32'),
  (10764,'sa_departinfo','300','update','2012-06-01 09:28:07'),
  (10765,'sa_userinfo','25','update','2012-06-01 11:14:50'),
  (10766,'sa_userinfo','25','update','2012-06-01 11:17:17'),
  (10767,'sa_userinfo','38','update','2012-06-01 12:26:40'),
  (10768,'sa_userinfo','36','update','2012-06-01 12:27:06'),
  (10769,'sa_userinfo','35','update','2012-06-01 12:27:14'),
  (10770,'sa_userinfo','33','update','2012-06-01 12:27:23'),
  (10771,'sa_userinfo','29','update','2012-06-01 12:27:38'),
  (10772,'sa_userinfo','34','update','2012-06-01 12:29:42'),
  (10773,'sa_userinfo','27','update','2012-06-01 12:31:23'),
  (10774,'sa_userinfo','26','update','2012-06-01 12:31:38'),
  (10775,'sa_userinfo','25','update','2012-06-01 12:31:48'),
  (10776,'sa_userinfo','30','update','2012-06-01 12:31:55'),
  (10777,'sa_departinfo','301','insert','2012-06-01 12:37:47'),
  (10778,'sa_departinfo','220','update','2012-06-01 12:37:48'),
  (10779,'sa_post','58','insert','2012-06-01 12:39:20'),
  (10780,'sa_departinfo','301','update','2012-06-01 12:39:20'),
  (10781,'sa_userinfo','39','insert','2012-06-01 12:41:47'),
  (10782,'sa_userinfo','40','insert','2012-06-01 12:43:10'),
  (10783,'sa_userinfo','41','insert','2012-06-01 12:45:49'),
  (10784,'sa_post','59','insert','2012-06-01 12:46:48'),
  (10785,'sa_departinfo','281','update','2012-06-01 12:46:48'),
  (10786,'sa_userinfo','42','insert','2012-06-01 12:48:02'),
  (10787,'sa_userinfo','42','update','2012-06-01 12:48:29'),
  (10788,'sa_post','60','insert','2012-06-01 12:49:15'),
  (10789,'sa_departinfo','281','update','2012-06-01 12:49:15'),
  (10790,'sa_userinfo','43','insert','2012-06-01 12:51:03'),
  (10791,'sa_userinfo','44','insert','2012-06-01 12:52:12'),
  (10792,'sa_post','56','update','2012-06-01 12:54:31'),
  (10793,'sa_post','55','update','2012-06-01 12:55:13'),
  (10794,'sa_userinfo','45','insert','2012-06-01 12:57:02'),
  (10795,'sa_post','43','update','2012-06-01 12:57:29'),
  (10796,'sa_userinfo','46','insert','2012-06-01 12:58:32'),
  (10797,'sa_post','61','insert','2012-06-01 12:59:36'),
  (10798,'sa_departinfo','299','update','2012-06-01 12:59:36'),
  (10799,'sa_userinfo','47','insert','2012-06-01 13:00:35'),
  (10800,'sa_post','41','update','2012-06-01 13:01:18'),
  (10801,'sa_userinfo','48','insert','2012-06-01 13:02:06'),
  (10802,'sa_userinfo','49','insert','2012-06-01 13:03:24'),
  (10803,'sa_post','62','insert','2012-06-01 13:03:51'),
  (10804,'sa_departinfo','280','update','2012-06-01 13:03:51'),
  (10805,'sa_userinfo','50','insert','2012-06-01 13:04:30'),
  (10806,'sa_post','50','update','2012-06-01 13:04:58'),
  (10807,'sa_userinfo','51','insert','2012-06-01 13:05:54'),
  (10808,'sa_post','63','insert','2012-06-01 13:06:26'),
  (10809,'sa_departinfo','293','update','2012-06-01 13:06:26'),
  (10810,'sa_userinfo','52','insert','2012-06-01 13:07:19'),
  (10811,'sa_post','44','update','2012-06-01 13:08:32'),
  (10812,'sa_post','64','insert','2012-06-01 13:09:03'),
  (10813,'sa_departinfo','285','update','2012-06-01 13:09:03'),
  (10814,'sa_departinfo','294','update','2012-06-01 13:10:49'),
  (10815,'sa_departinfo','302','insert','2012-06-01 13:11:54'),
  (10816,'sa_departinfo','285','update','2012-06-01 13:11:54'),
  (10817,'sa_post','51','update','2012-06-01 13:12:30'),
  (10818,'sa_post','65','insert','2012-06-01 13:13:30'),
  (10819,'sa_departinfo','294','update','2012-06-01 13:13:30'),
  (10820,'sa_post','66','insert','2012-06-01 13:14:02'),
  (10821,'sa_departinfo','302','update','2012-06-01 13:14:02'),
  (10822,'sa_post','51','update','2012-06-01 13:14:37'),
  (10823,'sa_userinfo','53','insert','2012-06-01 13:15:16'),
  (10824,'sa_userinfo','54','insert','2012-06-01 13:16:31'),
  (10825,'sa_userinfo','55','insert','2012-06-01 13:17:23'),
  (10826,'sa_userinfo','56','insert','2012-06-01 13:20:36'),
  (10827,'sa_userinfo','1','update','2012-06-01 13:21:42'),
  (10828,'sa_post','54','update','2012-06-01 13:44:43'),
  (10829,'sa_post','54','update','2012-06-01 13:58:32'),
  (10830,'sa_userinfo','57','insert','2012-06-01 14:00:13'),
  (10831,'sa_userinfo','34','update','2012-06-01 14:04:36'),
  (10832,'sa_userinfo','53','update','2012-06-01 14:11:45'),
  (10833,'sa_userinfo','55','update','2012-06-01 14:18:27'),
  (10834,'sa_userinfo','54','update','2012-06-01 14:21:12'),
  (10835,'sa_userinfo','33','update','2012-06-01 14:23:52'),
  (10836,'sa_userinfo','51','update','2012-06-01 14:24:13'),
  (10837,'sa_userinfo','52','update','2012-06-01 14:26:36'),
  (10838,'sa_userinfo','52','update','2012-06-01 14:33:12'),
  (10839,'sa_userinfo','26','update','2012-06-01 14:51:51'),
  (10840,'sa_userinfo','41','update','2012-06-01 14:52:23'),
  (10841,'sa_post','42','update','2012-06-01 14:53:14'),
  (10842,'sa_userinfo','42','update','2012-06-01 14:53:42'),
  (10843,'sa_userinfo','44','update','2012-06-01 14:54:04'),
  (10844,'sa_userinfo','43','update','2012-06-01 14:54:04'),
  (10845,'sa_userinfo','29','update','2012-06-01 14:58:10'),
  (10846,'sa_userinfo','51','update','2012-06-01 14:58:33'),
  (10847,'sa_userinfo','38','update','2012-06-01 14:59:08'),
  (10848,'sa_userinfo','45','update','2012-06-01 14:59:48'),
  (10849,'sa_userinfo','47','update','2012-06-01 15:03:43'),
  (10850,'sa_userinfo','35','update','2012-06-01 15:20:31'),
  (10851,'sa_userinfo','57','update','2012-06-01 15:20:51'),
  (10852,'sa_userinfo','36','update','2012-06-01 15:21:21'),
  (10853,'sa_userinfo','40','update','2012-06-01 15:21:35'),
  (10854,'sa_userinfo','25','update','2012-06-01 15:22:11'),
  (10855,'sa_userinfo','48','update','2012-06-01 15:22:39'),
  (10856,'sa_userinfo','49','update','2012-06-01 15:23:43'),
  (10857,'sa_userinfo','50','update','2012-06-01 15:24:30'),
  (10858,'sa_userinfo','56','update','2012-06-01 15:49:33'),
  (10859,'sa_departinfo','303','insert','2012-06-01 15:59:16'),
  (10860,'sa_departinfo','302','update','2012-06-01 15:59:16'),
  (10861,'sa_departinfo','300','update','2012-06-01 16:16:23'),
  (10862,'sa_userinfo','58','insert','2012-06-01 16:26:16'),
  (10863,'sa_userinfo','59','insert','2012-06-01 16:28:13'),
  (10864,'sa_userinfo','52','update','2012-06-01 16:33:02'),
  (10865,'sa_userinfo','59','update','2012-06-01 16:33:15'),
  (10866,'sa_userinfo','51','update','2012-06-01 16:34:15'),
  (10867,'sa_userinfo','58','update','2012-06-01 16:34:32'),
  (10868,'sa_departinfo','300','update','2012-06-02 00:33:09'),
  (10869,'sa_departinfo','304','insert','2012-06-02 00:33:51'),
  (10870,'sa_departinfo','299','update','2012-06-02 00:33:51'),
  (10871,'sa_departinfo','305','insert','2012-06-02 00:34:37'),
  (10872,'sa_departinfo','299','update','2012-06-02 00:34:37'),
  (10873,'sa_departinfo','306','insert','2012-06-02 00:35:02'),
  (10874,'sa_departinfo','299','update','2012-06-02 00:35:02'),
  (10875,'sa_departinfo','307','insert','2012-06-02 00:35:24'),
  (10876,'sa_departinfo','299','update','2012-06-02 00:35:24'),
  (10877,'sa_departinfo','308','insert','2012-06-02 00:35:57'),
  (10878,'sa_departinfo','299','update','2012-06-02 00:35:57'),
  (10879,'sa_post','67','insert','2012-06-02 00:36:22'),
  (10880,'sa_departinfo','304','update','2012-06-02 00:36:23'),
  (10881,'sa_post','68','insert','2012-06-02 00:36:36'),
  (10882,'sa_departinfo','305','update','2012-06-02 00:36:36'),
  (10883,'sa_post','69','insert','2012-06-02 00:36:52'),
  (10884,'sa_departinfo','306','update','2012-06-02 00:36:52'),
  (10885,'sa_post','70','insert','2012-06-02 00:37:05'),
  (10886,'sa_departinfo','307','update','2012-06-02 00:37:05'),
  (10887,'sa_post','71','insert','2012-06-02 00:37:19'),
  (10888,'sa_departinfo','308','update','2012-06-02 00:37:19'),
  (10889,'sa_departinfo','295','update','2012-06-02 00:38:24'),
  (10890,'sa_departinfo','296','update','2012-06-02 00:38:44'),
  (10891,'sa_departinfo','309','insert','2012-06-02 00:39:34'),
  (10892,'sa_departinfo','294','update','2012-06-02 00:39:34'),
  (10893,'sa_departinfo','310','insert','2012-06-02 00:40:02'),
  (10894,'sa_departinfo','294','update','2012-06-02 00:40:02'),
  (10895,'sa_departinfo','311','insert','2012-06-02 00:40:33'),
  (10896,'sa_departinfo','294','update','2012-06-02 00:40:33'),
  (10897,'sa_departinfo','312','insert','2012-06-02 00:40:57'),
  (10898,'sa_departinfo','294','update','2012-06-02 00:40:57'),
  (10899,'sa_departinfo','313','insert','2012-06-02 00:42:48'),
  (10900,'sa_departinfo','294','update','2012-06-02 00:42:49'),
  (10901,'sa_departinfo','314','insert','2012-06-02 00:43:21'),
  (10902,'sa_departinfo','294','update','2012-06-02 00:43:21'),
  (10903,'sa_post','72','insert','2012-06-02 00:44:14'),
  (10904,'sa_departinfo','309','update','2012-06-02 00:44:14'),
  (10905,'sa_post','73','insert','2012-06-02 00:44:27'),
  (10906,'sa_departinfo','310','update','2012-06-02 00:44:27'),
  (10907,'sa_post','74','insert','2012-06-02 00:45:08'),
  (10908,'sa_departinfo','311','update','2012-06-02 00:45:08'),
  (10909,'sa_post','75','insert','2012-06-02 00:45:34'),
  (10910,'sa_departinfo','312','update','2012-06-02 00:45:34'),
  (10911,'sa_post','76','insert','2012-06-02 00:48:43'),
  (10912,'sa_departinfo','313','update','2012-06-02 00:48:43'),
  (10913,'sa_post','77','insert','2012-06-02 00:48:59'),
  (10914,'sa_departinfo','314','update','2012-06-02 00:48:59'),
  (10915,'sa_departinfo','303','update','2012-06-02 00:50:20'),
  (10916,'sa_departinfo','315','insert','2012-06-02 00:51:10'),
  (10917,'sa_departinfo','302','update','2012-06-02 00:51:11'),
  (10918,'sa_departinfo','316','insert','2012-06-02 00:51:41'),
  (10919,'sa_departinfo','302','update','2012-06-02 00:51:42'),
  (10920,'sa_post','78','insert','2012-06-02 00:52:57'),
  (10921,'sa_departinfo','303','update','2012-06-02 00:52:57'),
  (10922,'sa_post','79','insert','2012-06-02 00:53:23'),
  (10923,'sa_departinfo','315','update','2012-06-02 00:53:23'),
  (10924,'sa_post','80','insert','2012-06-02 00:54:25'),
  (10925,'sa_departinfo','316','update','2012-06-02 00:54:25'),
  (10926,'sa_userinfo','49','update','2012-06-04 10:27:35'),
  (10927,'producerinfo','83','insert','2012-06-06 12:24:55'),
  (10928,'good_class','143','insert','2012-06-06 12:24:56'),
  (10929,'goodsinfo','P00001-1','insert','2012-06-06 12:24:56'),
  (10930,'goodsinfo','P00001-2','insert','2012-06-06 12:24:56'),
  (10931,'goodsinfo','P00001-3','insert','2012-06-06 12:24:56'),
  (10932,'goodsinfo','P00001-4','insert','2012-06-06 12:24:56'),
  (10933,'goodsinfo','P00001-5','insert','2012-06-06 12:24:56'),
  (10934,'goodsinfo','P00002-1','insert','2012-06-06 12:24:56'),
  (10935,'goodsinfo','P00002-2','insert','2012-06-06 12:24:56'),
  (10936,'goodsinfo','P00002-3','insert','2012-06-06 12:24:56'),
  (10937,'goodsinfo','P00002-4','insert','2012-06-06 12:24:56'),
  (10938,'goodsinfo','P00002-5','insert','2012-06-06 12:24:56'),
  (10939,'goodsinfo','P00003-1','insert','2012-06-06 12:24:56'),
  (10940,'goodsinfo','P00003-2','insert','2012-06-06 12:24:56'),
  (10941,'goodsinfo','P00003-3','insert','2012-06-06 12:24:56'),
  (10942,'goodsinfo','P00003-4','insert','2012-06-06 12:24:56'),
  (10943,'goodsinfo','P00003-5','insert','2012-06-06 12:24:56'),
  (10944,'goodsinfo','P00004-1','insert','2012-06-06 12:24:56'),
  (10945,'goodsinfo','P00004-2','insert','2012-06-06 12:24:56'),
  (10946,'goodsinfo','P00004-3','insert','2012-06-06 12:24:56'),
  (10947,'goodsinfo','P00004-4','insert','2012-06-06 12:24:56'),
  (10948,'goodsinfo','P00004-5','insert','2012-06-06 12:24:56'),
  (10949,'goodsinfo','P00005-1','insert','2012-06-06 12:24:56'),
  (10950,'goodsinfo','P00005-2','insert','2012-06-06 12:24:56'),
  (10951,'goodsinfo','P00005-3','insert','2012-06-06 12:24:56'),
  (10952,'goodsinfo','P00005-4','insert','2012-06-06 12:24:56'),
  (10953,'goodsinfo','P00005-5','insert','2012-06-06 12:24:56'),
  (10954,'goodsinfo','P00006-1','insert','2012-06-06 12:24:56'),
  (10955,'goodsinfo','P00006-2','insert','2012-06-06 12:24:57'),
  (10956,'goodsinfo','P00006-3','insert','2012-06-06 12:24:57'),
  (10957,'goodsinfo','P00006-4','insert','2012-06-06 12:24:57'),
  (10958,'goodsinfo','P00006-5','insert','2012-06-06 12:24:57'),
  (10959,'goodsinfo','P00007-1','insert','2012-06-06 12:24:57'),
  (10960,'goodsinfo','P00007-2','insert','2012-06-06 12:24:57'),
  (10961,'goodsinfo','P00007-3','insert','2012-06-06 12:24:57'),
  (10962,'goodsinfo','P00007-4','insert','2012-06-06 12:24:57'),
  (10963,'goodsinfo','P00007-5','insert','2012-06-06 12:24:57'),
  (10964,'goodsinfo','P00008-1','insert','2012-06-06 12:24:57'),
  (10965,'goodsinfo','P00008-2','insert','2012-06-06 12:24:57'),
  (10966,'goodsinfo','P00008-3','insert','2012-06-06 12:24:57'),
  (10967,'goodsinfo','P00008-4','insert','2012-06-06 12:24:57'),
  (10968,'goodsinfo','P00008-5','insert','2012-06-06 12:24:57'),
  (10969,'goodsinfo','P00009-1','insert','2012-06-06 12:24:57'),
  (10970,'goodsinfo','P00009-2','insert','2012-06-06 12:24:57'),
  (10971,'goodsinfo','P00009-3','insert','2012-06-06 12:24:57'),
  (10972,'goodsinfo','P00009-4','insert','2012-06-06 12:24:57'),
  (10973,'goodsinfo','P00009-5','insert','2012-06-06 12:24:57'),
  (10974,'goodsinfo','P00010-1','insert','2012-06-06 12:24:57'),
  (10975,'goodsinfo','P00010-2','insert','2012-06-06 12:24:57'),
  (10976,'goodsinfo','P00010-3','insert','2012-06-06 12:24:57'),
  (10977,'goodsinfo','P00010-4','insert','2012-06-06 12:24:57'),
  (10978,'goodsinfo','P00010-5','insert','2012-06-06 12:24:57'),
  (10979,'goodsinfo','P00011-1','insert','2012-06-06 12:24:57'),
  (10980,'goodsinfo','P00011-2','insert','2012-06-06 12:24:58'),
  (10981,'goodsinfo','P00011-3','insert','2012-06-06 12:24:58'),
  (10982,'goodsinfo','P00011-4','insert','2012-06-06 12:24:58'),
  (10983,'goodsinfo','P00011-5','insert','2012-06-06 12:24:58'),
  (10984,'goodsinfo','P00012-1','insert','2012-06-06 12:24:58'),
  (10985,'goodsinfo','P00012-2','insert','2012-06-06 12:24:58'),
  (10986,'goodsinfo','P00012-3','insert','2012-06-06 12:24:58'),
  (10987,'goodsinfo','P00012-4','insert','2012-06-06 12:24:58'),
  (10988,'goodsinfo','P00012-5','insert','2012-06-06 12:24:58'),
  (10989,'goodsinfo','P00013-1','insert','2012-06-06 12:24:58'),
  (10990,'goodsinfo','P00013-2','insert','2012-06-06 12:24:58'),
  (10991,'goodsinfo','P00013-3','insert','2012-06-06 12:24:58'),
  (10992,'goodsinfo','P00013-4','insert','2012-06-06 12:24:58'),
  (10993,'goodsinfo','P00013-5','insert','2012-06-06 12:24:58'),
  (10994,'goodsinfo','P00014-1','insert','2012-06-06 12:24:58'),
  (10995,'goodsinfo','P00014-2','insert','2012-06-06 12:24:58'),
  (10996,'goodsinfo','P00014-3','insert','2012-06-06 12:24:58'),
  (10997,'goodsinfo','P00014-4','insert','2012-06-06 12:24:58'),
  (10998,'goodsinfo','P00014-5','insert','2012-06-06 12:24:58'),
  (10999,'goodsinfo','P00015-1','insert','2012-06-06 12:24:58'),
  (11000,'goodsinfo','P00015-2','insert','2012-06-06 12:24:58'),
  (11001,'goodsinfo','P00015-3','insert','2012-06-06 12:24:59'),
  (11002,'goodsinfo','P00015-4','insert','2012-06-06 12:24:59'),
  (11003,'goodsinfo','P00015-5','insert','2012-06-06 12:24:59'),
  (11004,'goodsinfo','P00016-1','insert','2012-06-06 12:24:59'),
  (11005,'goodsinfo','P00016-2','insert','2012-06-06 12:24:59'),
  (11006,'goodsinfo','P00016-3','insert','2012-06-06 12:24:59'),
  (11007,'goodsinfo','P00016-4','insert','2012-06-06 12:24:59'),
  (11008,'goodsinfo','P00016-5','insert','2012-06-06 12:24:59'),
  (11009,'goodsinfo','P00017-1','insert','2012-06-06 12:24:59'),
  (11010,'goodsinfo','P00017-2','insert','2012-06-06 12:24:59'),
  (11011,'goodsinfo','P00017-3','insert','2012-06-06 12:24:59'),
  (11012,'goodsinfo','P00017-4','insert','2012-06-06 12:24:59'),
  (11013,'goodsinfo','P00017-5','insert','2012-06-06 12:24:59'),
  (11014,'goodsinfo','P00018-1','insert','2012-06-06 12:24:59'),
  (11015,'goodsinfo','P00018-2','insert','2012-06-06 12:24:59'),
  (11016,'goodsinfo','P00018-3','insert','2012-06-06 12:24:59'),
  (11017,'goodsinfo','P00018-4','insert','2012-06-06 12:24:59'),
  (11018,'goodsinfo','P00018-5','insert','2012-06-06 12:24:59'),
  (11019,'goodsinfo','P00020-1','insert','2012-06-06 12:24:59'),
  (11020,'goodsinfo','P00020-2','insert','2012-06-06 12:24:59'),
  (11021,'goodsinfo','P00020-3','insert','2012-06-06 12:24:59'),
  (11022,'goodsinfo','P00020-4','insert','2012-06-06 12:25:00'),
  (11023,'goodsinfo','P00020-5','insert','2012-06-06 12:25:00'),
  (11024,'goodsinfo','P00022-1','insert','2012-06-06 12:25:00'),
  (11025,'goodsinfo','P00022-2','insert','2012-06-06 12:25:00'),
  (11026,'goodsinfo','P00022-3','insert','2012-06-06 12:25:00'),
  (11027,'goodsinfo','P00022-4','insert','2012-06-06 12:25:00'),
  (11028,'goodsinfo','P00022-5','insert','2012-06-06 12:25:00'),
  (11029,'goodsinfo','P00023-1','insert','2012-06-06 12:25:00'),
  (11030,'goodsinfo','P00023-2','insert','2012-06-06 12:25:00'),
  (11031,'goodsinfo','P00023-3','insert','2012-06-06 12:25:00'),
  (11032,'goodsinfo','P00023-4','insert','2012-06-06 12:25:00'),
  (11033,'goodsinfo','P00023-5','insert','2012-06-06 12:25:00'),
  (11034,'goodsinfo','P00025-1','insert','2012-06-06 12:25:00'),
  (11035,'goodsinfo','P00025-2','insert','2012-06-06 12:25:00'),
  (11036,'goodsinfo','P00025-3','insert','2012-06-06 12:25:00'),
  (11037,'goodsinfo','P00025-4','insert','2012-06-06 12:25:00'),
  (11038,'goodsinfo','P00025-5','insert','2012-06-06 12:25:00'),
  (11039,'goodsinfo','P00026-1','insert','2012-06-06 12:25:00'),
  (11040,'goodsinfo','P00026-2','insert','2012-06-06 12:25:00'),
  (11041,'goodsinfo','P00026-3','insert','2012-06-06 12:25:00'),
  (11042,'goodsinfo','P00026-4','insert','2012-06-06 12:25:00'),
  (11043,'goodsinfo','P00026-5','insert','2012-06-06 12:25:00'),
  (11044,'goodsinfo','P00028-1','insert','2012-06-06 12:25:00'),
  (11045,'goodsinfo','P00028-2','insert','2012-06-06 12:25:00'),
  (11046,'goodsinfo','P00028-3','insert','2012-06-06 12:25:00'),
  (11047,'goodsinfo','P00028-4','insert','2012-06-06 12:25:00'),
  (11048,'goodsinfo','P00028-5','insert','2012-06-06 12:25:00'),
  (11049,'goodsinfo','P00029-1','insert','2012-06-06 12:25:01'),
  (11050,'goodsinfo','P00029-2','insert','2012-06-06 12:25:01'),
  (11051,'goodsinfo','P00029-3','insert','2012-06-06 12:25:01'),
  (11052,'goodsinfo','P00029-4','insert','2012-06-06 12:25:01'),
  (11053,'goodsinfo','P00029-5','insert','2012-06-06 12:25:01'),
  (11054,'goodsinfo','P00031-1','insert','2012-06-06 12:25:01'),
  (11055,'goodsinfo','P00031-2','insert','2012-06-06 12:25:01'),
  (11056,'goodsinfo','P00031-3','insert','2012-06-06 12:25:01'),
  (11057,'goodsinfo','P00031-4','insert','2012-06-06 12:25:01'),
  (11058,'goodsinfo','P00031-5','insert','2012-06-06 12:25:01'),
  (11059,'goodsinfo','P00033-1','insert','2012-06-06 12:25:01'),
  (11060,'goodsinfo','P00033-2','insert','2012-06-06 12:25:01'),
  (11061,'goodsinfo','P00033-3','insert','2012-06-06 12:25:01'),
  (11062,'goodsinfo','P00033-4','insert','2012-06-06 12:25:01'),
  (11063,'goodsinfo','P00033-5','insert','2012-06-06 12:25:01'),
  (11064,'goodsinfo','P00034-1','insert','2012-06-06 12:25:01'),
  (11065,'goodsinfo','P00034-2','insert','2012-06-06 12:25:01'),
  (11066,'goodsinfo','P00034-3','insert','2012-06-06 12:25:01'),
  (11067,'goodsinfo','P00034-4','insert','2012-06-06 12:25:01'),
  (11068,'goodsinfo','P00034-5','insert','2012-06-06 12:25:01'),
  (11069,'goodsinfo','P00036-1','insert','2012-06-06 12:25:01'),
  (11070,'goodsinfo','P00036-2','insert','2012-06-06 12:25:02'),
  (11071,'goodsinfo','P00036-3','insert','2012-06-06 12:25:02'),
  (11072,'goodsinfo','P00036-4','insert','2012-06-06 12:25:02'),
  (11073,'goodsinfo','P00036-5','insert','2012-06-06 12:25:02'),
  (11074,'goodsinfo','P00037-1','insert','2012-06-06 12:25:02'),
  (11075,'goodsinfo','P00037-2','insert','2012-06-06 12:25:02'),
  (11076,'goodsinfo','P00037-3','insert','2012-06-06 12:25:02'),
  (11077,'goodsinfo','P00037-4','insert','2012-06-06 12:25:02'),
  (11078,'goodsinfo','P00037-5','insert','2012-06-06 12:25:02'),
  (11079,'goodsinfo','P00039','insert','2012-06-06 12:25:02'),
  (11080,'goodsinfo','P00040','insert','2012-06-06 12:25:02'),
  (11081,'goodsinfo','P00041','insert','2012-06-06 12:25:02'),
  (11082,'producerinfo','84','insert','2012-06-06 12:25:02'),
  (11083,'goodsinfo','P00053-1','insert','2012-06-06 12:25:02'),
  (11084,'goodsinfo','P00053-2','insert','2012-06-06 12:25:02'),
  (11085,'goodsinfo','P00053-3','insert','2012-06-06 12:25:02'),
  (11086,'goodsinfo','P00053-4','insert','2012-06-06 12:25:02'),
  (11087,'goodsinfo','P00053-5','insert','2012-06-06 12:25:02'),
  (11088,'producerinfo','85','insert','2012-06-06 12:25:02'),
  (11089,'good_class','144','insert','2012-06-06 12:25:02'),
  (11090,'goodsinfo','P00054','insert','2012-06-06 12:25:02'),
  (11091,'goodsinfo','P00055','insert','2012-06-06 12:25:02'),
  (11092,'goodsinfo','P00056','insert','2012-06-06 12:25:03'),
  (11093,'goodsinfo','P00057','insert','2012-06-06 12:25:03'),
  (11094,'goodsinfo','P00058-1','insert','2012-06-06 12:25:03'),
  (11095,'goodsinfo','P00058-2','insert','2012-06-06 12:25:03'),
  (11096,'goodsinfo','P00059','insert','2012-06-06 12:25:03'),
  (11097,'goodsinfo','P00060','insert','2012-06-06 12:25:03'),
  (11098,'goodsinfo','P00061','insert','2012-06-06 12:25:03'),
  (11099,'goodsinfo','P00060/61','insert','2012-06-06 12:25:03'),
  (11100,'goodsinfo','P00062','insert','2012-06-06 12:25:03'),
  (11101,'goodsinfo','P00063','insert','2012-06-06 12:25:03'),
  (11102,'goodsinfo','P00064','insert','2012-06-06 12:25:03'),
  (11103,'goodsinfo','P00066','insert','2012-06-06 12:25:03'),
  (11104,'goodsinfo','P00067','insert','2012-06-06 12:25:03'),
  (11105,'goodsinfo','P00068','insert','2012-06-06 12:25:03'),
  (11106,'goodsinfo','P00069','insert','2012-06-06 12:25:03'),
  (11107,'goodsinfo','P00068/69','insert','2012-06-06 12:25:03'),
  (11108,'goodsinfo','P00071','insert','2012-06-06 12:25:03'),
  (11109,'goodsinfo','P00072','insert','2012-06-06 12:25:03'),
  (11110,'goodsinfo','P00073','insert','2012-06-06 12:25:03'),
  (11111,'goodsinfo','P00076','insert','2012-06-06 12:25:03'),
  (11112,'goodsinfo','P00078','insert','2012-06-06 12:25:03'),
  (11113,'goodsinfo','P00079','insert','2012-06-06 12:25:03'),
  (11114,'goodsinfo','P00080','insert','2012-06-06 12:25:03'),
  (11115,'producerinfo','86','insert','2012-06-06 12:25:03'),
  (11116,'goodsinfo','P00082','insert','2012-06-06 12:25:03'),
  (11117,'goodsinfo','P00083','insert','2012-06-06 12:25:03'),
  (11118,'goodsinfo','P00084','insert','2012-06-06 12:25:03'),
  (11119,'goodsinfo','P00152','insert','2012-06-06 12:25:04'),
  (11120,'goodsinfo','P00153','insert','2012-06-06 12:25:04'),
  (11121,'goodsinfo','P00093-1','insert','2012-06-06 12:25:04'),
  (11122,'goodsinfo','P00093-2','insert','2012-06-06 12:25:04'),
  (11123,'goodsinfo','P00093-3','insert','2012-06-06 12:25:04'),
  (11124,'goodsinfo','P00093-4','insert','2012-06-06 12:25:04'),
  (11125,'goodsinfo','P00093-5','insert','2012-06-06 12:25:04'),
  (11126,'goodsinfo','P00093-a','insert','2012-06-06 12:25:04'),
  (11127,'goodsinfo','P00093-b','insert','2012-06-06 12:25:04'),
  (11128,'goodsinfo','P00093-c','insert','2012-06-06 12:25:04'),
  (11129,'goodsinfo','P00093-d','insert','2012-06-06 12:25:04'),
  (11130,'goodsinfo','P00093-e','insert','2012-06-06 12:25:04'),
  (11131,'goodsinfo','P00094-1','insert','2012-06-06 12:25:04'),
  (11132,'goodsinfo','P00094-2','insert','2012-06-06 12:25:04'),
  (11133,'goodsinfo','P00094-3','insert','2012-06-06 12:25:04'),
  (11134,'goodsinfo','P00094-4','insert','2012-06-06 12:25:04'),
  (11135,'goodsinfo','P00095-1','insert','2012-06-06 12:25:04'),
  (11136,'goodsinfo','P00095-2','insert','2012-06-06 12:25:04'),
  (11137,'goodsinfo','P00095-3','insert','2012-06-06 12:25:04'),
  (11138,'goodsinfo','P00095-4','insert','2012-06-06 12:25:04'),
  (11139,'goodsinfo','P00095-a','insert','2012-06-06 12:25:04'),
  (11140,'goodsinfo','P00095-b','insert','2012-06-06 12:25:05'),
  (11141,'goodsinfo','P00095-c','insert','2012-06-06 12:25:05'),
  (11142,'goodsinfo','P00095-d','insert','2012-06-06 12:25:05'),
  (11143,'producerinfo','87','insert','2012-06-06 12:25:05'),
  (11144,'goodsinfo','P00051','insert','2012-06-06 12:25:05'),
  (11145,'goodsinfo','P00047','insert','2012-06-06 12:25:05'),
  (11146,'goodsinfo','P00046','insert','2012-06-06 12:25:05'),
  (11147,'good_class','145','insert','2012-06-06 12:25:05'),
  (11148,'goodsinfo','P00139','insert','2012-06-06 12:25:05'),
  (11149,'goodsinfo','P00148','insert','2012-06-06 12:25:05'),
  (11150,'good_class','146','insert','2012-06-06 12:25:05'),
  (11151,'goodsinfo','P00154','insert','2012-06-06 12:25:05'),
  (11152,'goodsinfo','P00052','insert','2012-06-06 12:25:05'),
  (11153,'goodsinfo','P00065','insert','2012-06-06 12:25:05'),
  (11154,'producerinfo','88','insert','2012-06-06 12:25:05'),
  (11155,'goodsinfo','P00044','insert','2012-06-06 12:25:05'),
  (11156,'goodsinfo','P00042','insert','2012-06-06 12:25:05'),
  (11157,'goodsinfo','P00043','insert','2012-06-06 12:25:05'),
  (11158,'goodsinfo','P00089','insert','2012-06-06 12:25:05'),
  (11159,'goodsinfo','P00090','insert','2012-06-06 12:25:05'),
  (11160,'goodsinfo','P00091','insert','2012-06-06 12:25:05'),
  (11161,'goodsinfo','P00092','insert','2012-06-06 12:25:05'),
  (11162,'goodsinfo','P00135','insert','2012-06-06 12:25:05'),
  (11163,'producerinfo','89','insert','2012-06-06 12:25:06'),
  (11164,'goodsinfo','P00081','insert','2012-06-06 12:25:06'),
  (11165,'goodsinfo','P00141','insert','2012-06-06 12:25:06'),
  (11166,'goodsinfo','P00145','insert','2012-06-06 12:25:06'),
  (11167,'goodsinfo','P00155','insert','2012-06-06 12:25:06'),
  (11168,'producerinfo','90','insert','2012-06-06 12:25:06'),
  (11169,'goodsinfo','P00085','insert','2012-06-06 12:25:06'),
  (11170,'goodsinfo','P00086','insert','2012-06-06 12:25:06'),
  (11171,'goodsinfo','P00103','insert','2012-06-06 12:25:06'),
  (11172,'goodsinfo','P00104','insert','2012-06-06 12:25:06'),
  (11173,'goodsinfo','P00070','insert','2012-06-06 12:25:06'),
  (11174,'goodsinfo','P00074','insert','2012-06-06 12:25:06'),
  (11175,'goodsinfo','P00075','insert','2012-06-06 12:25:06'),
  (11176,'goodsinfo','P00077','insert','2012-06-06 12:25:06'),
  (11177,'goodsinfo','P00048','insert','2012-06-06 12:25:06'),
  (11178,'goodsinfo','P00049','insert','2012-06-06 12:25:06'),
  (11179,'goodsinfo','P00050','insert','2012-06-06 12:25:06'),
  (11180,'goodsinfo','P00142','insert','2012-06-06 12:25:06'),
  (11181,'goodsinfo','P00143','insert','2012-06-06 12:25:06'),
  (11182,'goodsinfo','P00144','insert','2012-06-06 12:25:06'),
  (11183,'goodsinfo','P00156','insert','2012-06-06 12:25:06'),
  (11184,'producerinfo','91','insert','2012-06-06 12:25:06'),
  (11185,'goodsinfo','P00149','insert','2012-06-06 12:25:06'),
  (11186,'goodsinfo','P00150','insert','2012-06-06 12:25:06'),
  (11187,'goodsinfo','P00151','insert','2012-06-06 12:25:06'),
  (11188,'good_class','147','insert','2012-06-06 12:25:07'),
  (11189,'goodsinfo','P00045','insert','2012-06-06 12:25:07'),
  (11190,'goodsinfo','P00096','insert','2012-06-06 12:25:07'),
  (11191,'goodsinfo','P00134','insert','2012-06-06 12:25:07'),
  (11192,'goodsinfo','P00138','insert','2012-06-06 12:25:07'),
  (11193,'goodsinfo','P00140','insert','2012-06-06 12:25:07'),
  (11194,'goodsinfo','P00146','insert','2012-06-06 12:25:07'),
  (11195,'goodsinfo','P00147','insert','2012-06-06 12:25:07'),
  (11196,'producerinfo','92','insert','2012-06-06 12:25:07'),
  (11197,'good_class','148','insert','2012-06-06 12:25:07'),
  (11198,'goodsinfo','P00087','insert','2012-06-06 12:25:07'),
  (11199,'goodsinfo','P00088','insert','2012-06-06 12:25:07'),
  (11200,'goodsinfo','P00097','insert','2012-06-06 12:25:07'),
  (11201,'goodsinfo','P00098','insert','2012-06-06 12:25:07'),
  (11202,'goodsinfo','P00099','insert','2012-06-06 12:25:07'),
  (11203,'goodsinfo','P00100','insert','2012-06-06 12:25:07'),
  (11204,'goodsinfo','P00101','insert','2012-06-06 12:25:07'),
  (11205,'goodsinfo','P00102','insert','2012-06-06 12:25:07'),
  (11206,'goodsinfo','P00105','insert','2012-06-06 12:25:07'),
  (11207,'goodsinfo','P00106','insert','2012-06-06 12:25:07'),
  (11208,'goodsinfo','P00107','insert','2012-06-06 12:25:07'),
  (11209,'goodsinfo','P00108','insert','2012-06-06 12:25:07'),
  (11210,'goodsinfo','P00109','insert','2012-06-06 12:25:08'),
  (11211,'goodsinfo','P00110','insert','2012-06-06 12:25:08'),
  (11212,'goodsinfo','P00111','insert','2012-06-06 12:25:08'),
  (11213,'goodsinfo','P00112','insert','2012-06-06 12:25:08'),
  (11214,'goodsinfo','P00113','insert','2012-06-06 12:25:08'),
  (11215,'goodsinfo','P00115','insert','2012-06-06 12:25:08'),
  (11216,'goodsinfo','P00127','insert','2012-06-06 12:25:08'),
  (11217,'goodsinfo','P00128','insert','2012-06-06 12:25:08'),
  (11218,'goodsinfo','P00129','insert','2012-06-06 12:25:08'),
  (11219,'goodsinfo','P00130','insert','2012-06-06 12:25:08'),
  (11220,'goodsinfo','P00131','insert','2012-06-06 12:25:08'),
  (11221,'goodsinfo','P00132','insert','2012-06-06 12:25:08'),
  (11222,'goodsinfo','P00133','insert','2012-06-06 12:25:08'),
  (11223,'goodsinfo','P00136','insert','2012-06-06 12:25:08'),
  (11224,'goodsinfo','P00137','insert','2012-06-06 12:25:08'),
  (11225,'producerinfo','93','insert','2012-06-06 12:25:08'),
  (11226,'goodsinfo','P00116','insert','2012-06-06 12:25:08'),
  (11227,'goodsinfo','P00117','insert','2012-06-06 12:25:08'),
  (11228,'goodsinfo','P00118','insert','2012-06-06 12:25:08'),
  (11229,'goodsinfo','P00119','insert','2012-06-06 12:25:08'),
  (11230,'goodsinfo','P00120','insert','2012-06-06 12:25:08'),
  (11231,'goodsinfo','P00121','insert','2012-06-06 12:25:09'),
  (11232,'goodsinfo','P00122','insert','2012-06-06 12:25:09'),
  (11233,'goodsinfo','P00123','insert','2012-06-06 12:25:09'),
  (11234,'goodsinfo','P00124','insert','2012-06-06 12:25:09'),
  (11235,'goodsinfo','P00125','insert','2012-06-06 12:25:09'),
  (11236,'goodsinfo','P00126','insert','2012-06-06 12:25:09'),
  (11237,'goodsinfo','P00172','insert','2012-06-06 12:25:09');

COMMIT;

#
# Data for the `dataupdatelog` table  (LIMIT 500,500)
#

INSERT INTO `dataupdatelog` (`id`, `tableName`, `recordId`, `action`, `actiontime`) VALUES 
  (11238,'goodsinfo','P00173','insert','2012-06-06 12:25:09'),
  (11239,'goodsinfo','P00174','insert','2012-06-06 12:25:09'),
  (11240,'producerinfo','94','insert','2012-06-06 12:25:09'),
  (11241,'goodsinfo','P00157','insert','2012-06-06 12:25:09'),
  (11242,'goodsinfo','P00160','insert','2012-06-06 12:25:09'),
  (11243,'goodsinfo','P00165','insert','2012-06-06 12:25:09'),
  (11244,'goodsinfo','P00239','insert','2012-06-06 12:25:09'),
  (11245,'goodsinfo','P00240','insert','2012-06-06 12:25:09'),
  (11246,'goodsinfo','P00218','insert','2012-06-06 12:25:09'),
  (11247,'goodsinfo','P00219','insert','2012-06-06 12:25:09'),
  (11248,'goodsinfo','P00221','insert','2012-06-06 12:25:09'),
  (11249,'goodsinfo','P00225','insert','2012-06-06 12:25:09'),
  (11250,'goodsinfo','P00216','insert','2012-06-06 12:25:09'),
  (11251,'goodsinfo','P00228','insert','2012-06-06 12:25:09'),
  (11252,'goodsinfo','P00260','insert','2012-06-06 12:25:09'),
  (11253,'goodsinfo','P00310','insert','2012-06-06 12:25:09'),
  (11254,'goodsinfo','P00179','insert','2012-06-06 12:25:09'),
  (11255,'goodsinfo','P00178','insert','2012-06-06 12:25:09'),
  (11256,'goodsinfo','P00158','insert','2012-06-06 12:25:09'),
  (11257,'goodsinfo','P00238','insert','2012-06-06 12:25:09'),
  (11258,'goodsinfo','P00233','insert','2012-06-06 12:25:10'),
  (11259,'goodsinfo','P00235','insert','2012-06-06 12:25:10'),
  (11260,'goodsinfo','P00236','insert','2012-06-06 12:25:10'),
  (11261,'goodsinfo','P00237','insert','2012-06-06 12:25:10'),
  (11262,'goodsinfo','P00234','insert','2012-06-06 12:25:10'),
  (11263,'goodsinfo','P00209','insert','2012-06-06 12:25:10'),
  (11264,'goodsinfo','P00212','insert','2012-06-06 12:25:10'),
  (11265,'goodsinfo','P00213','insert','2012-06-06 12:25:10'),
  (11266,'goodsinfo','P00224','insert','2012-06-06 12:25:10'),
  (11267,'producerinfo','95','insert','2012-06-06 12:25:10'),
  (11268,'goodsinfo','P00270','insert','2012-06-06 12:25:10'),
  (11269,'goodsinfo','P00271','insert','2012-06-06 12:25:10'),
  (11270,'goodsinfo','P00261','insert','2012-06-06 12:25:10'),
  (11271,'goodsinfo','P00262','insert','2012-06-06 12:25:10'),
  (11272,'goodsinfo','P00180','insert','2012-06-06 12:25:10'),
  (11273,'goodsinfo','P00181','insert','2012-06-06 12:25:10'),
  (11274,'goodsinfo','P00182','insert','2012-06-06 12:25:10'),
  (11275,'goodsinfo','P00183','insert','2012-06-06 12:25:10'),
  (11276,'goodsinfo','P00184','insert','2012-06-06 12:25:10'),
  (11277,'goodsinfo','P00185','insert','2012-06-06 12:25:10'),
  (11278,'goodsinfo','P00186','insert','2012-06-06 12:25:10'),
  (11279,'goodsinfo','P00187','insert','2012-06-06 12:25:11'),
  (11280,'goodsinfo','P00188','insert','2012-06-06 12:25:11'),
  (11281,'goodsinfo','P00263','insert','2012-06-06 12:25:11'),
  (11282,'goodsinfo','P00267','insert','2012-06-06 12:25:11'),
  (11283,'goodsinfo','P00268','insert','2012-06-06 12:25:11'),
  (11284,'goodsinfo','P00190','insert','2012-06-06 12:25:11'),
  (11285,'goodsinfo','P00232','insert','2012-06-06 12:25:11'),
  (11286,'goodsinfo','P00206-2','insert','2012-06-06 12:25:11'),
  (11287,'goodsinfo','P00206-3','insert','2012-06-06 12:25:11'),
  (11288,'goodsinfo','P00220','insert','2012-06-06 12:25:11'),
  (11289,'goodsinfo','P00259','insert','2012-06-06 12:25:11'),
  (11290,'goodsinfo','P00258','insert','2012-06-06 12:25:11'),
  (11291,'goodsinfo','P00170','insert','2012-06-06 12:25:11'),
  (11292,'goodsinfo','P00167','insert','2012-06-06 12:25:11'),
  (11293,'goodsinfo','P00168','insert','2012-06-06 12:25:11'),
  (11294,'goodsinfo','P00169','insert','2012-06-06 12:25:11'),
  (11295,'goodsinfo','P00311','insert','2012-06-06 12:25:11'),
  (11296,'goodsinfo','P00176','insert','2012-06-06 12:25:11'),
  (11297,'goodsinfo','P00177','insert','2012-06-06 12:25:11'),
  (11298,'goodsinfo','P00189','insert','2012-06-06 12:25:11'),
  (11299,'goodsinfo','P00264','insert','2012-06-06 12:25:12'),
  (11300,'goodsinfo','P00265','insert','2012-06-06 12:25:12'),
  (11301,'goodsinfo','P00266','insert','2012-06-06 12:25:12'),
  (11302,'goodsinfo','P00272','insert','2012-06-06 12:25:12'),
  (11303,'goodsinfo','P00273','insert','2012-06-06 12:25:12'),
  (11304,'goodsinfo','P00192','insert','2012-06-06 12:25:12'),
  (11305,'goodsinfo','P00191','insert','2012-06-06 12:25:12'),
  (11306,'goodsinfo','P00244','insert','2012-06-06 12:25:12'),
  (11307,'goodsinfo','P00243','insert','2012-06-06 12:25:12'),
  (11308,'goodsinfo','P00241','insert','2012-06-06 12:25:12'),
  (11309,'goodsinfo','P00206-a','insert','2012-06-06 12:25:12'),
  (11310,'goodsinfo','P00206-b','insert','2012-06-06 12:25:12'),
  (11311,'goodsinfo','P00206-c','insert','2012-06-06 12:25:12'),
  (11312,'goodsinfo','P00199-2','insert','2012-06-06 12:25:12'),
  (11313,'goodsinfo','P00199-3','insert','2012-06-06 12:25:12'),
  (11314,'goodsinfo','P00205-1','insert','2012-06-06 12:25:12'),
  (11315,'goodsinfo','P00205-2','insert','2012-06-06 12:25:12'),
  (11316,'goodsinfo','P00159','insert','2012-06-06 12:25:12'),
  (11317,'goodsinfo','P00162','insert','2012-06-06 12:25:12'),
  (11318,'goodsinfo','P00163','insert','2012-06-06 12:25:12'),
  (11319,'goodsinfo','P00164','insert','2012-06-06 12:25:12'),
  (11320,'goodsinfo','P00250','insert','2012-06-06 12:25:12'),
  (11321,'goodsinfo','P00251','insert','2012-06-06 12:25:12'),
  (11322,'goodsinfo','P00252','insert','2012-06-06 12:25:12'),
  (11323,'goodsinfo','P00255','insert','2012-06-06 12:25:12'),
  (11324,'goodsinfo','P00304','insert','2012-06-06 12:25:12'),
  (11325,'goodsinfo','P00305','insert','2012-06-06 12:25:12'),
  (11326,'goodsinfo','P00306','insert','2012-06-06 12:25:12'),
  (11327,'goodsinfo','P00307','insert','2012-06-06 12:25:13'),
  (11328,'goodsinfo','P00308','insert','2012-06-06 12:25:13'),
  (11329,'goodsinfo','P00312','insert','2012-06-06 12:25:13'),
  (11330,'goodsinfo','P00314','insert','2012-06-06 12:25:13'),
  (11331,'goodsinfo','P00315','insert','2012-06-06 12:25:13'),
  (11332,'goodsinfo','P00319','insert','2012-06-06 12:25:13'),
  (11333,'goodsinfo','P00226','insert','2012-06-06 12:25:13'),
  (11334,'goodsinfo','P00161','insert','2012-06-06 12:25:13'),
  (11335,'goodsinfo','P00166','insert','2012-06-06 12:25:13'),
  (11336,'goodsinfo','P00256','insert','2012-06-06 12:25:13'),
  (11337,'goodsinfo','P00309','insert','2012-06-06 12:25:13'),
  (11338,'goodsinfo','P00230','insert','2012-06-06 12:25:13'),
  (11339,'goodsinfo','P00313','insert','2012-06-06 12:25:13'),
  (11340,'goodsinfo','P00286-3','insert','2012-06-06 12:25:13'),
  (11341,'goodsinfo','P00286-c','insert','2012-06-06 12:25:13'),
  (11342,'goodsinfo','P00389','insert','2012-06-06 12:25:14'),
  (11343,'goodsinfo','P00388','insert','2012-06-06 12:25:14'),
  (11344,'goodsinfo','P00257','insert','2012-06-06 12:25:14'),
  (11345,'goodsinfo','P00416','insert','2012-06-06 12:25:14'),
  (11346,'goodsinfo','P00222','insert','2012-06-06 12:25:14'),
  (11347,'goodsinfo','P00420','insert','2012-06-06 12:25:14'),
  (11348,'goodsinfo','P00422','insert','2012-06-06 12:25:14'),
  (11349,'goodsinfo','P00423','insert','2012-06-06 12:25:14'),
  (11350,'goodsinfo','P00175','insert','2012-06-06 12:25:14'),
  (11351,'goodsinfo','P00469','insert','2012-06-06 12:25:14'),
  (11352,'goodsinfo','P00481','insert','2012-06-06 12:25:14'),
  (11353,'goodsinfo','P00477','insert','2012-06-06 12:25:14'),
  (11354,'goodsinfo','P00470','insert','2012-06-06 12:25:14'),
  (11355,'goodsinfo','P00471','insert','2012-06-06 12:25:14'),
  (11356,'goodsinfo','P00472','insert','2012-06-06 12:25:14'),
  (11357,'goodsinfo','P00473','insert','2012-06-06 12:25:14'),
  (11358,'goodsinfo','P00474','insert','2012-06-06 12:25:14'),
  (11359,'goodsinfo','P00475','insert','2012-06-06 12:25:14'),
  (11360,'goodsinfo','P00480','insert','2012-06-06 12:25:14'),
  (11361,'goodsinfo','P00478','insert','2012-06-06 12:25:14'),
  (11362,'goodsinfo','P00479','insert','2012-06-06 12:25:14'),
  (11363,'goodsinfo','P00518','insert','2012-06-06 12:25:15'),
  (11364,'goodsinfo','P00483','insert','2012-06-06 12:25:15'),
  (11365,'goodsinfo','P00476','insert','2012-06-06 12:25:15'),
  (11366,'goodsinfo','P00482','insert','2012-06-06 12:25:15'),
  (11367,'goodsinfo','P00510','insert','2012-06-06 12:25:15'),
  (11368,'goodsinfo','P00484','insert','2012-06-06 12:25:15'),
  (11369,'goodsinfo','P00485','insert','2012-06-06 12:25:15'),
  (11370,'goodsinfo','P00486','insert','2012-06-06 12:25:15'),
  (11371,'goodsinfo','P00517','insert','2012-06-06 12:25:15'),
  (11372,'goodsinfo','P00449','insert','2012-06-06 12:25:15'),
  (11373,'goodsinfo','P00443','insert','2012-06-06 12:25:15'),
  (11374,'goodsinfo','P00500','insert','2012-06-06 12:25:15'),
  (11375,'goodsinfo','P00454','insert','2012-06-06 12:25:15'),
  (11376,'goodsinfo','P00424','insert','2012-06-06 12:25:15'),
  (11377,'goodsinfo','P00418','insert','2012-06-06 12:25:15'),
  (11378,'goodsinfo','P00417','insert','2012-06-06 12:25:15'),
  (11379,'goodsinfo','P00431','insert','2012-06-06 12:25:15'),
  (11380,'goodsinfo','P00427','insert','2012-06-06 12:25:15'),
  (11381,'goodsinfo','P00206-1','insert','2012-06-06 12:25:15'),
  (11382,'goodsinfo','P00343','insert','2012-06-06 12:25:15'),
  (11383,'goodsinfo','P00346','insert','2012-06-06 12:25:15'),
  (11384,'goodsinfo','P00171','insert','2012-06-06 12:25:15'),
  (11385,'goodsinfo','P00247','insert','2012-06-06 12:25:15'),
  (11386,'goodsinfo','P00248','insert','2012-06-06 12:25:15'),
  (11387,'goodsinfo','P00249','insert','2012-06-06 12:25:15'),
  (11388,'goodsinfo','P00229','insert','2012-06-06 12:25:15'),
  (11389,'goodsinfo','P00227','insert','2012-06-06 12:25:15'),
  (11390,'goodsinfo','P00429','insert','2012-06-06 12:25:16'),
  (11391,'goodsinfo','P00434','insert','2012-06-06 12:25:16'),
  (11392,'goodsinfo','P00426','insert','2012-06-06 12:25:16'),
  (11393,'goodsinfo','P00425','insert','2012-06-06 12:25:16'),
  (11394,'goodsinfo','P00419','insert','2012-06-06 12:25:16'),
  (11395,'goodsinfo','N00016','insert','2012-06-06 12:25:16'),
  (11396,'goodsinfo','N00015','insert','2012-06-06 12:25:16'),
  (11397,'goodsinfo','N00014','insert','2012-06-06 12:25:16'),
  (11398,'goodsinfo','N00013','insert','2012-06-06 12:25:16'),
  (11399,'goodsinfo','P00433','insert','2012-06-06 12:25:16'),
  (11400,'goodsinfo','P00428','insert','2012-06-06 12:25:16'),
  (11401,'goodsinfo','P00499','insert','2012-06-06 12:25:16'),
  (11402,'goodsinfo','P00430','insert','2012-06-06 12:25:16'),
  (11403,'goodsinfo','P00501','insert','2012-06-06 12:25:16'),
  (11404,'goodsinfo','P00439','insert','2012-06-06 12:25:16'),
  (11405,'goodsinfo','P00437','insert','2012-06-06 12:25:16'),
  (11406,'goodsinfo','P00294','insert','2012-06-06 12:25:16'),
  (11407,'goodsinfo','P00511','insert','2012-06-06 12:25:16'),
  (11408,'goodsinfo','P00349','insert','2012-06-06 12:25:16'),
  (11409,'goodsinfo','P00350','insert','2012-06-06 12:25:17'),
  (11410,'goodsinfo','N00001','insert','2012-06-06 12:25:17'),
  (11411,'goodsinfo','N00002','insert','2012-06-06 12:25:17'),
  (11412,'goodsinfo','N00003','insert','2012-06-06 12:25:17'),
  (11413,'goodsinfo','N00004','insert','2012-06-06 12:25:17'),
  (11414,'goodsinfo','N00005','insert','2012-06-06 12:25:17'),
  (11415,'goodsinfo','N00006','insert','2012-06-06 12:25:17'),
  (11416,'producerinfo','96','insert','2012-06-06 12:25:17'),
  (11417,'goodsinfo','P00386','insert','2012-06-06 12:25:17'),
  (11418,'goodsinfo','P00387','insert','2012-06-06 12:25:17'),
  (11419,'goodsinfo','P00394','insert','2012-06-06 12:25:17'),
  (11420,'goodsinfo','P00395','insert','2012-06-06 12:25:17'),
  (11421,'goodsinfo','P00396','insert','2012-06-06 12:25:17'),
  (11422,'goodsinfo','P00397','insert','2012-06-06 12:25:17'),
  (11423,'goodsinfo','P00487','insert','2012-06-06 12:25:17'),
  (11424,'goodsinfo','P00468','insert','2012-06-06 12:25:17'),
  (11425,'goodsinfo','N00007','insert','2012-06-06 12:25:17'),
  (11426,'goodsinfo','N00008','insert','2012-06-06 12:25:18'),
  (11427,'goodsinfo','N00009','insert','2012-06-06 12:25:18'),
  (11428,'goodsinfo','N00010','insert','2012-06-06 12:25:18'),
  (11429,'goodsinfo','N00011','insert','2012-06-06 12:25:18'),
  (11430,'goodsinfo','N00012','insert','2012-06-06 12:25:18'),
  (11431,'producerinfo','97','insert','2012-06-06 12:25:18'),
  (11432,'goodsinfo','N00037','insert','2012-06-06 12:25:18'),
  (11433,'goodsinfo','N00036','insert','2012-06-06 12:25:18'),
  (11434,'goodsinfo','N00035','insert','2012-06-06 12:25:18'),
  (11435,'goodsinfo','N00033','insert','2012-06-06 12:25:18'),
  (11436,'goodsinfo','N00032','insert','2012-06-06 12:25:18'),
  (11437,'goodsinfo','N00030','insert','2012-06-06 12:25:18'),
  (11438,'goodsinfo','N00029','insert','2012-06-06 12:25:18'),
  (11439,'goodsinfo','N00028','insert','2012-06-06 12:25:18'),
  (11440,'goodsinfo','N00026','insert','2012-06-06 12:25:18'),
  (11441,'goodsinfo','N00027','insert','2012-06-06 12:25:18'),
  (11442,'goodsinfo','N00024','insert','2012-06-06 12:25:18'),
  (11443,'goodsinfo','N00034','insert','2012-06-06 12:25:18'),
  (11444,'goodsinfo','N00023','insert','2012-06-06 12:25:18'),
  (11445,'goodsinfo','N00022','insert','2012-06-06 12:25:18'),
  (11446,'goodsinfo','N00021','insert','2012-06-06 12:25:18'),
  (11447,'goodsinfo','N00020','insert','2012-06-06 12:25:18'),
  (11448,'goodsinfo','N00019-yg','insert','2012-06-06 12:25:18'),
  (11449,'goodsinfo','N00019-fq','insert','2012-06-06 12:25:18'),
  (11450,'goodsinfo','N00017','insert','2012-06-06 12:25:18'),
  (11451,'goodsinfo','P00509','insert','2012-06-06 12:25:18'),
  (11452,'goodsinfo','P00341','insert','2012-06-06 12:25:18'),
  (11453,'goodsinfo','P00528','insert','2012-06-06 12:25:18'),
  (11454,'goodsinfo','N00061','insert','2012-06-06 12:25:19'),
  (11455,'goodsinfo','P00340','insert','2012-06-06 12:25:19'),
  (11456,'producerinfo','98','insert','2012-06-06 12:25:19'),
  (11457,'goodsinfo','N00591','insert','2012-06-06 12:25:19'),
  (11458,'goodsinfo','P00320','insert','2012-06-06 12:25:19'),
  (11459,'goodsinfo','P00436','insert','2012-06-06 12:25:19'),
  (11460,'goodsinfo','P00338','insert','2012-06-06 12:25:19'),
  (11461,'goodsinfo','P00345','insert','2012-06-06 12:25:19'),
  (11462,'goodsinfo','P00342','insert','2012-06-06 12:25:19'),
  (11463,'goodsinfo','P00344','insert','2012-06-06 12:25:19'),
  (11464,'goodsinfo','P000245','insert','2012-06-06 12:25:19'),
  (11465,'goodsinfo','P00246','insert','2012-06-06 12:25:19'),
  (11466,'goodsinfo','P00334','insert','2012-06-06 12:25:19'),
  (11467,'goodsinfo','P00503','insert','2012-06-06 12:25:19'),
  (11468,'goodsinfo','N00099','insert','2012-06-06 12:25:19'),
  (11469,'goodsinfo','N00098','insert','2012-06-06 12:25:19'),
  (11470,'goodsinfo','N00097','insert','2012-06-06 12:25:19'),
  (11471,'goodsinfo','P00021-1','insert','2012-06-06 12:25:19'),
  (11472,'goodsinfo','P00021-2','insert','2012-06-06 12:25:19'),
  (11473,'goodsinfo','P00021-3','insert','2012-06-06 12:25:19'),
  (11474,'goodsinfo','P00021-4','insert','2012-06-06 12:25:19'),
  (11475,'goodsinfo','P00021-5','insert','2012-06-06 12:25:19'),
  (11476,'goodsinfo','P00024-1','insert','2012-06-06 12:25:19'),
  (11477,'goodsinfo','P00024-2','insert','2012-06-06 12:25:19'),
  (11478,'goodsinfo','P00024-3','insert','2012-06-06 12:25:19'),
  (11479,'goodsinfo','P00024-4','insert','2012-06-06 12:25:20'),
  (11480,'goodsinfo','P00024-5','insert','2012-06-06 12:25:20'),
  (11481,'goodsinfo','P00032-1','insert','2012-06-06 12:25:20'),
  (11482,'goodsinfo','P00032-2','insert','2012-06-06 12:25:20'),
  (11483,'goodsinfo','P00032-3','insert','2012-06-06 12:25:20'),
  (11484,'goodsinfo','P00032-4','insert','2012-06-06 12:25:20'),
  (11485,'goodsinfo','P00032-5','insert','2012-06-06 12:25:20'),
  (11486,'goodsinfo','P00035-1','insert','2012-06-06 12:25:20'),
  (11487,'goodsinfo','P00035-2','insert','2012-06-06 12:25:20'),
  (11488,'goodsinfo','P00035-3','insert','2012-06-06 12:25:20'),
  (11489,'goodsinfo','P00035-4','insert','2012-06-06 12:25:20'),
  (11490,'goodsinfo','P00035-5','insert','2012-06-06 12:25:20'),
  (11491,'goodsinfo','P00370-1','insert','2012-06-06 12:25:20'),
  (11492,'goodsinfo','P00370-2','insert','2012-06-06 12:25:20'),
  (11493,'goodsinfo','P00370-3','insert','2012-06-06 12:25:20'),
  (11494,'goodsinfo','P00370-4','insert','2012-06-06 12:25:20'),
  (11495,'goodsinfo','P00370-5','insert','2012-06-06 12:25:20'),
  (11496,'goodsinfo','P00380-1','insert','2012-06-06 12:25:20'),
  (11497,'goodsinfo','P00380-2','insert','2012-06-06 12:25:20'),
  (11498,'goodsinfo','P00380-3','insert','2012-06-06 12:25:20'),
  (11499,'goodsinfo','P00380-4','insert','2012-06-06 12:25:20'),
  (11500,'goodsinfo','P00380-5','insert','2012-06-06 12:25:21'),
  (11501,'goodsinfo','P00371-1','insert','2012-06-06 12:25:21'),
  (11502,'goodsinfo','P00371-2','insert','2012-06-06 12:25:21'),
  (11503,'goodsinfo','P00371-3','insert','2012-06-06 12:25:21'),
  (11504,'goodsinfo','P00371-4','insert','2012-06-06 12:25:21'),
  (11505,'goodsinfo','P00371-5','insert','2012-06-06 12:25:21'),
  (11506,'goodsinfo','P00413-1','insert','2012-06-06 12:25:21'),
  (11507,'goodsinfo','P00413-2','insert','2012-06-06 12:25:21'),
  (11508,'goodsinfo','P00413-3','insert','2012-06-06 12:25:21'),
  (11509,'goodsinfo','P00413-4','insert','2012-06-06 12:25:21'),
  (11510,'goodsinfo','P00413-5','insert','2012-06-06 12:25:21'),
  (11511,'goodsinfo','P00390-1','insert','2012-06-06 12:25:21'),
  (11512,'goodsinfo','P00390-2','insert','2012-06-06 12:25:21'),
  (11513,'goodsinfo','P00390-3','insert','2012-06-06 12:25:21'),
  (11514,'goodsinfo','P00390-4','insert','2012-06-06 12:25:21'),
  (11515,'goodsinfo','P00390-5','insert','2012-06-06 12:25:21'),
  (11516,'goodsinfo','P00369-1','insert','2012-06-06 12:25:21'),
  (11517,'goodsinfo','P00369-2','insert','2012-06-06 12:25:21'),
  (11518,'goodsinfo','P00369-3','insert','2012-06-06 12:25:21'),
  (11519,'goodsinfo','P00369-4','insert','2012-06-06 12:25:21'),
  (11520,'goodsinfo','P00369-5','insert','2012-06-06 12:25:21'),
  (11521,'goodsinfo','P00391-1','insert','2012-06-06 12:25:21'),
  (11522,'goodsinfo','P00391-2','insert','2012-06-06 12:25:21'),
  (11523,'goodsinfo','P00391-3','insert','2012-06-06 12:25:22'),
  (11524,'goodsinfo','P00391-4','insert','2012-06-06 12:25:22'),
  (11525,'goodsinfo','P00391-5','insert','2012-06-06 12:25:22'),
  (11526,'goodsinfo','P00391-6','insert','2012-06-06 12:25:22'),
  (11527,'goodsinfo','P00490','insert','2012-06-06 12:25:22'),
  (11528,'goodsinfo','P00491','insert','2012-06-06 12:25:22'),
  (11529,'goodsinfo','P00495','insert','2012-06-06 12:25:22'),
  (11530,'goodsinfo','P00412','insert','2012-06-06 12:25:22'),
  (11531,'goodsinfo','P00411','insert','2012-06-06 12:25:22'),
  (11532,'goodsinfo','P00404','insert','2012-06-06 12:25:22'),
  (11533,'goodsinfo','P00488','insert','2012-06-06 12:25:22'),
  (11534,'goodsinfo','P00403','insert','2012-06-06 12:25:22'),
  (11535,'goodsinfo','P00401','insert','2012-06-06 12:25:22'),
  (11536,'goodsinfo','P00399','insert','2012-06-06 12:25:22'),
  (11537,'goodsinfo','P00400','insert','2012-06-06 12:25:22'),
  (11538,'goodsinfo','N00590','insert','2012-06-06 12:25:22'),
  (11539,'goodsinfo','N00244','insert','2012-06-06 12:25:22'),
  (11540,'producerinfo','99','insert','2012-06-06 12:25:22'),
  (11541,'goodsinfo','N00078','insert','2012-06-06 12:25:22'),
  (11542,'goodsinfo','N00506','insert','2012-06-06 12:25:22'),
  (11543,'goodsinfo','N00507','insert','2012-06-06 12:25:22'),
  (11544,'goodsinfo','N00508','insert','2012-06-06 12:25:22'),
  (11545,'goodsinfo','N00509','insert','2012-06-06 12:25:22'),
  (11546,'goodsinfo','N00580','insert','2012-06-06 12:25:22'),
  (11547,'goodsinfo','N00581','insert','2012-06-06 12:25:22'),
  (11548,'goodsinfo','N00582','insert','2012-06-06 12:25:22'),
  (11549,'goodsinfo','N00583','insert','2012-06-06 12:25:22'),
  (11550,'goodsinfo','N00584','insert','2012-06-06 12:25:22'),
  (11551,'goodsinfo','N00585','insert','2012-06-06 12:25:23'),
  (11552,'goodsinfo','N00586','insert','2012-06-06 12:25:23'),
  (11553,'goodsinfo','N00587','insert','2012-06-06 12:25:23'),
  (11554,'goodsinfo','N00588','insert','2012-06-06 12:25:23'),
  (11555,'goodsinfo','N00589','insert','2012-06-06 12:25:23'),
  (11556,'producerinfo','100','insert','2012-06-06 12:25:23'),
  (11557,'goodsinfo','N00120','insert','2012-06-06 12:25:23'),
  (11558,'goodsinfo','N00121','insert','2012-06-06 12:25:23'),
  (11559,'goodsinfo','P00515','insert','2012-06-06 12:25:23'),
  (11560,'goodsinfo','N00627','insert','2012-06-06 12:25:23'),
  (11561,'goodsinfo','N00626','insert','2012-06-06 12:25:23'),
  (11562,'goodsinfo','N00239','insert','2012-06-06 12:25:23'),
  (11563,'goodsinfo','N00576','insert','2012-06-06 12:25:23'),
  (11564,'goodsinfo','N00577','insert','2012-06-06 12:25:23'),
  (11565,'goodsinfo','N00578','insert','2012-06-06 12:25:23'),
  (11566,'goodsinfo','N00083','insert','2012-06-06 12:25:23'),
  (11567,'goodsinfo','N00418','insert','2012-06-06 12:25:23'),
  (11568,'goodsinfo','N00419','insert','2012-06-06 12:25:24'),
  (11569,'goodsinfo','N00420','insert','2012-06-06 12:25:24'),
  (11570,'goodsinfo','N00469','insert','2012-06-06 12:25:24'),
  (11571,'goodsinfo','N00497','insert','2012-06-06 12:25:24'),
  (11572,'goodsinfo','N00499','insert','2012-06-06 12:25:24'),
  (11573,'goodsinfo','N00504','insert','2012-06-06 12:25:24'),
  (11574,'goodsinfo','N00505','insert','2012-06-06 12:25:24'),
  (11575,'sa_userinfo','60','insert','2012-06-08 09:45:52'),
  (11576,'good_class','143','insert','2012-06-08 18:13:02'),
  (11577,'good_class','144','insert','2012-06-08 18:13:02'),
  (11578,'good_class','145','insert','2012-06-08 18:13:02'),
  (11579,'good_class','146','insert','2012-06-08 18:13:02'),
  (11580,'good_class','147','insert','2012-06-08 18:13:02'),
  (11581,'good_class','148','insert','2012-06-08 18:13:02'),
  (11582,'producerinfo','83','insert','2012-06-08 18:13:02'),
  (11583,'producerinfo','84','insert','2012-06-08 18:13:02'),
  (11584,'producerinfo','85','insert','2012-06-08 18:13:02'),
  (11585,'producerinfo','86','insert','2012-06-08 18:13:02'),
  (11586,'producerinfo','87','insert','2012-06-08 18:13:02'),
  (11587,'producerinfo','88','insert','2012-06-08 18:13:02'),
  (11588,'producerinfo','89','insert','2012-06-08 18:13:02'),
  (11589,'producerinfo','90','insert','2012-06-08 18:13:02'),
  (11590,'producerinfo','91','insert','2012-06-08 18:13:02'),
  (11591,'producerinfo','92','insert','2012-06-08 18:13:02'),
  (11592,'producerinfo','93','insert','2012-06-08 18:13:02'),
  (11593,'producerinfo','94','insert','2012-06-08 18:13:02'),
  (11594,'producerinfo','95','insert','2012-06-08 18:13:02'),
  (11595,'producerinfo','96','insert','2012-06-08 18:13:02'),
  (11596,'producerinfo','97','insert','2012-06-08 18:13:02'),
  (11597,'producerinfo','98','insert','2012-06-08 18:13:02'),
  (11598,'producerinfo','99','insert','2012-06-08 18:13:02'),
  (11599,'producerinfo','100','insert','2012-06-08 18:13:02'),
  (11600,'goodsinfo','N00001','insert','2012-06-08 18:13:02'),
  (11601,'goodsinfo','N00002','insert','2012-06-08 18:13:02'),
  (11602,'goodsinfo','N00003','insert','2012-06-08 18:13:02'),
  (11603,'goodsinfo','N00004','insert','2012-06-08 18:13:02'),
  (11604,'goodsinfo','N00005','insert','2012-06-08 18:13:02'),
  (11605,'goodsinfo','N00006','insert','2012-06-08 18:13:02'),
  (11606,'goodsinfo','N00007','insert','2012-06-08 18:13:02'),
  (11607,'goodsinfo','N00008','insert','2012-06-08 18:13:02'),
  (11608,'goodsinfo','N00009','insert','2012-06-08 18:13:02'),
  (11609,'goodsinfo','N00010','insert','2012-06-08 18:13:02'),
  (11610,'goodsinfo','N00011','insert','2012-06-08 18:13:02'),
  (11611,'goodsinfo','N00012','insert','2012-06-08 18:13:02'),
  (11612,'goodsinfo','N00013','insert','2012-06-08 18:13:02'),
  (11613,'goodsinfo','N00014','insert','2012-06-08 18:13:02'),
  (11614,'goodsinfo','N00015','insert','2012-06-08 18:13:02'),
  (11615,'goodsinfo','N00016','insert','2012-06-08 18:13:02'),
  (11616,'goodsinfo','N00017','insert','2012-06-08 18:13:02'),
  (11617,'goodsinfo','N00019-fq','insert','2012-06-08 18:13:02'),
  (11618,'goodsinfo','N00019-yg','insert','2012-06-08 18:13:02'),
  (11619,'goodsinfo','N00020','insert','2012-06-08 18:13:02'),
  (11620,'goodsinfo','N00021','insert','2012-06-08 18:13:02'),
  (11621,'goodsinfo','N00022','insert','2012-06-08 18:13:02'),
  (11622,'goodsinfo','N00023','insert','2012-06-08 18:13:02'),
  (11623,'goodsinfo','N00024','insert','2012-06-08 18:13:02'),
  (11624,'goodsinfo','N00026','insert','2012-06-08 18:13:02'),
  (11625,'goodsinfo','N00027','insert','2012-06-08 18:13:02'),
  (11626,'goodsinfo','N00028','insert','2012-06-08 18:13:02'),
  (11627,'goodsinfo','N00029','insert','2012-06-08 18:13:02'),
  (11628,'goodsinfo','N00030','insert','2012-06-08 18:13:02'),
  (11629,'goodsinfo','N00032','insert','2012-06-08 18:13:02'),
  (11630,'goodsinfo','N00033','insert','2012-06-08 18:13:02'),
  (11631,'goodsinfo','N00034','insert','2012-06-08 18:13:02'),
  (11632,'goodsinfo','N00035','insert','2012-06-08 18:13:02'),
  (11633,'goodsinfo','N00036','insert','2012-06-08 18:13:02'),
  (11634,'goodsinfo','N00037','insert','2012-06-08 18:13:02'),
  (11635,'goodsinfo','N00061','insert','2012-06-08 18:13:02'),
  (11636,'goodsinfo','N00078','insert','2012-06-08 18:13:02'),
  (11637,'goodsinfo','N00083','insert','2012-06-08 18:13:02'),
  (11638,'goodsinfo','N00097','insert','2012-06-08 18:13:02'),
  (11639,'goodsinfo','N00098','insert','2012-06-08 18:13:02'),
  (11640,'goodsinfo','N00099','insert','2012-06-08 18:13:02'),
  (11641,'goodsinfo','N00120','insert','2012-06-08 18:13:02'),
  (11642,'goodsinfo','N00121','insert','2012-06-08 18:13:02'),
  (11643,'goodsinfo','N00239','insert','2012-06-08 18:13:02'),
  (11644,'goodsinfo','N00244','insert','2012-06-08 18:13:02'),
  (11645,'goodsinfo','N00418','insert','2012-06-08 18:13:02'),
  (11646,'goodsinfo','N00419','insert','2012-06-08 18:13:02'),
  (11647,'goodsinfo','N00420','insert','2012-06-08 18:13:02'),
  (11648,'goodsinfo','N00469','insert','2012-06-08 18:13:02'),
  (11649,'goodsinfo','N00497','insert','2012-06-08 18:13:02'),
  (11650,'goodsinfo','N00499','insert','2012-06-08 18:13:02'),
  (11651,'goodsinfo','N00504','insert','2012-06-08 18:13:02'),
  (11652,'goodsinfo','N00505','insert','2012-06-08 18:13:02'),
  (11653,'goodsinfo','N00506','insert','2012-06-08 18:13:02'),
  (11654,'goodsinfo','N00507','insert','2012-06-08 18:13:02'),
  (11655,'goodsinfo','N00508','insert','2012-06-08 18:13:02'),
  (11656,'goodsinfo','N00509','insert','2012-06-08 18:13:02'),
  (11657,'goodsinfo','N00576','insert','2012-06-08 18:13:02'),
  (11658,'goodsinfo','N00577','insert','2012-06-08 18:13:02'),
  (11659,'goodsinfo','N00578','insert','2012-06-08 18:13:02'),
  (11660,'goodsinfo','N00580','insert','2012-06-08 18:13:02'),
  (11661,'goodsinfo','N00581','insert','2012-06-08 18:13:02'),
  (11662,'goodsinfo','N00582','insert','2012-06-08 18:13:02'),
  (11663,'goodsinfo','N00583','insert','2012-06-08 18:13:02'),
  (11664,'goodsinfo','N00584','insert','2012-06-08 18:13:02'),
  (11665,'goodsinfo','N00585','insert','2012-06-08 18:13:02'),
  (11666,'goodsinfo','N00586','insert','2012-06-08 18:13:02'),
  (11667,'goodsinfo','N00587','insert','2012-06-08 18:13:02'),
  (11668,'goodsinfo','N00588','insert','2012-06-08 18:13:02'),
  (11669,'goodsinfo','N00589','insert','2012-06-08 18:13:02'),
  (11670,'goodsinfo','N00590','insert','2012-06-08 18:13:02'),
  (11671,'goodsinfo','N00591','insert','2012-06-08 18:13:02'),
  (11672,'goodsinfo','N00626','insert','2012-06-08 18:13:02'),
  (11673,'goodsinfo','N00627','insert','2012-06-08 18:13:02'),
  (11674,'goodsinfo','P00001-1','insert','2012-06-08 18:13:02'),
  (11675,'goodsinfo','P00001-2','insert','2012-06-08 18:13:02'),
  (11676,'goodsinfo','P00001-3','insert','2012-06-08 18:13:02'),
  (11677,'goodsinfo','P00001-4','insert','2012-06-08 18:13:02'),
  (11678,'goodsinfo','P00001-5','insert','2012-06-08 18:13:02'),
  (11679,'goodsinfo','P00002-1','insert','2012-06-08 18:13:02'),
  (11680,'goodsinfo','P00002-2','insert','2012-06-08 18:13:02'),
  (11681,'goodsinfo','P00002-3','insert','2012-06-08 18:13:02'),
  (11682,'goodsinfo','P00002-4','insert','2012-06-08 18:13:02'),
  (11683,'goodsinfo','P00002-5','insert','2012-06-08 18:13:02'),
  (11684,'goodsinfo','P00003-1','insert','2012-06-08 18:13:02'),
  (11685,'goodsinfo','P00003-2','insert','2012-06-08 18:13:02'),
  (11686,'goodsinfo','P00003-3','insert','2012-06-08 18:13:02'),
  (11687,'goodsinfo','P00003-4','insert','2012-06-08 18:13:02'),
  (11688,'goodsinfo','P00003-5','insert','2012-06-08 18:13:02'),
  (11689,'goodsinfo','P00004-1','insert','2012-06-08 18:13:02'),
  (11690,'goodsinfo','P00004-2','insert','2012-06-08 18:13:02'),
  (11691,'goodsinfo','P00004-3','insert','2012-06-08 18:13:02'),
  (11692,'goodsinfo','P00004-4','insert','2012-06-08 18:13:02'),
  (11693,'goodsinfo','P00004-5','insert','2012-06-08 18:13:02'),
  (11694,'goodsinfo','P00005-1','insert','2012-06-08 18:13:02'),
  (11695,'goodsinfo','P00005-2','insert','2012-06-08 18:13:02'),
  (11696,'goodsinfo','P00005-3','insert','2012-06-08 18:13:02'),
  (11697,'goodsinfo','P00005-4','insert','2012-06-08 18:13:02'),
  (11698,'goodsinfo','P00005-5','insert','2012-06-08 18:13:02'),
  (11699,'goodsinfo','P00006-1','insert','2012-06-08 18:13:02'),
  (11700,'goodsinfo','P00006-2','insert','2012-06-08 18:13:02'),
  (11701,'goodsinfo','P00006-3','insert','2012-06-08 18:13:02'),
  (11702,'goodsinfo','P00006-4','insert','2012-06-08 18:13:02'),
  (11703,'goodsinfo','P00006-5','insert','2012-06-08 18:13:02'),
  (11704,'goodsinfo','P00007-1','insert','2012-06-08 18:13:02'),
  (11705,'goodsinfo','P00007-2','insert','2012-06-08 18:13:02'),
  (11706,'goodsinfo','P00007-3','insert','2012-06-08 18:13:02'),
  (11707,'goodsinfo','P00007-4','insert','2012-06-08 18:13:02'),
  (11708,'goodsinfo','P00007-5','insert','2012-06-08 18:13:02'),
  (11709,'goodsinfo','P00008-1','insert','2012-06-08 18:13:02'),
  (11710,'goodsinfo','P00008-2','insert','2012-06-08 18:13:02'),
  (11711,'goodsinfo','P00008-3','insert','2012-06-08 18:13:02'),
  (11712,'goodsinfo','P00008-4','insert','2012-06-08 18:13:02'),
  (11713,'goodsinfo','P00008-5','insert','2012-06-08 18:13:02'),
  (11714,'goodsinfo','P00009-1','insert','2012-06-08 18:13:02'),
  (11715,'goodsinfo','P00009-2','insert','2012-06-08 18:13:02'),
  (11716,'goodsinfo','P00009-3','insert','2012-06-08 18:13:02'),
  (11717,'goodsinfo','P00009-4','insert','2012-06-08 18:13:02'),
  (11718,'goodsinfo','P00009-5','insert','2012-06-08 18:13:02'),
  (11719,'goodsinfo','P00010-1','insert','2012-06-08 18:13:02'),
  (11720,'goodsinfo','P00010-2','insert','2012-06-08 18:13:02'),
  (11721,'goodsinfo','P00010-3','insert','2012-06-08 18:13:02'),
  (11722,'goodsinfo','P00010-4','insert','2012-06-08 18:13:02'),
  (11723,'goodsinfo','P00010-5','insert','2012-06-08 18:13:02'),
  (11724,'goodsinfo','P00011-1','insert','2012-06-08 18:13:02'),
  (11725,'goodsinfo','P00011-2','insert','2012-06-08 18:13:02'),
  (11726,'goodsinfo','P00011-3','insert','2012-06-08 18:13:02'),
  (11727,'goodsinfo','P00011-4','insert','2012-06-08 18:13:02'),
  (11728,'goodsinfo','P00011-5','insert','2012-06-08 18:13:02'),
  (11729,'goodsinfo','P00012-1','insert','2012-06-08 18:13:02'),
  (11730,'goodsinfo','P00012-2','insert','2012-06-08 18:13:02'),
  (11731,'goodsinfo','P00012-3','insert','2012-06-08 18:13:02'),
  (11732,'goodsinfo','P00012-4','insert','2012-06-08 18:13:02'),
  (11733,'goodsinfo','P00012-5','insert','2012-06-08 18:13:02'),
  (11734,'goodsinfo','P00013-1','insert','2012-06-08 18:13:02'),
  (11735,'goodsinfo','P00013-2','insert','2012-06-08 18:13:02'),
  (11736,'goodsinfo','P00013-3','insert','2012-06-08 18:13:02'),
  (11737,'goodsinfo','P00013-4','insert','2012-06-08 18:13:02');

COMMIT;

#
# Data for the `dataupdatelog` table  (LIMIT 1000,500)
#

INSERT INTO `dataupdatelog` (`id`, `tableName`, `recordId`, `action`, `actiontime`) VALUES 
  (11738,'goodsinfo','P00013-5','insert','2012-06-08 18:13:02'),
  (11739,'goodsinfo','P00014-1','insert','2012-06-08 18:13:02'),
  (11740,'goodsinfo','P00014-2','insert','2012-06-08 18:13:02'),
  (11741,'goodsinfo','P00014-3','insert','2012-06-08 18:13:02'),
  (11742,'goodsinfo','P00014-4','insert','2012-06-08 18:13:02'),
  (11743,'goodsinfo','P00014-5','insert','2012-06-08 18:13:02'),
  (11744,'goodsinfo','P00015-1','insert','2012-06-08 18:13:02'),
  (11745,'goodsinfo','P00015-2','insert','2012-06-08 18:13:02'),
  (11746,'goodsinfo','P00015-3','insert','2012-06-08 18:13:02'),
  (11747,'goodsinfo','P00015-4','insert','2012-06-08 18:13:02'),
  (11748,'goodsinfo','P00015-5','insert','2012-06-08 18:13:02'),
  (11749,'goodsinfo','P00016-1','insert','2012-06-08 18:13:02'),
  (11750,'goodsinfo','P00016-2','insert','2012-06-08 18:13:02'),
  (11751,'goodsinfo','P00016-3','insert','2012-06-08 18:13:02'),
  (11752,'goodsinfo','P00016-4','insert','2012-06-08 18:13:02'),
  (11753,'goodsinfo','P00016-5','insert','2012-06-08 18:13:02'),
  (11754,'goodsinfo','P00017-1','insert','2012-06-08 18:13:02'),
  (11755,'goodsinfo','P00017-2','insert','2012-06-08 18:13:02'),
  (11756,'goodsinfo','P00017-3','insert','2012-06-08 18:13:02'),
  (11757,'goodsinfo','P00017-4','insert','2012-06-08 18:13:02'),
  (11758,'goodsinfo','P00017-5','insert','2012-06-08 18:13:02'),
  (11759,'goodsinfo','P00018-1','insert','2012-06-08 18:13:02'),
  (11760,'goodsinfo','P00018-2','insert','2012-06-08 18:13:02'),
  (11761,'goodsinfo','P00018-3','insert','2012-06-08 18:13:02'),
  (11762,'goodsinfo','P00018-4','insert','2012-06-08 18:13:02'),
  (11763,'goodsinfo','P00018-5','insert','2012-06-08 18:13:02'),
  (11764,'goodsinfo','P00020-1','insert','2012-06-08 18:13:02'),
  (11765,'goodsinfo','P00020-2','insert','2012-06-08 18:13:02'),
  (11766,'goodsinfo','P00020-3','insert','2012-06-08 18:13:02'),
  (11767,'goodsinfo','P00020-4','insert','2012-06-08 18:13:02'),
  (11768,'goodsinfo','P00020-5','insert','2012-06-08 18:13:02'),
  (11769,'goodsinfo','P00021-1','insert','2012-06-08 18:13:02'),
  (11770,'goodsinfo','P00021-2','insert','2012-06-08 18:13:02'),
  (11771,'goodsinfo','P00021-3','insert','2012-06-08 18:13:02'),
  (11772,'goodsinfo','P00021-4','insert','2012-06-08 18:13:02'),
  (11773,'goodsinfo','P00021-5','insert','2012-06-08 18:13:02'),
  (11774,'goodsinfo','P00022-1','insert','2012-06-08 18:13:02'),
  (11775,'goodsinfo','P00022-2','insert','2012-06-08 18:13:02'),
  (11776,'goodsinfo','P00022-3','insert','2012-06-08 18:13:02'),
  (11777,'goodsinfo','P00022-4','insert','2012-06-08 18:13:02'),
  (11778,'goodsinfo','P00022-5','insert','2012-06-08 18:13:02'),
  (11779,'goodsinfo','P00023-1','insert','2012-06-08 18:13:02'),
  (11780,'goodsinfo','P00023-2','insert','2012-06-08 18:13:02'),
  (11781,'goodsinfo','P00023-3','insert','2012-06-08 18:13:02'),
  (11782,'goodsinfo','P00023-4','insert','2012-06-08 18:13:02'),
  (11783,'goodsinfo','P00023-5','insert','2012-06-08 18:13:02'),
  (11784,'goodsinfo','P00024-1','insert','2012-06-08 18:13:02'),
  (11785,'goodsinfo','P00024-2','insert','2012-06-08 18:13:02'),
  (11786,'goodsinfo','P00024-3','insert','2012-06-08 18:13:02'),
  (11787,'goodsinfo','P00024-4','insert','2012-06-08 18:13:02'),
  (11788,'goodsinfo','P00024-5','insert','2012-06-08 18:13:02'),
  (11789,'goodsinfo','P000245','insert','2012-06-08 18:13:02'),
  (11790,'goodsinfo','P00025-1','insert','2012-06-08 18:13:02'),
  (11791,'goodsinfo','P00025-2','insert','2012-06-08 18:13:02'),
  (11792,'goodsinfo','P00025-3','insert','2012-06-08 18:13:02'),
  (11793,'goodsinfo','P00025-4','insert','2012-06-08 18:13:02'),
  (11794,'goodsinfo','P00025-5','insert','2012-06-08 18:13:02'),
  (11795,'goodsinfo','P00026-1','insert','2012-06-08 18:13:02'),
  (11796,'goodsinfo','P00026-2','insert','2012-06-08 18:13:02'),
  (11797,'goodsinfo','P00026-3','insert','2012-06-08 18:13:02'),
  (11798,'goodsinfo','P00026-4','insert','2012-06-08 18:13:02'),
  (11799,'goodsinfo','P00026-5','insert','2012-06-08 18:13:02'),
  (11800,'goodsinfo','P00028-1','insert','2012-06-08 18:13:02'),
  (11801,'goodsinfo','P00028-2','insert','2012-06-08 18:13:02'),
  (11802,'goodsinfo','P00028-3','insert','2012-06-08 18:13:02'),
  (11803,'goodsinfo','P00028-4','insert','2012-06-08 18:13:02'),
  (11804,'goodsinfo','P00028-5','insert','2012-06-08 18:13:02'),
  (11805,'goodsinfo','P00029-1','insert','2012-06-08 18:13:02'),
  (11806,'goodsinfo','P00029-2','insert','2012-06-08 18:13:02'),
  (11807,'goodsinfo','P00029-3','insert','2012-06-08 18:13:02'),
  (11808,'goodsinfo','P00029-4','insert','2012-06-08 18:13:02'),
  (11809,'goodsinfo','P00029-5','insert','2012-06-08 18:13:02'),
  (11810,'goodsinfo','P00031-1','insert','2012-06-08 18:13:02'),
  (11811,'goodsinfo','P00031-2','insert','2012-06-08 18:13:02'),
  (11812,'goodsinfo','P00031-3','insert','2012-06-08 18:13:02'),
  (11813,'goodsinfo','P00031-4','insert','2012-06-08 18:13:02'),
  (11814,'goodsinfo','P00031-5','insert','2012-06-08 18:13:02'),
  (11815,'goodsinfo','P00032-1','insert','2012-06-08 18:13:02'),
  (11816,'goodsinfo','P00032-2','insert','2012-06-08 18:13:02'),
  (11817,'goodsinfo','P00032-3','insert','2012-06-08 18:13:02'),
  (11818,'goodsinfo','P00032-4','insert','2012-06-08 18:13:02'),
  (11819,'goodsinfo','P00032-5','insert','2012-06-08 18:13:02'),
  (11820,'goodsinfo','P00033-1','insert','2012-06-08 18:13:02'),
  (11821,'goodsinfo','P00033-2','insert','2012-06-08 18:13:02'),
  (11822,'goodsinfo','P00033-3','insert','2012-06-08 18:13:02'),
  (11823,'goodsinfo','P00033-4','insert','2012-06-08 18:13:02'),
  (11824,'goodsinfo','P00033-5','insert','2012-06-08 18:13:02'),
  (11825,'goodsinfo','P00034-1','insert','2012-06-08 18:13:02'),
  (11826,'goodsinfo','P00034-2','insert','2012-06-08 18:13:02'),
  (11827,'goodsinfo','P00034-3','insert','2012-06-08 18:13:02'),
  (11828,'goodsinfo','P00034-4','insert','2012-06-08 18:13:02'),
  (11829,'goodsinfo','P00034-5','insert','2012-06-08 18:13:02'),
  (11830,'goodsinfo','P00035-1','insert','2012-06-08 18:13:02'),
  (11831,'goodsinfo','P00035-2','insert','2012-06-08 18:13:02'),
  (11832,'goodsinfo','P00035-3','insert','2012-06-08 18:13:02'),
  (11833,'goodsinfo','P00035-4','insert','2012-06-08 18:13:02'),
  (11834,'goodsinfo','P00035-5','insert','2012-06-08 18:13:02'),
  (11835,'goodsinfo','P00036-1','insert','2012-06-08 18:13:02'),
  (11836,'goodsinfo','P00036-2','insert','2012-06-08 18:13:02'),
  (11837,'goodsinfo','P00036-3','insert','2012-06-08 18:13:02'),
  (11838,'goodsinfo','P00036-4','insert','2012-06-08 18:13:02'),
  (11839,'goodsinfo','P00036-5','insert','2012-06-08 18:13:02'),
  (11840,'goodsinfo','P00037-1','insert','2012-06-08 18:13:02'),
  (11841,'goodsinfo','P00037-2','insert','2012-06-08 18:13:02'),
  (11842,'goodsinfo','P00037-3','insert','2012-06-08 18:13:02'),
  (11843,'goodsinfo','P00037-4','insert','2012-06-08 18:13:02'),
  (11844,'goodsinfo','P00037-5','insert','2012-06-08 18:13:02'),
  (11845,'goodsinfo','P00039','insert','2012-06-08 18:13:02'),
  (11846,'goodsinfo','P00040','insert','2012-06-08 18:13:02'),
  (11847,'goodsinfo','P00041','insert','2012-06-08 18:13:02'),
  (11848,'goodsinfo','P00042','insert','2012-06-08 18:13:02'),
  (11849,'goodsinfo','P00043','insert','2012-06-08 18:13:02'),
  (11850,'goodsinfo','P00044','insert','2012-06-08 18:13:02'),
  (11851,'goodsinfo','P00045','insert','2012-06-08 18:13:02'),
  (11852,'goodsinfo','P00046','insert','2012-06-08 18:13:02'),
  (11853,'goodsinfo','P00047','insert','2012-06-08 18:13:02'),
  (11854,'goodsinfo','P00048','insert','2012-06-08 18:13:02'),
  (11855,'goodsinfo','P00049','insert','2012-06-08 18:13:02'),
  (11856,'goodsinfo','P00050','insert','2012-06-08 18:13:02'),
  (11857,'goodsinfo','P00051','insert','2012-06-08 18:13:02'),
  (11858,'goodsinfo','P00052','insert','2012-06-08 18:13:02'),
  (11859,'goodsinfo','P00053-1','insert','2012-06-08 18:13:02'),
  (11860,'goodsinfo','P00053-2','insert','2012-06-08 18:13:02'),
  (11861,'goodsinfo','P00053-3','insert','2012-06-08 18:13:02'),
  (11862,'goodsinfo','P00053-4','insert','2012-06-08 18:13:02'),
  (11863,'goodsinfo','P00053-5','insert','2012-06-08 18:13:02'),
  (11864,'goodsinfo','P00054','insert','2012-06-08 18:13:02'),
  (11865,'goodsinfo','P00055','insert','2012-06-08 18:13:02'),
  (11866,'goodsinfo','P00056','insert','2012-06-08 18:13:02'),
  (11867,'goodsinfo','P00057','insert','2012-06-08 18:13:02'),
  (11868,'goodsinfo','P00058-1','insert','2012-06-08 18:13:02'),
  (11869,'goodsinfo','P00058-2','insert','2012-06-08 18:13:02'),
  (11870,'goodsinfo','P00059','insert','2012-06-08 18:13:02'),
  (11871,'goodsinfo','P00060','insert','2012-06-08 18:13:02'),
  (11872,'goodsinfo','P00060/61','insert','2012-06-08 18:13:02'),
  (11873,'goodsinfo','P00061','insert','2012-06-08 18:13:02'),
  (11874,'goodsinfo','P00062','insert','2012-06-08 18:13:02'),
  (11875,'goodsinfo','P00063','insert','2012-06-08 18:13:02'),
  (11876,'goodsinfo','P00064','insert','2012-06-08 18:13:02'),
  (11877,'goodsinfo','P00065','insert','2012-06-08 18:13:02'),
  (11878,'goodsinfo','P00066','insert','2012-06-08 18:13:02'),
  (11879,'goodsinfo','P00067','insert','2012-06-08 18:13:02'),
  (11880,'goodsinfo','P00068','insert','2012-06-08 18:13:02'),
  (11881,'goodsinfo','P00068/69','insert','2012-06-08 18:13:02'),
  (11882,'goodsinfo','P00069','insert','2012-06-08 18:13:02'),
  (11883,'goodsinfo','P00070','insert','2012-06-08 18:13:02'),
  (11884,'goodsinfo','P00071','insert','2012-06-08 18:13:02'),
  (11885,'goodsinfo','P00072','insert','2012-06-08 18:13:02'),
  (11886,'goodsinfo','P00073','insert','2012-06-08 18:13:02'),
  (11887,'goodsinfo','P00074','insert','2012-06-08 18:13:02'),
  (11888,'goodsinfo','P00075','insert','2012-06-08 18:13:02'),
  (11889,'goodsinfo','P00076','insert','2012-06-08 18:13:02'),
  (11890,'goodsinfo','P00077','insert','2012-06-08 18:13:02'),
  (11891,'goodsinfo','P00078','insert','2012-06-08 18:13:02'),
  (11892,'goodsinfo','P00079','insert','2012-06-08 18:13:02'),
  (11893,'goodsinfo','P00080','insert','2012-06-08 18:13:02'),
  (11894,'goodsinfo','P00081','insert','2012-06-08 18:13:02'),
  (11895,'goodsinfo','P00082','insert','2012-06-08 18:13:02'),
  (11896,'goodsinfo','P00083','insert','2012-06-08 18:13:02'),
  (11897,'goodsinfo','P00084','insert','2012-06-08 18:13:02'),
  (11898,'goodsinfo','P00085','insert','2012-06-08 18:13:02'),
  (11899,'goodsinfo','P00086','insert','2012-06-08 18:13:02'),
  (11900,'goodsinfo','P00087','insert','2012-06-08 18:13:02'),
  (11901,'goodsinfo','P00088','insert','2012-06-08 18:13:02'),
  (11902,'goodsinfo','P00089','insert','2012-06-08 18:13:02'),
  (11903,'goodsinfo','P00090','insert','2012-06-08 18:13:02'),
  (11904,'goodsinfo','P00091','insert','2012-06-08 18:13:02'),
  (11905,'goodsinfo','P00092','insert','2012-06-08 18:13:02'),
  (11906,'goodsinfo','P00093-1','insert','2012-06-08 18:13:02'),
  (11907,'goodsinfo','P00093-2','insert','2012-06-08 18:13:02'),
  (11908,'goodsinfo','P00093-3','insert','2012-06-08 18:13:02'),
  (11909,'goodsinfo','P00093-4','insert','2012-06-08 18:13:02'),
  (11910,'goodsinfo','P00093-5','insert','2012-06-08 18:13:02'),
  (11911,'goodsinfo','P00093-a','insert','2012-06-08 18:13:02'),
  (11912,'goodsinfo','P00093-b','insert','2012-06-08 18:13:02'),
  (11913,'goodsinfo','P00093-c','insert','2012-06-08 18:13:02'),
  (11914,'goodsinfo','P00093-d','insert','2012-06-08 18:13:02'),
  (11915,'goodsinfo','P00093-e','insert','2012-06-08 18:13:02'),
  (11916,'goodsinfo','P00094-1','insert','2012-06-08 18:13:02'),
  (11917,'goodsinfo','P00094-2','insert','2012-06-08 18:13:02'),
  (11918,'goodsinfo','P00094-3','insert','2012-06-08 18:13:02'),
  (11919,'goodsinfo','P00094-4','insert','2012-06-08 18:13:02'),
  (11920,'goodsinfo','P00095-1','insert','2012-06-08 18:13:02'),
  (11921,'goodsinfo','P00095-2','insert','2012-06-08 18:13:02'),
  (11922,'goodsinfo','P00095-3','insert','2012-06-08 18:13:02'),
  (11923,'goodsinfo','P00095-4','insert','2012-06-08 18:13:02'),
  (11924,'goodsinfo','P00095-a','insert','2012-06-08 18:13:02'),
  (11925,'goodsinfo','P00095-b','insert','2012-06-08 18:13:02'),
  (11926,'goodsinfo','P00095-c','insert','2012-06-08 18:13:02'),
  (11927,'goodsinfo','P00095-d','insert','2012-06-08 18:13:02'),
  (11928,'goodsinfo','P00096','insert','2012-06-08 18:13:02'),
  (11929,'goodsinfo','P00097','insert','2012-06-08 18:13:02'),
  (11930,'goodsinfo','P00098','insert','2012-06-08 18:13:02'),
  (11931,'goodsinfo','P00099','insert','2012-06-08 18:13:02'),
  (11932,'goodsinfo','P00100','insert','2012-06-08 18:13:02'),
  (11933,'goodsinfo','P00101','insert','2012-06-08 18:13:02'),
  (11934,'goodsinfo','P00102','insert','2012-06-08 18:13:02'),
  (11935,'goodsinfo','P00103','insert','2012-06-08 18:13:02'),
  (11936,'goodsinfo','P00104','insert','2012-06-08 18:13:02'),
  (11937,'goodsinfo','P00105','insert','2012-06-08 18:13:02'),
  (11938,'goodsinfo','P00106','insert','2012-06-08 18:13:02'),
  (11939,'goodsinfo','P00107','insert','2012-06-08 18:13:02'),
  (11940,'goodsinfo','P00108','insert','2012-06-08 18:13:02'),
  (11941,'goodsinfo','P00109','insert','2012-06-08 18:13:02'),
  (11942,'goodsinfo','P00110','insert','2012-06-08 18:13:02'),
  (11943,'goodsinfo','P00111','insert','2012-06-08 18:13:02'),
  (11944,'goodsinfo','P00112','insert','2012-06-08 18:13:02'),
  (11945,'goodsinfo','P00113','insert','2012-06-08 18:13:02'),
  (11946,'goodsinfo','P00115','insert','2012-06-08 18:13:02'),
  (11947,'goodsinfo','P00116','insert','2012-06-08 18:13:02'),
  (11948,'goodsinfo','P00117','insert','2012-06-08 18:13:02'),
  (11949,'goodsinfo','P00118','insert','2012-06-08 18:13:02'),
  (11950,'goodsinfo','P00119','insert','2012-06-08 18:13:02'),
  (11951,'goodsinfo','P00120','insert','2012-06-08 18:13:02'),
  (11952,'goodsinfo','P00121','insert','2012-06-08 18:13:02'),
  (11953,'goodsinfo','P00122','insert','2012-06-08 18:13:02'),
  (11954,'goodsinfo','P00123','insert','2012-06-08 18:13:02'),
  (11955,'goodsinfo','P00124','insert','2012-06-08 18:13:02'),
  (11956,'goodsinfo','P00125','insert','2012-06-08 18:13:02'),
  (11957,'goodsinfo','P00126','insert','2012-06-08 18:13:02'),
  (11958,'goodsinfo','P00127','insert','2012-06-08 18:13:02'),
  (11959,'goodsinfo','P00128','insert','2012-06-08 18:13:02'),
  (11960,'goodsinfo','P00129','insert','2012-06-08 18:13:02'),
  (11961,'goodsinfo','P00130','insert','2012-06-08 18:13:02'),
  (11962,'goodsinfo','P00131','insert','2012-06-08 18:13:02'),
  (11963,'goodsinfo','P00132','insert','2012-06-08 18:13:02'),
  (11964,'goodsinfo','P00133','insert','2012-06-08 18:13:02'),
  (11965,'goodsinfo','P00134','insert','2012-06-08 18:13:02'),
  (11966,'goodsinfo','P00135','insert','2012-06-08 18:13:02'),
  (11967,'goodsinfo','P00136','insert','2012-06-08 18:13:02'),
  (11968,'goodsinfo','P00137','insert','2012-06-08 18:13:02'),
  (11969,'goodsinfo','P00138','insert','2012-06-08 18:13:02'),
  (11970,'goodsinfo','P00139','insert','2012-06-08 18:13:02'),
  (11971,'goodsinfo','P00140','insert','2012-06-08 18:13:02'),
  (11972,'goodsinfo','P00141','insert','2012-06-08 18:13:02'),
  (11973,'goodsinfo','P00142','insert','2012-06-08 18:13:02'),
  (11974,'goodsinfo','P00143','insert','2012-06-08 18:13:02'),
  (11975,'goodsinfo','P00144','insert','2012-06-08 18:13:02'),
  (11976,'goodsinfo','P00145','insert','2012-06-08 18:13:02'),
  (11977,'goodsinfo','P00146','insert','2012-06-08 18:13:02'),
  (11978,'goodsinfo','P00147','insert','2012-06-08 18:13:02'),
  (11979,'goodsinfo','P00148','insert','2012-06-08 18:13:02'),
  (11980,'goodsinfo','P00149','insert','2012-06-08 18:13:02'),
  (11981,'goodsinfo','P00150','insert','2012-06-08 18:13:02'),
  (11982,'goodsinfo','P00151','insert','2012-06-08 18:13:02'),
  (11983,'goodsinfo','P00152','insert','2012-06-08 18:13:02'),
  (11984,'goodsinfo','P00153','insert','2012-06-08 18:13:02'),
  (11985,'goodsinfo','P00154','insert','2012-06-08 18:13:02'),
  (11986,'goodsinfo','P00155','insert','2012-06-08 18:13:02'),
  (11987,'goodsinfo','P00156','insert','2012-06-08 18:13:02'),
  (11988,'goodsinfo','P00157','insert','2012-06-08 18:13:02'),
  (11989,'goodsinfo','P00158','insert','2012-06-08 18:13:02'),
  (11990,'goodsinfo','P00159','insert','2012-06-08 18:13:02'),
  (11991,'goodsinfo','P00160','insert','2012-06-08 18:13:02'),
  (11992,'goodsinfo','P00161','insert','2012-06-08 18:13:02'),
  (11993,'goodsinfo','P00162','insert','2012-06-08 18:13:02'),
  (11994,'goodsinfo','P00163','insert','2012-06-08 18:13:02'),
  (11995,'goodsinfo','P00164','insert','2012-06-08 18:13:02'),
  (11996,'goodsinfo','P00165','insert','2012-06-08 18:13:02'),
  (11997,'goodsinfo','P00166','insert','2012-06-08 18:13:02'),
  (11998,'goodsinfo','P00167','insert','2012-06-08 18:13:02'),
  (11999,'goodsinfo','P00168','insert','2012-06-08 18:13:02'),
  (12000,'goodsinfo','P00169','insert','2012-06-08 18:13:02'),
  (12001,'goodsinfo','P00170','insert','2012-06-08 18:13:02'),
  (12002,'goodsinfo','P00171','insert','2012-06-08 18:13:02'),
  (12003,'goodsinfo','P00172','insert','2012-06-08 18:13:02'),
  (12004,'goodsinfo','P00173','insert','2012-06-08 18:13:02'),
  (12005,'goodsinfo','P00174','insert','2012-06-08 18:13:02'),
  (12006,'goodsinfo','P00175','insert','2012-06-08 18:13:02'),
  (12007,'goodsinfo','P00176','insert','2012-06-08 18:13:02'),
  (12008,'goodsinfo','P00177','insert','2012-06-08 18:13:02'),
  (12009,'goodsinfo','P00178','insert','2012-06-08 18:13:02'),
  (12010,'goodsinfo','P00179','insert','2012-06-08 18:13:02'),
  (12011,'goodsinfo','P00180','insert','2012-06-08 18:13:02'),
  (12012,'goodsinfo','P00181','insert','2012-06-08 18:13:02'),
  (12013,'goodsinfo','P00182','insert','2012-06-08 18:13:02'),
  (12014,'goodsinfo','P00183','insert','2012-06-08 18:13:02'),
  (12015,'goodsinfo','P00184','insert','2012-06-08 18:13:02'),
  (12016,'goodsinfo','P00185','insert','2012-06-08 18:13:02'),
  (12017,'goodsinfo','P00186','insert','2012-06-08 18:13:02'),
  (12018,'goodsinfo','P00187','insert','2012-06-08 18:13:02'),
  (12019,'goodsinfo','P00188','insert','2012-06-08 18:13:02'),
  (12020,'goodsinfo','P00189','insert','2012-06-08 18:13:02'),
  (12021,'goodsinfo','P00190','insert','2012-06-08 18:13:02'),
  (12022,'goodsinfo','P00191','insert','2012-06-08 18:13:02'),
  (12023,'goodsinfo','P00192','insert','2012-06-08 18:13:02'),
  (12024,'goodsinfo','P00199-2','insert','2012-06-08 18:13:02'),
  (12025,'goodsinfo','P00199-3','insert','2012-06-08 18:13:02'),
  (12026,'goodsinfo','P00205-1','insert','2012-06-08 18:13:02'),
  (12027,'goodsinfo','P00205-2','insert','2012-06-08 18:13:02'),
  (12028,'goodsinfo','P00206-1','insert','2012-06-08 18:13:02'),
  (12029,'goodsinfo','P00206-2','insert','2012-06-08 18:13:02'),
  (12030,'goodsinfo','P00206-3','insert','2012-06-08 18:13:02'),
  (12031,'goodsinfo','P00206-a','insert','2012-06-08 18:13:02'),
  (12032,'goodsinfo','P00206-b','insert','2012-06-08 18:13:02'),
  (12033,'goodsinfo','P00206-c','insert','2012-06-08 18:13:02'),
  (12034,'goodsinfo','P00209','insert','2012-06-08 18:13:02'),
  (12035,'goodsinfo','P00212','insert','2012-06-08 18:13:02'),
  (12036,'goodsinfo','P00213','insert','2012-06-08 18:13:02'),
  (12037,'goodsinfo','P00216','insert','2012-06-08 18:13:02'),
  (12038,'goodsinfo','P00218','insert','2012-06-08 18:13:02'),
  (12039,'goodsinfo','P00219','insert','2012-06-08 18:13:02'),
  (12040,'goodsinfo','P00220','insert','2012-06-08 18:13:02'),
  (12041,'goodsinfo','P00221','insert','2012-06-08 18:13:02'),
  (12042,'goodsinfo','P00222','insert','2012-06-08 18:13:02'),
  (12043,'goodsinfo','P00224','insert','2012-06-08 18:13:02'),
  (12044,'goodsinfo','P00225','insert','2012-06-08 18:13:02'),
  (12045,'goodsinfo','P00226','insert','2012-06-08 18:13:02'),
  (12046,'goodsinfo','P00227','insert','2012-06-08 18:13:02'),
  (12047,'goodsinfo','P00228','insert','2012-06-08 18:13:02'),
  (12048,'goodsinfo','P00229','insert','2012-06-08 18:13:02'),
  (12049,'goodsinfo','P00230','insert','2012-06-08 18:13:02'),
  (12050,'goodsinfo','P00232','insert','2012-06-08 18:13:02'),
  (12051,'goodsinfo','P00233','insert','2012-06-08 18:13:02'),
  (12052,'goodsinfo','P00234','insert','2012-06-08 18:13:02'),
  (12053,'goodsinfo','P00235','insert','2012-06-08 18:13:02'),
  (12054,'goodsinfo','P00236','insert','2012-06-08 18:13:02'),
  (12055,'goodsinfo','P00237','insert','2012-06-08 18:13:02'),
  (12056,'goodsinfo','P00238','insert','2012-06-08 18:13:02'),
  (12057,'goodsinfo','P00239','insert','2012-06-08 18:13:02'),
  (12058,'goodsinfo','P00240','insert','2012-06-08 18:13:02'),
  (12059,'goodsinfo','P00241','insert','2012-06-08 18:13:02'),
  (12060,'goodsinfo','P00243','insert','2012-06-08 18:13:02'),
  (12061,'goodsinfo','P00244','insert','2012-06-08 18:13:02'),
  (12062,'goodsinfo','P00246','insert','2012-06-08 18:13:02'),
  (12063,'goodsinfo','P00247','insert','2012-06-08 18:13:02'),
  (12064,'goodsinfo','P00248','insert','2012-06-08 18:13:02'),
  (12065,'goodsinfo','P00249','insert','2012-06-08 18:13:02'),
  (12066,'goodsinfo','P00250','insert','2012-06-08 18:13:02'),
  (12067,'goodsinfo','P00251','insert','2012-06-08 18:13:02'),
  (12068,'goodsinfo','P00252','insert','2012-06-08 18:13:02'),
  (12069,'goodsinfo','P00255','insert','2012-06-08 18:13:02'),
  (12070,'goodsinfo','P00256','insert','2012-06-08 18:13:02'),
  (12071,'goodsinfo','P00257','insert','2012-06-08 18:13:02'),
  (12072,'goodsinfo','P00258','insert','2012-06-08 18:13:02'),
  (12073,'goodsinfo','P00259','insert','2012-06-08 18:13:02'),
  (12074,'goodsinfo','P00260','insert','2012-06-08 18:13:02'),
  (12075,'goodsinfo','P00261','insert','2012-06-08 18:13:02'),
  (12076,'goodsinfo','P00262','insert','2012-06-08 18:13:02'),
  (12077,'goodsinfo','P00263','insert','2012-06-08 18:13:02'),
  (12078,'goodsinfo','P00264','insert','2012-06-08 18:13:02'),
  (12079,'goodsinfo','P00265','insert','2012-06-08 18:13:02'),
  (12080,'goodsinfo','P00266','insert','2012-06-08 18:13:02'),
  (12081,'goodsinfo','P00267','insert','2012-06-08 18:13:02'),
  (12082,'goodsinfo','P00268','insert','2012-06-08 18:13:02'),
  (12083,'goodsinfo','P00270','insert','2012-06-08 18:13:02'),
  (12084,'goodsinfo','P00271','insert','2012-06-08 18:13:02'),
  (12085,'goodsinfo','P00272','insert','2012-06-08 18:13:02'),
  (12086,'goodsinfo','P00273','insert','2012-06-08 18:13:02'),
  (12087,'goodsinfo','P00286-3','insert','2012-06-08 18:13:02'),
  (12088,'goodsinfo','P00286-c','insert','2012-06-08 18:13:02'),
  (12089,'goodsinfo','P00294','insert','2012-06-08 18:13:02'),
  (12090,'goodsinfo','P00304','insert','2012-06-08 18:13:02'),
  (12091,'goodsinfo','P00305','insert','2012-06-08 18:13:02'),
  (12092,'goodsinfo','P00306','insert','2012-06-08 18:13:02'),
  (12093,'goodsinfo','P00307','insert','2012-06-08 18:13:02'),
  (12094,'goodsinfo','P00308','insert','2012-06-08 18:13:02'),
  (12095,'goodsinfo','P00309','insert','2012-06-08 18:13:02'),
  (12096,'goodsinfo','P00310','insert','2012-06-08 18:13:02'),
  (12097,'goodsinfo','P00311','insert','2012-06-08 18:13:02'),
  (12098,'goodsinfo','P00312','insert','2012-06-08 18:13:02'),
  (12099,'goodsinfo','P00313','insert','2012-06-08 18:13:02'),
  (12100,'goodsinfo','P00314','insert','2012-06-08 18:13:02'),
  (12101,'goodsinfo','P00315','insert','2012-06-08 18:13:02'),
  (12102,'goodsinfo','P00319','insert','2012-06-08 18:13:02'),
  (12103,'goodsinfo','P00320','insert','2012-06-08 18:13:02'),
  (12104,'goodsinfo','P00334','insert','2012-06-08 18:13:02'),
  (12105,'goodsinfo','P00338','insert','2012-06-08 18:13:02'),
  (12106,'goodsinfo','P00340','insert','2012-06-08 18:13:02'),
  (12107,'goodsinfo','P00341','insert','2012-06-08 18:13:02'),
  (12108,'goodsinfo','P00342','insert','2012-06-08 18:13:02'),
  (12109,'goodsinfo','P00343','insert','2012-06-08 18:13:02'),
  (12110,'goodsinfo','P00344','insert','2012-06-08 18:13:02'),
  (12111,'goodsinfo','P00345','insert','2012-06-08 18:13:02'),
  (12112,'goodsinfo','P00346','insert','2012-06-08 18:13:02'),
  (12113,'goodsinfo','P00349','insert','2012-06-08 18:13:02'),
  (12114,'goodsinfo','P00350','insert','2012-06-08 18:13:02'),
  (12115,'goodsinfo','P00369-1','insert','2012-06-08 18:13:02'),
  (12116,'goodsinfo','P00369-2','insert','2012-06-08 18:13:02'),
  (12117,'goodsinfo','P00369-3','insert','2012-06-08 18:13:02'),
  (12118,'goodsinfo','P00369-4','insert','2012-06-08 18:13:02'),
  (12119,'goodsinfo','P00369-5','insert','2012-06-08 18:13:02'),
  (12120,'goodsinfo','P00370-1','insert','2012-06-08 18:13:02'),
  (12121,'goodsinfo','P00370-2','insert','2012-06-08 18:13:02'),
  (12122,'goodsinfo','P00370-3','insert','2012-06-08 18:13:02'),
  (12123,'goodsinfo','P00370-4','insert','2012-06-08 18:13:02'),
  (12124,'goodsinfo','P00370-5','insert','2012-06-08 18:13:02'),
  (12125,'goodsinfo','P00371-1','insert','2012-06-08 18:13:02'),
  (12126,'goodsinfo','P00371-2','insert','2012-06-08 18:13:02'),
  (12127,'goodsinfo','P00371-3','insert','2012-06-08 18:13:02'),
  (12128,'goodsinfo','P00371-4','insert','2012-06-08 18:13:02'),
  (12129,'goodsinfo','P00371-5','insert','2012-06-08 18:13:02'),
  (12130,'goodsinfo','P00380-1','insert','2012-06-08 18:13:02'),
  (12131,'goodsinfo','P00380-2','insert','2012-06-08 18:13:02'),
  (12132,'goodsinfo','P00380-3','insert','2012-06-08 18:13:02'),
  (12133,'goodsinfo','P00380-4','insert','2012-06-08 18:13:02'),
  (12134,'goodsinfo','P00380-5','insert','2012-06-08 18:13:02'),
  (12135,'goodsinfo','P00386','insert','2012-06-08 18:13:02'),
  (12136,'goodsinfo','P00387','insert','2012-06-08 18:13:02'),
  (12137,'goodsinfo','P00388','insert','2012-06-08 18:13:02'),
  (12138,'goodsinfo','P00389','insert','2012-06-08 18:13:02'),
  (12139,'goodsinfo','P00390-1','insert','2012-06-08 18:13:02'),
  (12140,'goodsinfo','P00390-2','insert','2012-06-08 18:13:02'),
  (12141,'goodsinfo','P00390-3','insert','2012-06-08 18:13:02'),
  (12142,'goodsinfo','P00390-4','insert','2012-06-08 18:13:02'),
  (12143,'goodsinfo','P00390-5','insert','2012-06-08 18:13:02'),
  (12144,'goodsinfo','P00391-1','insert','2012-06-08 18:13:02'),
  (12145,'goodsinfo','P00391-2','insert','2012-06-08 18:13:02'),
  (12146,'goodsinfo','P00391-3','insert','2012-06-08 18:13:02'),
  (12147,'goodsinfo','P00391-4','insert','2012-06-08 18:13:02'),
  (12148,'goodsinfo','P00391-5','insert','2012-06-08 18:13:02'),
  (12149,'goodsinfo','P00391-6','insert','2012-06-08 18:13:02'),
  (12150,'goodsinfo','P00394','insert','2012-06-08 18:13:02'),
  (12151,'goodsinfo','P00395','insert','2012-06-08 18:13:02'),
  (12152,'goodsinfo','P00396','insert','2012-06-08 18:13:02'),
  (12153,'goodsinfo','P00397','insert','2012-06-08 18:13:02'),
  (12154,'goodsinfo','P00399','insert','2012-06-08 18:13:02'),
  (12155,'goodsinfo','P00400','insert','2012-06-08 18:13:02'),
  (12156,'goodsinfo','P00401','insert','2012-06-08 18:13:02'),
  (12157,'goodsinfo','P00403','insert','2012-06-08 18:13:02'),
  (12158,'goodsinfo','P00404','insert','2012-06-08 18:13:02'),
  (12159,'goodsinfo','P00411','insert','2012-06-08 18:13:02'),
  (12160,'goodsinfo','P00412','insert','2012-06-08 18:13:02'),
  (12161,'goodsinfo','P00413-1','insert','2012-06-08 18:13:02'),
  (12162,'goodsinfo','P00413-2','insert','2012-06-08 18:13:02'),
  (12163,'goodsinfo','P00413-3','insert','2012-06-08 18:13:02'),
  (12164,'goodsinfo','P00413-4','insert','2012-06-08 18:13:02'),
  (12165,'goodsinfo','P00413-5','insert','2012-06-08 18:13:02'),
  (12166,'goodsinfo','P00416','insert','2012-06-08 18:13:02'),
  (12167,'goodsinfo','P00417','insert','2012-06-08 18:13:02'),
  (12168,'goodsinfo','P00418','insert','2012-06-08 18:13:02'),
  (12169,'goodsinfo','P00419','insert','2012-06-08 18:13:02'),
  (12170,'goodsinfo','P00420','insert','2012-06-08 18:13:02'),
  (12171,'goodsinfo','P00422','insert','2012-06-08 18:13:02'),
  (12172,'goodsinfo','P00423','insert','2012-06-08 18:13:02'),
  (12173,'goodsinfo','P00424','insert','2012-06-08 18:13:02'),
  (12174,'goodsinfo','P00425','insert','2012-06-08 18:13:02'),
  (12175,'goodsinfo','P00426','insert','2012-06-08 18:13:02'),
  (12176,'goodsinfo','P00427','insert','2012-06-08 18:13:02'),
  (12177,'goodsinfo','P00428','insert','2012-06-08 18:13:02'),
  (12178,'goodsinfo','P00429','insert','2012-06-08 18:13:02'),
  (12179,'goodsinfo','P00430','insert','2012-06-08 18:13:02'),
  (12180,'goodsinfo','P00431','insert','2012-06-08 18:13:02'),
  (12181,'goodsinfo','P00433','insert','2012-06-08 18:13:02'),
  (12182,'goodsinfo','P00434','insert','2012-06-08 18:13:02'),
  (12183,'goodsinfo','P00436','insert','2012-06-08 18:13:02'),
  (12184,'goodsinfo','P00437','insert','2012-06-08 18:13:02'),
  (12185,'goodsinfo','P00439','insert','2012-06-08 18:13:02'),
  (12186,'goodsinfo','P00443','insert','2012-06-08 18:13:02'),
  (12187,'goodsinfo','P00449','insert','2012-06-08 18:13:02'),
  (12188,'goodsinfo','P00454','insert','2012-06-08 18:13:02'),
  (12189,'goodsinfo','P00468','insert','2012-06-08 18:13:02'),
  (12190,'goodsinfo','P00469','insert','2012-06-08 18:13:02'),
  (12191,'goodsinfo','P00470','insert','2012-06-08 18:13:02'),
  (12192,'goodsinfo','P00471','insert','2012-06-08 18:13:02'),
  (12193,'goodsinfo','P00472','insert','2012-06-08 18:13:02'),
  (12194,'goodsinfo','P00473','insert','2012-06-08 18:13:02'),
  (12195,'goodsinfo','P00474','insert','2012-06-08 18:13:02'),
  (12196,'goodsinfo','P00475','insert','2012-06-08 18:13:02'),
  (12197,'goodsinfo','P00476','insert','2012-06-08 18:13:02'),
  (12198,'goodsinfo','P00477','insert','2012-06-08 18:13:02'),
  (12199,'goodsinfo','P00478','insert','2012-06-08 18:13:02'),
  (12200,'goodsinfo','P00479','insert','2012-06-08 18:13:02'),
  (12201,'goodsinfo','P00480','insert','2012-06-08 18:13:02'),
  (12202,'goodsinfo','P00481','insert','2012-06-08 18:13:02'),
  (12203,'goodsinfo','P00482','insert','2012-06-08 18:13:02'),
  (12204,'goodsinfo','P00483','insert','2012-06-08 18:13:02'),
  (12205,'goodsinfo','P00484','insert','2012-06-08 18:13:02'),
  (12206,'goodsinfo','P00485','insert','2012-06-08 18:13:02'),
  (12207,'goodsinfo','P00486','insert','2012-06-08 18:13:02'),
  (12208,'goodsinfo','P00487','insert','2012-06-08 18:13:02'),
  (12209,'goodsinfo','P00488','insert','2012-06-08 18:13:02'),
  (12210,'goodsinfo','P00490','insert','2012-06-08 18:13:02'),
  (12211,'goodsinfo','P00491','insert','2012-06-08 18:13:02'),
  (12212,'goodsinfo','P00495','insert','2012-06-08 18:13:02'),
  (12213,'goodsinfo','P00499','insert','2012-06-08 18:13:02'),
  (12214,'goodsinfo','P00500','insert','2012-06-08 18:13:02'),
  (12215,'goodsinfo','P00501','insert','2012-06-08 18:13:02'),
  (12216,'goodsinfo','P00503','insert','2012-06-08 18:13:02'),
  (12217,'goodsinfo','P00509','insert','2012-06-08 18:13:02'),
  (12218,'goodsinfo','P00510','insert','2012-06-08 18:13:02'),
  (12219,'goodsinfo','P00511','insert','2012-06-08 18:13:02'),
  (12220,'goodsinfo','P00515','insert','2012-06-08 18:13:02'),
  (12221,'goodsinfo','P00517','insert','2012-06-08 18:13:02'),
  (12222,'goodsinfo','P00518','insert','2012-06-08 18:13:02'),
  (12223,'goodsinfo','P00528','insert','2012-06-08 18:13:02'),
  (12224,'sa_departinfo','220','insert','2012-06-08 18:13:02'),
  (12225,'sa_departinfo','280','insert','2012-06-08 18:13:02'),
  (12226,'sa_departinfo','281','insert','2012-06-08 18:13:02'),
  (12227,'sa_departinfo','284','insert','2012-06-08 18:13:02'),
  (12228,'sa_departinfo','285','insert','2012-06-08 18:13:02'),
  (12229,'sa_departinfo','293','insert','2012-06-08 18:13:02'),
  (12230,'sa_departinfo','294','insert','2012-06-08 18:13:02'),
  (12231,'sa_departinfo','295','insert','2012-06-08 18:13:02'),
  (12232,'sa_departinfo','296','insert','2012-06-08 18:13:02'),
  (12233,'sa_departinfo','297','insert','2012-06-08 18:13:02'),
  (12234,'sa_departinfo','298','insert','2012-06-08 18:13:02'),
  (12235,'sa_departinfo','299','insert','2012-06-08 18:13:02'),
  (12236,'sa_departinfo','300','insert','2012-06-08 18:13:02'),
  (12237,'sa_departinfo','301','insert','2012-06-08 18:13:02');

COMMIT;

#
# Data for the `dataupdatelog` table  (LIMIT 1500,500)
#

INSERT INTO `dataupdatelog` (`id`, `tableName`, `recordId`, `action`, `actiontime`) VALUES 
  (12238,'sa_departinfo','302','insert','2012-06-08 18:13:02'),
  (12239,'sa_departinfo','303','insert','2012-06-08 18:13:02'),
  (12240,'sa_departinfo','304','insert','2012-06-08 18:13:02'),
  (12241,'sa_departinfo','305','insert','2012-06-08 18:13:02'),
  (12242,'sa_departinfo','306','insert','2012-06-08 18:13:02'),
  (12243,'sa_departinfo','307','insert','2012-06-08 18:13:02'),
  (12244,'sa_departinfo','308','insert','2012-06-08 18:13:02'),
  (12245,'sa_departinfo','309','insert','2012-06-08 18:13:02'),
  (12246,'sa_departinfo','310','insert','2012-06-08 18:13:02'),
  (12247,'sa_departinfo','311','insert','2012-06-08 18:13:02'),
  (12248,'sa_departinfo','312','insert','2012-06-08 18:13:02'),
  (12249,'sa_departinfo','313','insert','2012-06-08 18:13:02'),
  (12250,'sa_departinfo','314','insert','2012-06-08 18:13:02'),
  (12251,'sa_departinfo','315','insert','2012-06-08 18:13:02'),
  (12252,'sa_departinfo','316','insert','2012-06-08 18:13:02'),
  (12253,'sa_post','1','insert','2012-06-08 18:13:03'),
  (12254,'sa_post','12','insert','2012-06-08 18:13:03'),
  (12255,'sa_post','27','insert','2012-06-08 18:13:03'),
  (12256,'sa_post','28','insert','2012-06-08 18:13:03'),
  (12257,'sa_post','29','insert','2012-06-08 18:13:03'),
  (12258,'sa_post','30','insert','2012-06-08 18:13:03'),
  (12259,'sa_post','31','insert','2012-06-08 18:13:03'),
  (12260,'sa_post','32','insert','2012-06-08 18:13:03'),
  (12261,'sa_post','33','insert','2012-06-08 18:13:03'),
  (12262,'sa_post','34','insert','2012-06-08 18:13:03'),
  (12263,'sa_post','35','insert','2012-06-08 18:13:03'),
  (12264,'sa_post','36','insert','2012-06-08 18:13:03'),
  (12265,'sa_post','37','insert','2012-06-08 18:13:03'),
  (12266,'sa_post','41','insert','2012-06-08 18:13:03'),
  (12267,'sa_post','42','insert','2012-06-08 18:13:03'),
  (12268,'sa_post','43','insert','2012-06-08 18:13:03'),
  (12269,'sa_post','44','insert','2012-06-08 18:13:03'),
  (12270,'sa_post','47','insert','2012-06-08 18:13:03'),
  (12271,'sa_post','50','insert','2012-06-08 18:13:03'),
  (12272,'sa_post','51','insert','2012-06-08 18:13:03'),
  (12273,'sa_post','52','insert','2012-06-08 18:13:03'),
  (12274,'sa_post','53','insert','2012-06-08 18:13:03'),
  (12275,'sa_post','54','insert','2012-06-08 18:13:03'),
  (12276,'sa_post','55','insert','2012-06-08 18:13:03'),
  (12277,'sa_post','56','insert','2012-06-08 18:13:03'),
  (12278,'sa_post','57','insert','2012-06-08 18:13:03'),
  (12279,'sa_post','58','insert','2012-06-08 18:13:03'),
  (12280,'sa_post','59','insert','2012-06-08 18:13:03'),
  (12281,'sa_post','60','insert','2012-06-08 18:13:03'),
  (12282,'sa_post','61','insert','2012-06-08 18:13:03'),
  (12283,'sa_post','62','insert','2012-06-08 18:13:03'),
  (12284,'sa_post','63','insert','2012-06-08 18:13:03'),
  (12285,'sa_post','64','insert','2012-06-08 18:13:03'),
  (12286,'sa_post','65','insert','2012-06-08 18:13:03'),
  (12287,'sa_post','66','insert','2012-06-08 18:13:03'),
  (12288,'sa_post','67','insert','2012-06-08 18:13:03'),
  (12289,'sa_post','68','insert','2012-06-08 18:13:03'),
  (12290,'sa_post','69','insert','2012-06-08 18:13:03'),
  (12291,'sa_post','70','insert','2012-06-08 18:13:03'),
  (12292,'sa_post','71','insert','2012-06-08 18:13:03'),
  (12293,'sa_post','72','insert','2012-06-08 18:13:03'),
  (12294,'sa_post','73','insert','2012-06-08 18:13:03'),
  (12295,'sa_post','74','insert','2012-06-08 18:13:03'),
  (12296,'sa_post','75','insert','2012-06-08 18:13:03'),
  (12297,'sa_post','76','insert','2012-06-08 18:13:03'),
  (12298,'sa_post','77','insert','2012-06-08 18:13:03'),
  (12299,'sa_post','78','insert','2012-06-08 18:13:03'),
  (12300,'sa_post','79','insert','2012-06-08 18:13:03'),
  (12301,'sa_post','80','insert','2012-06-08 18:13:03'),
  (12302,'sa_userinfo','1','insert','2012-06-08 18:13:04'),
  (12303,'sa_userinfo','25','insert','2012-06-08 18:13:04'),
  (12304,'sa_userinfo','26','insert','2012-06-08 18:13:04'),
  (12305,'sa_userinfo','27','insert','2012-06-08 18:13:04'),
  (12306,'sa_userinfo','29','insert','2012-06-08 18:13:04'),
  (12307,'sa_userinfo','30','insert','2012-06-08 18:13:04'),
  (12308,'sa_userinfo','33','insert','2012-06-08 18:13:04'),
  (12309,'sa_userinfo','34','insert','2012-06-08 18:13:04'),
  (12310,'sa_userinfo','35','insert','2012-06-08 18:13:04'),
  (12311,'sa_userinfo','36','insert','2012-06-08 18:13:04'),
  (12312,'sa_userinfo','37','insert','2012-06-08 18:13:04'),
  (12313,'sa_userinfo','38','insert','2012-06-08 18:13:04'),
  (12314,'sa_userinfo','39','insert','2012-06-08 18:13:04'),
  (12315,'sa_userinfo','40','insert','2012-06-08 18:13:04'),
  (12316,'sa_userinfo','41','insert','2012-06-08 18:13:04'),
  (12317,'sa_userinfo','42','insert','2012-06-08 18:13:04'),
  (12318,'sa_userinfo','43','insert','2012-06-08 18:13:04'),
  (12319,'sa_userinfo','44','insert','2012-06-08 18:13:04'),
  (12320,'sa_userinfo','45','insert','2012-06-08 18:13:04'),
  (12321,'sa_userinfo','46','insert','2012-06-08 18:13:04'),
  (12322,'sa_userinfo','47','insert','2012-06-08 18:13:04'),
  (12323,'sa_userinfo','48','insert','2012-06-08 18:13:04'),
  (12324,'sa_userinfo','49','insert','2012-06-08 18:13:04'),
  (12325,'sa_userinfo','50','insert','2012-06-08 18:13:04'),
  (12326,'sa_userinfo','51','insert','2012-06-08 18:13:04'),
  (12327,'sa_userinfo','52','insert','2012-06-08 18:13:04'),
  (12328,'sa_userinfo','53','insert','2012-06-08 18:13:04'),
  (12329,'sa_userinfo','54','insert','2012-06-08 18:13:04'),
  (12330,'sa_userinfo','55','insert','2012-06-08 18:13:04'),
  (12331,'sa_userinfo','56','insert','2012-06-08 18:13:04'),
  (12332,'sa_userinfo','57','insert','2012-06-08 18:13:04'),
  (12333,'sa_userinfo','58','insert','2012-06-08 18:13:04'),
  (12334,'sa_userinfo','59','insert','2012-06-08 18:13:04'),
  (12335,'sa_userinfo','60','insert','2012-06-08 18:13:04'),
  (12336,'sa_userinfo','1','update','2012-06-09 09:29:38'),
  (12337,'sa_userinfo','46','update','2012-06-11 15:21:46');

COMMIT;

#
# Data for the `saleunitinfo` table  (LIMIT 0,500)
#

INSERT INTO `saleunitinfo` () VALUES 
  (281,'团购部',NULL,NULL,'2',NULL,NULL,NULL,NULL),
  (284,'门店团购',NULL,NULL,'2',NULL,NULL,NULL,NULL),
  (285,'加盟部','1','1','1','1',1,1,'1'),
  (294,'加盟总店',NULL,'fdsafdsaf','1',NULL,2223,1000,NULL),
  (295,'加盟店一',NULL,NULL,'1','aaxee',NULL,NULL,NULL),
  (296,'加盟店二','aa',NULL,'1',NULL,NULL,NULL,NULL),
  (299,'门店总店',NULL,NULL,'0',NULL,NULL,NULL,NULL),
  (300,'新街口一店',NULL,'1222222','0','aaaaaaaaaaaaaaaaa',NULL,NULL,NULL),
  (302,'加盟总店二公司',NULL,NULL,'1',NULL,NULL,NULL,NULL),
  (303,'鼓楼地铁店',NULL,NULL,'1',NULL,NULL,NULL,NULL),
  (304,'新街口二店',NULL,NULL,'0',NULL,NULL,NULL,NULL),
  (305,'三山街店',NULL,NULL,'0',NULL,NULL,NULL,NULL),
  (306,'迈皋桥店',NULL,NULL,'0',NULL,NULL,NULL,NULL),
  (307,'高铁南站店',NULL,NULL,'0',NULL,NULL,NULL,NULL),
  (308,'大行宫店',NULL,NULL,'0',NULL,NULL,NULL,NULL),
  (309,'总统府二店',NULL,NULL,'1',NULL,NULL,NULL,NULL),
  (310,'新华书店新街口店',NULL,NULL,'1',NULL,NULL,NULL,NULL),
  (311,'新华书店弘扬广场店',NULL,NULL,'1',NULL,NULL,NULL,NULL),
  (312,'大众书局新街口店',NULL,NULL,'1',NULL,NULL,NULL,NULL),
  (313,'龙江新城市广场店',NULL,NULL,'1',NULL,NULL,NULL,NULL),
  (314,'乐天玛特店',NULL,NULL,'1',NULL,NULL,NULL,NULL),
  (315,'上海路地铁店',NULL,NULL,'1',NULL,NULL,NULL,NULL),
  (316,'玄武门地铁店',NULL,NULL,'1',NULL,NULL,NULL,NULL);

COMMIT;

#
# Data for the `deptstock` table  (LIMIT 0,500)
#

INSERT INTO `deptstock` (`deptcode`, `goodnum`, `goodname`, `number`, `money`, `remark`, `price`, `beforedaystock`, `everydaystock`, `beforemonthstock`, `lastmonthstock`) VALUES 
  (315,'P00039','小标棒球帽',12,720,NULL,60,NULL,NULL,NULL,NULL),
  (315,'P00040','炫彩大标棒球帽',11,660,NULL,60,NULL,NULL,NULL,NULL),
  (316,'P00039','小标棒球帽',91,0,NULL,0,NULL,NULL,NULL,NULL),
  (316,'P00040','炫彩大标棒球帽',91,0,NULL,0,NULL,NULL,NULL,NULL),
  (300,'P00039','小标棒球帽',7,420,NULL,60,NULL,NULL,NULL,NULL),
  (300,'P00040','炫彩大标棒球帽',6,360,NULL,60,NULL,NULL,NULL,NULL),
  (305,'P00039','小标棒球帽',10,600,NULL,60,NULL,NULL,NULL,NULL),
  (305,'P00040','炫彩大标棒球帽',10,600,NULL,60,NULL,NULL,NULL,NULL),
  (307,'P00039','小标棒球帽',0,0,NULL,60,NULL,NULL,NULL,NULL),
  (307,'P00040','炫彩大标棒球帽',0,0,NULL,60,NULL,NULL,NULL,NULL),
  (315,'P00251','活力南京激情青奥双枚纪念章',5,600,NULL,120,NULL,NULL,NULL,NULL),
  (315,'P00395','黄红会徽笔袋',5,250,NULL,50,NULL,NULL,NULL,NULL),
  (315,'P00396','黄绿会徽笔袋',1,50,NULL,50,NULL,NULL,NULL,NULL),
  (315,'P00397','粉黑会徽笔袋',1,50,NULL,50,NULL,NULL,NULL,NULL),
  (315,'P00487','粉会徽笔袋',1,50,NULL,50,NULL,NULL,NULL,NULL),
  (303,'P00039','小标棒球帽',20,1200,NULL,60,NULL,NULL,NULL,NULL),
  (303,'P00040','炫彩大标棒球帽',20,1200,NULL,60,NULL,NULL,NULL,NULL),
  (303,'P00250','活力南京激情青奥三枚纪念章',1,218,NULL,218,NULL,NULL,NULL,NULL),
  (303,'P00251','活力南京激情青奥双枚纪念章',1,120,NULL,120,NULL,NULL,NULL,NULL),
  (303,'P00304','秦淮风光纪念章',1,60,NULL,60,NULL,NULL,NULL,NULL),
  (303,'P00312','激情青奥三枚纪念章',1,218,NULL,218,NULL,NULL,NULL,NULL),
  (303,'P00163','魅力南京精彩青奥纪念盘（B）',1,218,NULL,218,NULL,NULL,NULL,NULL),
  (303,'P00157','魅力南京精彩青奥三枚纪念章',1,218,NULL,218,NULL,NULL,NULL,NULL),
  (303,'P00158','魅力南京精彩青奥纪念套章',1,318,NULL,318,NULL,NULL,NULL,NULL),
  (303,'P00427','青奥镂空纪念章1',1,180,NULL,180,NULL,NULL,NULL,NULL),
  (303,'P00169','南京风光镀金徽章拼图套装',1,360,NULL,360,NULL,NULL,NULL,NULL),
  (303,'P00252','秦淮风光双枚纪念章',1,120,NULL,120,NULL,NULL,NULL,NULL),
  (303,'P00255','精彩青奥纪念章',1,60,NULL,60,NULL,NULL,NULL,NULL),
  (303,'P00116','2014青奥彩色会徽',5,130,NULL,26,NULL,NULL,NULL,NULL),
  (303,'P00117','2014青奥彩色钥匙扣',5,140,NULL,28,NULL,NULL,NULL,NULL),
  (303,'P00120','青奥小衣服徽章',5,125,NULL,25,NULL,NULL,NULL,NULL),
  (303,'P00126','心连心徽章',5,130,NULL,26,NULL,NULL,NULL,NULL),
  (303,'P00260','情感徽章',5,140,NULL,28,NULL,NULL,NULL,NULL),
  (303,'P00179','南京青奥心形情侣吊饰',5,160,NULL,32,NULL,NULL,NULL,NULL),
  (303,'P00178','2014青奥心锁情侣吊饰',5,180,NULL,36,NULL,NULL,NULL,NULL),
  (303,'P00270','2014青奥金色会徽钥匙扣',5,140,NULL,28,NULL,NULL,NULL,NULL),
  (303,'P00271','2014青奥银色会徽钥匙扣',5,140,NULL,28,NULL,NULL,NULL,NULL),
  (303,'P00261','2014青奥金色会徽徽章',5,100,NULL,20,NULL,NULL,NULL,NULL),
  (303,'P00180','2014青奥衣服LOGO双片吊饰',5,140,NULL,28,NULL,NULL,NULL,NULL),
  (303,'P00181','南京奥体中心钥匙扣',5,160,NULL,32,NULL,NULL,NULL,NULL),
  (303,'P00183','文字系列－和平徽章',5,130,NULL,26,NULL,NULL,NULL,NULL),
  (303,'P00184','文字系列－健康徽章',5,130,NULL,26,NULL,NULL,NULL,NULL),
  (303,'P00185','文字系列－友谊徽章',5,130,NULL,26,NULL,NULL,NULL,NULL),
  (303,'P00186','我爱南京心形吊饰',5,160,NULL,32,NULL,NULL,NULL,NULL),
  (303,'P00187','我爱青奥吊饰',5,150,NULL,30,NULL,NULL,NULL,NULL),
  (303,'P00188','我爱青奥锁圈',5,150,NULL,30,NULL,NULL,NULL,NULL),
  (303,'P00267','窗框梅景徽章',5,130,NULL,26,NULL,NULL,NULL,NULL),
  (303,'P00268','文字系列－快乐徽章',5,130,NULL,26,NULL,NULL,NULL,NULL),
  (303,'P00176','2014青奥会金色会徽吊饰',5,130,NULL,26,NULL,NULL,NULL,NULL),
  (303,'P00189','玄武门徽章',5,340,NULL,68,NULL,NULL,NULL,NULL),
  (303,'P00266','世界青年旋转徽章',5,225,NULL,45,NULL,NULL,NULL,NULL),
  (303,'P00272','2014青奥彩色心锁情侣吊饰',5,180,NULL,36,NULL,NULL,NULL,NULL),
  (303,'P00273','2014青奥南京传统门钥匙扣',5,140,NULL,28,NULL,NULL,NULL,NULL),
  (303,'P00175','2014青奥彩色会徽吊饰',5,130,NULL,26,NULL,NULL,NULL,NULL),
  (303,'P00483','红色雨花石徽章',5,130,NULL,26,NULL,NULL,NULL,NULL),
  (303,'P00476','绿色雨花石徽章',5,130,NULL,26,NULL,NULL,NULL,NULL),
  (303,'P00484','倒计时1000天徽章',5,140,NULL,28,NULL,NULL,NULL,NULL),
  (303,'P00486','我爱南京爱心徽章',5,130,NULL,26,NULL,NULL,NULL,NULL),
  (303,'P00424','吉祥饰扣',5,200,NULL,40,NULL,NULL,NULL,NULL),
  (303,'P00418','南京美食吊饰',5,250,NULL,50,NULL,NULL,NULL,NULL),
  (303,'P00417','福龙包饰金',5,275,NULL,55,NULL,NULL,NULL,NULL),
  (303,'P00431','青奥旋转系列-年轮徽章',5,225,NULL,45,NULL,NULL,NULL,NULL),
  (303,'N00001','祈愿桥徽章',5,25,NULL,5,NULL,NULL,NULL,NULL),
  (303,'N00002','梦剧场徽章',5,25,NULL,5,NULL,NULL,NULL,NULL),
  (303,'N00003','梦想徽章',5,25,NULL,5,NULL,NULL,NULL,NULL),
  (303,'N00004','绿色起点徽章',5,25,NULL,5,NULL,NULL,NULL,NULL),
  (303,'N00005','五彩触碰徽章',5,25,NULL,5,NULL,NULL,NULL,NULL),
  (303,'N00006','激情青奥徽章',5,25,NULL,5,NULL,NULL,NULL,NULL),
  (303,'P00177','2014青奥会银色会徽吊饰',5,130,NULL,26,NULL,NULL,NULL,NULL),
  (303,'P00182','文字系列－分享徽章',5,130,NULL,26,NULL,NULL,NULL,NULL),
  (303,'P00264','紫色爱心徽章',5,110,NULL,22,NULL,NULL,NULL,NULL),
  (303,'N00078','青奥龙年徽章',5,130,NULL,26,NULL,NULL,NULL,NULL),
  (303,'N00083','南京小吃-臭豆腐徽章',5,130,NULL,26,NULL,NULL,NULL,NULL),
  (303,'N00418','南京小吃-蟹黄汤包徽章',5,130,NULL,26,NULL,NULL,NULL,NULL),
  (303,'N00497','梅花形徽章',5,130,NULL,26,NULL,NULL,NULL,NULL),
  (303,'N00499','心手相连徽章',5,130,NULL,26,NULL,NULL,NULL,NULL),
  (303,'P00190','十色笔',20,300,NULL,15,NULL,NULL,NULL,NULL),
  (303,'P00232','足球闪光笔',20,300,NULL,15,NULL,NULL,NULL,NULL),
  (303,'P00259','金色经典-双层镀金徽章',5,175,NULL,35,NULL,NULL,NULL,NULL),
  (303,'P00258','金色经典-对话框镀金徽章',5,150,NULL,30,NULL,NULL,NULL,NULL),
  (303,'P00191','两用荧光笔',5,50,NULL,10,NULL,NULL,NULL,NULL),
  (303,'P00425','吉祥吊饰',5,400,NULL,80,NULL,NULL,NULL,NULL),
  (303,'P00419','福到吊饰',5,250,NULL,50,NULL,NULL,NULL,NULL),
  (303,'N00580','创意标签系列马口铁之正太',5,50,NULL,10,NULL,NULL,NULL,NULL),
  (303,'N00581','创意标签系列马口铁之运动健将',5,50,NULL,10,NULL,NULL,NULL,NULL),
  (303,'N00582','创意标签系列马口铁之文艺青年',5,50,NULL,10,NULL,NULL,NULL,NULL),
  (303,'N00583','创意标签系列马口铁之收藏达人',5,50,NULL,10,NULL,NULL,NULL,NULL),
  (303,'N00584','创意标签系列马口铁之潜力股',5,50,NULL,10,NULL,NULL,NULL,NULL),
  (303,'N00585','创意标签系列马口铁之奇葩',5,50,NULL,10,NULL,NULL,NULL,NULL),
  (303,'N00586','创意标签系列马口铁之普通青年',5,50,NULL,10,NULL,NULL,NULL,NULL),
  (303,'N00587','创意标签系列马口铁之萝莉',5,50,NULL,10,NULL,NULL,NULL,NULL),
  (303,'N00588','创意标签系列马口铁之范儿青年',5,50,NULL,10,NULL,NULL,NULL,NULL),
  (303,'N00589','创意标签系列马口铁之吃货',5,50,NULL,10,NULL,NULL,NULL,NULL),
  (303,'P00085','会徽D型便携本',20,300,NULL,15,NULL,NULL,NULL,NULL),
  (303,'P00045','梅花型纯银币型纪念章1',1,580,NULL,580,NULL,NULL,NULL,NULL),
  (303,'P00134','青奥成长银章',1,600,NULL,600,NULL,NULL,NULL,NULL),
  (303,'P00102','青奥金银福禄A款（银20g金1g）',1,1168,NULL,1168,NULL,NULL,NULL,NULL),
  (303,'P00106','开运银钥匙15g',1,458,NULL,458,NULL,NULL,NULL,NULL),
  (303,'P00108','青奥10克金卷轴―红梅图',1,5088,NULL,5088,NULL,NULL,NULL,NULL),
  (303,'P00236','金陵书签-金笔辉煌',1,138,NULL,138,NULL,NULL,NULL,NULL),
  (303,'P00168','彩色梅花纯银币型纪念章(30g)',1,590,NULL,590,NULL,NULL,NULL,NULL),
  (303,'P00257','青奥镭射银章',1,589,NULL,589,NULL,NULL,NULL,NULL),
  (303,'P00454','五龙呈福银条套装（100g）',1,2080,NULL,2080,NULL,NULL,NULL,NULL),
  (303,'P00341','梅兰竹菊银套装（4枚）',1,958,NULL,958,NULL,NULL,NULL,NULL),
  (303,'P00340','梅兰竹菊金+银套装（5枚）',1,1988,NULL,1988,NULL,NULL,NULL,NULL),
  (303,'P00165','激情青奥双枚纪念银条（20克）',1,460,NULL,460,NULL,NULL,NULL,NULL),
  (303,'P00439','盛世龙腾银条（38g）',1,639,NULL,639,NULL,NULL,NULL,NULL),
  (303,'P00437','双龙呈祥纪念银章（1盎司）',1,523,NULL,523,NULL,NULL,NULL,NULL),
  (303,'P00152','陶瓷直身杯',1,58,NULL,58,NULL,NULL,NULL,NULL),
  (303,'P00153','会徽直身杯A',1,58,NULL,58,NULL,NULL,NULL,NULL),
  (303,'N00028','青春黄釉杯',1,398,NULL,398,NULL,NULL,NULL,NULL),
  (303,'N00026','梅花红釉杯',1,198,NULL,198,NULL,NULL,NULL,NULL),
  (303,'P00055','常乐杯',1,300,NULL,300,NULL,NULL,NULL,NULL),
  (303,'P00056','倒把西施',1,395,NULL,395,NULL,NULL,NULL,NULL),
  (303,'P00057','方圆杯',1,300,NULL,300,NULL,NULL,NULL,NULL),
  (303,'P00059','含苞茗露',1,690,NULL,690,NULL,NULL,NULL,NULL),
  (303,'P00061','厚德杯Ⅱ',1,400,NULL,400,NULL,NULL,NULL,NULL),
  (303,'P00063','脸谱杯',1,400,NULL,400,NULL,NULL,NULL,NULL),
  (303,'P00066','龙狮Ⅱ',1,780,NULL,780,NULL,NULL,NULL,NULL),
  (303,'P00068','皮革杯',1,160,NULL,160,NULL,NULL,NULL,NULL),
  (303,'P00072','三脚狮鼎',1,1200,NULL,1200,NULL,NULL,NULL,NULL),
  (303,'P00080','竹节套杯',1,400,NULL,400,NULL,NULL,NULL,NULL),
  (303,'P00219','素心杯',1,260,NULL,260,NULL,NULL,NULL,NULL),
  (303,'P00228','圆满',1,880,NULL,880,NULL,NULL,NULL,NULL),
  (303,'P00209','国色天香',1,1300,NULL,1300,NULL,NULL,NULL,NULL),
  (303,'P00213','乐陶',1,980,NULL,980,NULL,NULL,NULL,NULL),
  (303,'P00220','同心套壶',1,980,NULL,980,NULL,NULL,NULL,NULL),
  (303,'P00230','麒麟方圆',1,980,NULL,980,NULL,NULL,NULL,NULL),
  (303,'P00229','紫玉金砂杯',1,400,NULL,400,NULL,NULL,NULL,NULL),
  (303,'P00227','玉龙吐珠',1,880,NULL,880,NULL,NULL,NULL,NULL),
  (303,'P00490','粉单纯元素腰包',1,190,NULL,190,NULL,NULL,NULL,NULL),
  (303,'P00491','黄单纯元素腰包',1,190,NULL,190,NULL,NULL,NULL,NULL),
  (303,'P00495','黄会徽童书包',1,160,NULL,160,NULL,NULL,NULL,NULL),
  (303,'P00412','蓝灰黑会徽双肩包',1,200,NULL,200,NULL,NULL,NULL,NULL),
  (303,'P00411','绿灰黑会徽双肩包',1,200,NULL,200,NULL,NULL,NULL,NULL),
  (303,'P00404','灰会徽拉绳休闲包',1,80,NULL,80,NULL,NULL,NULL,NULL),
  (303,'P00488','黄会徽拉绳休闲包',1,80,NULL,80,NULL,NULL,NULL,NULL),
  (303,'P00401','绿会徽抽绳休闲包',1,80,NULL,80,NULL,NULL,NULL,NULL),
  (303,'P00403','英文组合多兜休闲包',1,80,NULL,80,NULL,NULL,NULL,NULL),
  (303,'P00399','粉英文组合笔袋',1,45,NULL,45,NULL,NULL,NULL,NULL),
  (303,'P00400','粉会徽抽绳休闲包',1,80,NULL,80,NULL,NULL,NULL,NULL),
  (303,'P00386','蓝黄会徽笔袋',1,50,NULL,50,NULL,NULL,NULL,NULL),
  (303,'P00387','蓝粉会徽笔袋',1,50,NULL,50,NULL,NULL,NULL,NULL),
  (303,'P00394','红灰会徽笔袋',1,50,NULL,50,NULL,NULL,NULL,NULL),
  (303,'P00395','黄红会徽笔袋',1,50,NULL,50,NULL,NULL,NULL,NULL),
  (303,'P00396','黄绿会徽笔袋',1,50,NULL,50,NULL,NULL,NULL,NULL),
  (303,'P00397','粉黑会徽笔袋',1,50,NULL,50,NULL,NULL,NULL,NULL),
  (303,'P00487','粉会徽笔袋',1,50,NULL,50,NULL,NULL,NULL,NULL);

COMMIT;

#
# Data for the `good_class` table  (LIMIT 0,500)
#

INSERT INTO `good_class` (`classcode`, `classname`) VALUES 
  (143,'服装鞋帽'),
  (144,'陶瓷制品'),
  (145,'礼品其他'),
  (146,'徽章匙扣'),
  (147,'贵金属类'),
  (148,'镀金系列');

COMMIT;

#
# Data for the `producerinfo` table  (LIMIT 0,500)
#

INSERT INTO `producerinfo` (`producercode`, `simplename`, `proname`, `inarea`, `contactman`, `mobile`, `phone`, `fax`, `address`, `postcode`, `contractfrom`, `contractto`) VALUES 
  (83,NULL,'北京天彩纺织服装有限公司',NULL,NULL,NULL,NULL,NULL,NULL,NULL,NULL,NULL),
  (84,NULL,'广州市番禺欣德制衣有限公司',NULL,NULL,NULL,NULL,NULL,NULL,NULL,NULL,NULL),
  (85,NULL,'江苏宜兴精陶有限公司',NULL,NULL,NULL,NULL,NULL,NULL,NULL,NULL,NULL),
  (86,NULL,'醴陵陶润实业发展有限公司',NULL,NULL,NULL,NULL,NULL,NULL,NULL,NULL,NULL),
  (87,NULL,'北京元隆雅图文化传播有限公司',NULL,NULL,NULL,NULL,NULL,NULL,NULL,NULL,NULL),
  (88,NULL,'北京华江文化发展有限公司',NULL,NULL,NULL,NULL,NULL,NULL,NULL,NULL,NULL),
  (89,NULL,'宇扬集团雨花石有限公司',NULL,NULL,NULL,NULL,NULL,NULL,NULL,NULL,NULL),
  (90,NULL,'南京好彩商贸有限公司',NULL,NULL,NULL,NULL,NULL,NULL,NULL,NULL,NULL),
  (91,NULL,'江苏汉唐织锦科技有限公司',NULL,NULL,NULL,NULL,NULL,NULL,NULL,NULL,NULL),
  (92,NULL,'北京繁荣文化发展有限公司',NULL,NULL,NULL,NULL,NULL,NULL,NULL,NULL,NULL),
  (93,NULL,'开成兴业（上海）礼品有限公司',NULL,NULL,NULL,NULL,NULL,NULL,NULL,NULL,NULL),
  (94,NULL,'上海繁荣精典文化发展有限公司',NULL,NULL,NULL,NULL,NULL,NULL,NULL,NULL,NULL),
  (95,NULL,'昆山高树饰品有限公司',NULL,NULL,NULL,NULL,NULL,NULL,NULL,NULL,NULL),
  (96,NULL,'南京天鑫和信文化传播有限公司',NULL,NULL,NULL,NULL,NULL,NULL,NULL,NULL,NULL),
  (97,NULL,'江苏高淳陶瓷股份有限公司',NULL,NULL,NULL,NULL,NULL,NULL,NULL,NULL,NULL),
  (98,NULL,'南京启冉商贸有限公司',NULL,NULL,NULL,NULL,NULL,NULL,NULL,NULL,NULL),
  (99,NULL,'南京开诚工艺礼品有限公司',NULL,NULL,NULL,NULL,NULL,NULL,NULL,NULL,NULL),
  (100,NULL,'中国电信',NULL,NULL,NULL,NULL,NULL,NULL,NULL,NULL,NULL);

COMMIT;

#
# Data for the `goodsinfo` table  (LIMIT 0,500)
#

INSERT INTO `goodsinfo` (`goodcode`, `producercode`, `classcode`, `barcode`, `goodname`, `picpath`, `material`, `publishnum`, `number`, `saleprice`, `buyprice`, `unionprice`, `discount`, `unit`, `color`, `specification`, `isendpublish`, `remark`, `creattime`, `lowlimit`) VALUES 
  ('N00001',87,146,NULL,'祈愿桥徽章',NULL,NULL,NULL,325,'5.00',NULL,'0.00',NULL,'个','','',NULL,NULL,'2012-06-06 12:25:17',0),
  ('N00002',87,146,NULL,'梦剧场徽章',NULL,NULL,NULL,323,'5.00',NULL,'0.00',NULL,'个','','',NULL,NULL,'2012-06-06 12:25:17',0),
  ('N00003',87,146,NULL,'梦想徽章',NULL,NULL,NULL,318,'5.00',NULL,'0.00',NULL,'个','','',NULL,NULL,'2012-06-06 12:25:17',0),
  ('N00004',87,146,NULL,'绿色起点徽章',NULL,NULL,NULL,295,'5.00',NULL,'0.00',NULL,'个','','',NULL,NULL,'2012-06-06 12:25:17',0),
  ('N00005',87,146,NULL,'五彩触碰徽章',NULL,NULL,NULL,287,'5.00',NULL,'0.00',NULL,'个','','',NULL,NULL,'2012-06-06 12:25:17',0),
  ('N00006',87,146,NULL,'激情青奥徽章',NULL,NULL,NULL,323,'5.00',NULL,'0.00',NULL,'个','','',NULL,NULL,'2012-06-06 12:25:17',0),
  ('N00007',87,146,NULL,'星梦虹彩系列之梦剧场',NULL,NULL,NULL,300,'25.00',NULL,'0.00',NULL,'个','','',NULL,NULL,'2012-06-06 12:25:17',0),
  ('N00008',87,146,NULL,'星梦虹彩系列之星源',NULL,NULL,NULL,290,'25.00',NULL,'0.00',NULL,'个','','',NULL,NULL,'2012-06-06 12:25:18',0),
  ('N00009',87,146,NULL,'光之炫影系列之星之起点',NULL,NULL,NULL,290,'25.00',NULL,'0.00',NULL,'个','','',NULL,NULL,'2012-06-06 12:25:18',0),
  ('N00010',87,146,NULL,'光之炫影系列之触摸星光',NULL,NULL,NULL,290,'25.00',NULL,'0.00',NULL,'个','','',NULL,NULL,'2012-06-06 12:25:18',0),
  ('N00011',87,146,NULL,'星梦虹彩系列之祈愿桥',NULL,NULL,NULL,200,'25.00',NULL,'0.00',NULL,'个','','',NULL,NULL,'2012-06-06 12:25:18',0),
  ('N00012',87,146,NULL,'光之炫影系列之点亮激情',NULL,NULL,NULL,305,'25.00',NULL,'0.00',NULL,'个','','',NULL,NULL,'2012-06-06 12:25:18',0),
  ('N00013',87,147,NULL,'口号发布纪念银条（100g）',NULL,NULL,NULL,0,'1200.00',NULL,'0.00',NULL,'套','','',NULL,NULL,'2012-06-06 12:25:16',0),
  ('N00014',87,147,NULL,'口号发布纪念银条（50g）',NULL,NULL,NULL,0,'600.00',NULL,'0.00',NULL,'套','','',NULL,NULL,'2012-06-06 12:25:16',0),
  ('N00015',87,147,NULL,'口号发布纪念金条（30g）',NULL,NULL,NULL,19,'11700.00',NULL,'0.00',NULL,'套','','',NULL,NULL,'2012-06-06 12:25:16',0),
  ('N00016',87,147,NULL,'口号发布纪念金条（20g）',NULL,NULL,NULL,34,'7800.00',NULL,'0.00',NULL,'套','','',NULL,NULL,'2012-06-06 12:25:16',0),
  ('N00017',97,144,NULL,'青春白釉杯',NULL,NULL,NULL,8,'98.00',NULL,'0.00',NULL,'套','','',NULL,NULL,'2012-06-06 12:25:18',0),
  ('N00019-fq',97,144,NULL,'福气白釉杯',NULL,NULL,NULL,10,'98.00',NULL,'0.00',NULL,'套','','',NULL,NULL,'2012-06-06 12:25:18',0),
  ('N00019-yg',97,144,NULL,'腰鼓白釉杯',NULL,NULL,NULL,10,'98.00',NULL,'0.00',NULL,'套','','',NULL,NULL,'2012-06-06 12:25:18',0),
  ('N00020',97,144,NULL,'五环套杯',NULL,NULL,NULL,14,'268.00',NULL,'0.00',NULL,'套','','',NULL,NULL,'2012-06-06 12:25:18',0),
  ('N00021',97,144,NULL,'活力盖杯',NULL,NULL,NULL,10,'98.00',NULL,'0.00',NULL,'套','','',NULL,NULL,'2012-06-06 12:25:18',0),
  ('N00022',97,144,NULL,'青奥洋溢杯',NULL,NULL,NULL,10,'98.00',NULL,'0.00',NULL,'套','','',NULL,NULL,'2012-06-06 12:25:18',0),
  ('N00023',97,144,NULL,'青奥鸿运瓶',NULL,NULL,NULL,15,'380.00',NULL,'0.00',NULL,'套','','',NULL,NULL,'2012-06-06 12:25:18',0),
  ('N00024',97,144,NULL,'梅花白釉杯',NULL,NULL,NULL,13,'128.00',NULL,'0.00',NULL,'套','','',NULL,NULL,'2012-06-06 12:25:18',0),
  ('N00026',97,144,NULL,'梅花红釉杯',NULL,NULL,NULL,15,'198.00',NULL,'0.00',NULL,'套','','',NULL,NULL,'2012-06-06 12:25:18',0),
  ('N00027',97,144,NULL,'梅花黄釉杯',NULL,NULL,NULL,15,'198.00',NULL,'0.00',NULL,'套','','',NULL,NULL,'2012-06-06 12:25:18',0),
  ('N00028',97,144,NULL,'青春黄釉杯',NULL,NULL,NULL,15,'398.00',NULL,'0.00',NULL,'套','','',NULL,NULL,'2012-06-06 12:25:18',0),
  ('N00029',97,144,NULL,'青春红釉杯',NULL,NULL,NULL,15,'398.00',NULL,'0.00',NULL,'套','','',NULL,NULL,'2012-06-06 12:25:18',0),
  ('N00030',97,144,NULL,'福气黄釉杯',NULL,NULL,NULL,15,'398.00',NULL,'0.00',NULL,'套','','',NULL,NULL,'2012-06-06 12:25:18',0),
  ('N00032',97,144,NULL,'腰鼓黄釉杯',NULL,NULL,NULL,13,'398.00',NULL,'0.00',NULL,'套','','',NULL,NULL,'2012-06-06 12:25:18',0),
  ('N00033',97,144,NULL,'腰鼓红釉杯',NULL,NULL,NULL,15,'398.00',NULL,'0.00',NULL,'套','','',NULL,NULL,'2012-06-06 12:25:18',0),
  ('N00034',97,144,NULL,'青奥如意笔筒',NULL,NULL,NULL,12,'128.00',NULL,'0.00',NULL,'套','','',NULL,NULL,'2012-06-06 12:25:18',0),
  ('N00035',97,144,NULL,'金玉满堂',NULL,NULL,NULL,13,'128.00',NULL,'0.00',NULL,'套','','',NULL,NULL,'2012-06-06 12:25:18',0),
  ('N00036',97,144,NULL,'青奥BC咖啡杯',NULL,NULL,NULL,9,'68.00',NULL,'0.00',NULL,'套','','',NULL,NULL,'2012-06-06 12:25:18',0),
  ('N00037',97,144,NULL,'青奥力联杯（红釉）',NULL,NULL,NULL,15,'380.00',NULL,'0.00',NULL,'套','','',NULL,NULL,'2012-06-06 12:25:18',0),
  ('N00061',93,146,NULL,'青奥梦想徽章套装',NULL,NULL,NULL,14,'258.00',NULL,'0.00',NULL,'套','','',NULL,NULL,'2012-06-06 12:25:19',0),
  ('N00078',99,146,NULL,'青奥龙年徽章',NULL,NULL,NULL,64,'26.00',NULL,'0.00',NULL,'个','','',NULL,NULL,'2012-06-06 12:25:22',0),
  ('N00083',93,146,NULL,'南京小吃-臭豆腐徽章',NULL,NULL,NULL,76,'26.00',NULL,'0.00',NULL,'PCS','','',NULL,NULL,'2012-06-06 12:25:23',0),
  ('N00097',87,145,NULL,'啪啪十二宫（红）',NULL,NULL,NULL,55,'58.00',NULL,'0.00',NULL,'只','','',NULL,NULL,'2012-06-06 12:25:19',0),
  ('N00098',87,145,NULL,'啪啪十二宫（橙）',NULL,NULL,NULL,55,'58.00',NULL,'0.00',NULL,'只','','',NULL,NULL,'2012-06-06 12:25:19',0),
  ('N00099',87,145,NULL,'啪啪十二宫（蓝）',NULL,NULL,NULL,55,'58.00',NULL,'0.00',NULL,'只','','',NULL,NULL,'2012-06-06 12:25:19',0),
  ('N00120',100,145,NULL,'环球盛世',NULL,NULL,NULL,0,'1680.00',NULL,'0.00',NULL,'套','','',NULL,NULL,'2012-06-06 12:25:23',0),
  ('N00121',100,145,NULL,'欢乐盛典',NULL,NULL,NULL,0,'398.00',NULL,'0.00',NULL,'套','','',NULL,NULL,'2012-06-06 12:25:23',0),
  ('N00239',90,147,NULL,'博爱之都两枚银条',NULL,NULL,NULL,0,'380.00',NULL,'0.00',NULL,'套','','',NULL,NULL,'2012-06-06 12:25:23',0),
  ('N00244',90,147,NULL,'梅花型银章30g',NULL,NULL,NULL,10,'548.00',NULL,'0.00',NULL,'个','','',NULL,NULL,'2012-06-06 12:25:22',0),
  ('N00418',93,146,NULL,'南京小吃-蟹黄汤包徽章',NULL,NULL,NULL,76,'26.00',NULL,'0.00',NULL,'PCS','','',NULL,NULL,'2012-06-06 12:25:23',0),
  ('N00419',93,146,NULL,'蓝色雨花石徽章',NULL,NULL,NULL,75,'26.00',NULL,'0.00',NULL,'PCS','','',NULL,NULL,'2012-06-06 12:25:24',0),
  ('N00420',93,146,NULL,'粉色雨花石徽章',NULL,NULL,NULL,75,'26.00',NULL,'0.00',NULL,'PCS','','',NULL,NULL,'2012-06-06 12:25:24',0),
  ('N00469',93,146,NULL,'褐色雨花石徽章',NULL,NULL,NULL,75,'26.00',NULL,'0.00',NULL,'PCS','','',NULL,NULL,'2012-06-06 12:25:24',0),
  ('N00497',93,146,NULL,'梅花形徽章',NULL,NULL,NULL,78,'26.00',NULL,'0.00',NULL,'PCS','','',NULL,NULL,'2012-06-06 12:25:24',0),
  ('N00499',93,146,NULL,'心手相连徽章',NULL,NULL,NULL,80,'26.00',NULL,'0.00',NULL,'PCS','','',NULL,NULL,'2012-06-06 12:25:24',0),
  ('N00504',93,146,NULL,'问好系列徽章套装',NULL,NULL,NULL,3,'268.00',NULL,'0.00',NULL,'PCS','','',NULL,NULL,'2012-06-06 12:25:24',0),
  ('N00505',93,146,NULL,'青奥金银会徽徽章套装',NULL,NULL,NULL,35,'40.00',NULL,'0.00',NULL,'PCS','','',NULL,NULL,'2012-06-06 12:25:24',0),
  ('N00506',99,146,NULL,'青奥金色花瓣会徽徽章',NULL,NULL,NULL,110,'30.00',NULL,'0.00',NULL,'个','','',NULL,NULL,'2012-06-06 12:25:22',0),
  ('N00507',99,146,NULL,'青奥金色缤纷会徽徽章',NULL,NULL,NULL,110,'30.00',NULL,'0.00',NULL,'个','','',NULL,NULL,'2012-06-06 12:25:22',0),
  ('N00508',99,146,NULL,'青奥金色旋转对话框徽章',NULL,NULL,NULL,110,'30.00',NULL,'0.00',NULL,'个','','',NULL,NULL,'2012-06-06 12:25:22',0),
  ('N00509',99,146,NULL,'青奥金色对话框徽章',NULL,NULL,NULL,110,'30.00',NULL,'0.00',NULL,'个','','',NULL,NULL,'2012-06-06 12:25:22',0),
  ('N00576',90,147,NULL,'南京风光五枚银条',NULL,NULL,NULL,5,'1198.00',NULL,'0.00',NULL,'套','','',NULL,NULL,'2012-06-06 12:25:23',0),
  ('N00577',90,147,NULL,'南京风光三枚银条',NULL,NULL,NULL,5,'788.00',NULL,'0.00',NULL,'套','','',NULL,NULL,'2012-06-06 12:25:23',0),
  ('N00578',90,147,NULL,'南京风光两枚银条',NULL,NULL,NULL,5,'460.00',NULL,'0.00',NULL,'套','','',NULL,NULL,'2012-06-06 12:25:23',0),
  ('N00580',99,146,NULL,'创意标签系列马口铁之正太',NULL,NULL,NULL,40,'10.00',NULL,'0.00',NULL,'个','','',NULL,NULL,'2012-06-06 12:25:22',0),
  ('N00581',99,146,NULL,'创意标签系列马口铁之运动健将',NULL,NULL,NULL,30,'10.00',NULL,'0.00',NULL,'个','','',NULL,NULL,'2012-06-06 12:25:22',0),
  ('N00582',99,146,NULL,'创意标签系列马口铁之文艺青年',NULL,NULL,NULL,10,'10.00',NULL,'0.00',NULL,'个','','',NULL,NULL,'2012-06-06 12:25:22',0),
  ('N00583',99,146,NULL,'创意标签系列马口铁之收藏达人',NULL,NULL,NULL,45,'10.00',NULL,'0.00',NULL,'个','','',NULL,NULL,'2012-06-06 12:25:22',0),
  ('N00584',99,146,NULL,'创意标签系列马口铁之潜力股',NULL,NULL,NULL,15,'10.00',NULL,'0.00',NULL,'个','','',NULL,NULL,'2012-06-06 12:25:22',0),
  ('N00585',99,146,NULL,'创意标签系列马口铁之奇葩',NULL,NULL,NULL,0,'10.00',NULL,'0.00',NULL,'个','','',NULL,NULL,'2012-06-06 12:25:23',0),
  ('N00586',99,146,NULL,'创意标签系列马口铁之普通青年',NULL,NULL,NULL,50,'10.00',NULL,'0.00',NULL,'个','','',NULL,NULL,'2012-06-06 12:25:23',0),
  ('N00587',99,146,NULL,'创意标签系列马口铁之萝莉',NULL,NULL,NULL,0,'10.00',NULL,'0.00',NULL,'个','','',NULL,NULL,'2012-06-06 12:25:23',0),
  ('N00588',99,146,NULL,'创意标签系列马口铁之范儿青年',NULL,NULL,NULL,0,'10.00',NULL,'0.00',NULL,'个','','',NULL,NULL,'2012-06-06 12:25:23',0),
  ('N00589',99,146,NULL,'创意标签系列马口铁之吃货',NULL,NULL,NULL,0,'10.00',NULL,'0.00',NULL,'个','','',NULL,NULL,'2012-06-06 12:25:23',0),
  ('N00590',98,147,NULL,'青奥徽宝',NULL,NULL,NULL,0,'9980.00',NULL,'0.00',NULL,'座','','',NULL,NULL,'2012-06-06 12:25:22',0),
  ('N00591',98,147,NULL,'青奥金玉徽章',NULL,NULL,NULL,0,'1980.00',NULL,'0.00',NULL,'套','','',NULL,NULL,'2012-06-06 12:25:19',0),
  ('N00626',87,147,NULL,'口号发布纪念银条（100g）',NULL,NULL,NULL,20,'1380.00',NULL,'0.00',NULL,'套','','',NULL,NULL,'2012-06-06 12:25:23',0),
  ('N00627',87,147,NULL,'口号发布纪念银条（50g）',NULL,NULL,NULL,50,'690.00',NULL,'0.00',NULL,'套','','',NULL,NULL,'2012-06-06 12:25:23',0),
  ('P00001-1',83,143,NULL,'男电子时钟文化衫',NULL,NULL,NULL,41,'140.00',NULL,'0.00',NULL,'件','白','165',NULL,NULL,'2012-06-06 12:24:56',0),
  ('P00001-2',83,143,NULL,'男电子时钟文化衫',NULL,NULL,NULL,44,'140.00',NULL,'0.00',NULL,'件','白','170',NULL,NULL,'2012-06-06 12:24:56',0),
  ('P00001-3',83,143,NULL,'男电子时钟文化衫',NULL,NULL,NULL,72,'140.00',NULL,'0.00',NULL,'件','白','175',NULL,NULL,'2012-06-06 12:24:56',0),
  ('P00001-4',83,143,NULL,'男电子时钟文化衫',NULL,NULL,NULL,64,'140.00',NULL,'0.00',NULL,'件','白','180',NULL,NULL,'2012-06-06 12:24:56',0),
  ('P00001-5',83,143,NULL,'男电子时钟文化衫',NULL,NULL,NULL,54,'140.00',NULL,'0.00',NULL,'件','白','185',NULL,NULL,'2012-06-06 12:24:56',0),
  ('P00002-1',83,143,NULL,'女电子时钟文化衫',NULL,NULL,NULL,17,'130.00',NULL,'0.00',NULL,'件','白','155',NULL,NULL,'2012-06-06 12:24:56',0),
  ('P00002-2',83,143,NULL,'女电子时钟文化衫',NULL,NULL,NULL,16,'130.00',NULL,'0.00',NULL,'件','白','160',NULL,NULL,'2012-06-06 12:24:56',0),
  ('P00002-3',83,143,NULL,'女电子时钟文化衫',NULL,NULL,NULL,64,'130.00',NULL,'0.00',NULL,'件','白','165',NULL,NULL,'2012-06-06 12:24:56',0),
  ('P00002-4',83,143,NULL,'女电子时钟文化衫',NULL,NULL,NULL,18,'130.00',NULL,'0.00',NULL,'件','白','170',NULL,NULL,'2012-06-06 12:24:56',0),
  ('P00002-5',83,143,NULL,'女电子时钟文化衫',NULL,NULL,NULL,13,'130.00',NULL,'0.00',NULL,'件','白','175',NULL,NULL,'2012-06-06 12:24:56',0),
  ('P00003-1',83,143,NULL,'男马赛克涂鸦文化衫',NULL,NULL,NULL,43,'150.00',NULL,'0.00',NULL,'件','黑','165',NULL,NULL,'2012-06-06 12:24:56',0),
  ('P00003-2',83,143,NULL,'男马赛克涂鸦文化衫',NULL,NULL,NULL,49,'150.00',NULL,'0.00',NULL,'件','黑','170',NULL,NULL,'2012-06-06 12:24:56',0),
  ('P00003-3',83,143,NULL,'男马赛克涂鸦文化衫',NULL,NULL,NULL,78,'150.00',NULL,'0.00',NULL,'件','黑','175',NULL,NULL,'2012-06-06 12:24:56',0),
  ('P00003-4',83,143,NULL,'男马赛克涂鸦文化衫',NULL,NULL,NULL,70,'150.00',NULL,'0.00',NULL,'件','黑','180',NULL,NULL,'2012-06-06 12:24:56',0),
  ('P00003-5',83,143,NULL,'男马赛克涂鸦文化衫',NULL,NULL,NULL,53,'150.00',NULL,'0.00',NULL,'件','黑','185',NULL,NULL,'2012-06-06 12:24:56',0),
  ('P00004-1',83,143,NULL,'男五色线文化衫',NULL,NULL,NULL,44,'150.00',NULL,'0.00',NULL,'件','黑','165',NULL,NULL,'2012-06-06 12:24:56',0),
  ('P00004-2',83,143,NULL,'男五色线文化衫',NULL,NULL,NULL,47,'150.00',NULL,'0.00',NULL,'件','黑','170',NULL,NULL,'2012-06-06 12:24:56',0),
  ('P00004-3',83,143,NULL,'男五色线文化衫',NULL,NULL,NULL,74,'150.00',NULL,'0.00',NULL,'件','黑','175',NULL,NULL,'2012-06-06 12:24:56',0),
  ('P00004-4',83,143,NULL,'男五色线文化衫',NULL,NULL,NULL,66,'150.00',NULL,'0.00',NULL,'件','黑','180',NULL,NULL,'2012-06-06 12:24:56',0),
  ('P00004-5',83,143,NULL,'男五色线文化衫',NULL,NULL,NULL,49,'150.00',NULL,'0.00',NULL,'件','黑','185',NULL,NULL,'2012-06-06 12:24:56',0),
  ('P00005-1',83,143,NULL,'女马赛克涂鸦文化衫',NULL,NULL,NULL,19,'140.00',NULL,'0.00',NULL,'件','黑','155',NULL,NULL,'2012-06-06 12:24:56',0),
  ('P00005-2',83,143,NULL,'女马赛克涂鸦文化衫',NULL,NULL,NULL,15,'140.00',NULL,'0.00',NULL,'件','黑','160',NULL,NULL,'2012-06-06 12:24:56',0),
  ('P00005-3',83,143,NULL,'女马赛克涂鸦文化衫',NULL,NULL,NULL,68,'140.00',NULL,'0.00',NULL,'件','黑','165',NULL,NULL,'2012-06-06 12:24:56',0),
  ('P00005-4',83,143,NULL,'女马赛克涂鸦文化衫',NULL,NULL,NULL,12,'140.00',NULL,'0.00',NULL,'件','黑','170',NULL,NULL,'2012-06-06 12:24:56',0),
  ('P00005-5',83,143,NULL,'女马赛克涂鸦文化衫',NULL,NULL,NULL,24,'140.00',NULL,'0.00',NULL,'件','黑','175',NULL,NULL,'2012-06-06 12:24:56',0),
  ('P00006-1',83,143,NULL,'女五色线文化衫',NULL,NULL,NULL,15,'140.00',NULL,'0.00',NULL,'件','黑','155',NULL,NULL,'2012-06-06 12:24:56',0),
  ('P00006-2',83,143,NULL,'女五色线文化衫',NULL,NULL,NULL,15,'140.00',NULL,'0.00',NULL,'件','黑','160',NULL,NULL,'2012-06-06 12:24:57',0),
  ('P00006-3',83,143,NULL,'女五色线文化衫',NULL,NULL,NULL,64,'140.00',NULL,'0.00',NULL,'件','黑','165',NULL,NULL,'2012-06-06 12:24:57',0),
  ('P00006-4',83,143,NULL,'女五色线文化衫',NULL,NULL,NULL,15,'140.00',NULL,'0.00',NULL,'件','黑','170',NULL,NULL,'2012-06-06 12:24:57',0),
  ('P00006-5',83,143,NULL,'女五色线文化衫',NULL,NULL,NULL,22,'140.00',NULL,'0.00',NULL,'件','黑','175',NULL,NULL,'2012-06-06 12:24:57',0),
  ('P00007-1',83,143,NULL,'男活力心声文化衫',NULL,NULL,NULL,36,'150.00',NULL,'0.00',NULL,'件','灰','165',NULL,NULL,'2012-06-06 12:24:57',0),
  ('P00007-2',83,143,NULL,'男活力心声文化衫',NULL,NULL,NULL,45,'150.00',NULL,'0.00',NULL,'件','灰','170',NULL,NULL,'2012-06-06 12:24:57',0),
  ('P00007-3',83,143,NULL,'男活力心声文化衫',NULL,NULL,NULL,68,'150.00',NULL,'0.00',NULL,'件','灰','175',NULL,NULL,'2012-06-06 12:24:57',0),
  ('P00007-4',83,143,NULL,'男活力心声文化衫',NULL,NULL,NULL,65,'150.00',NULL,'0.00',NULL,'件','灰','180',NULL,NULL,'2012-06-06 12:24:57',0),
  ('P00007-5',83,143,NULL,'男活力心声文化衫',NULL,NULL,NULL,47,'150.00',NULL,'0.00',NULL,'件','灰','185',NULL,NULL,'2012-06-06 12:24:57',0),
  ('P00008-1',83,143,NULL,'女活力心声文化衫',NULL,NULL,NULL,12,'140.00',NULL,'0.00',NULL,'件','灰','155',NULL,NULL,'2012-06-06 12:24:57',0),
  ('P00008-2',83,143,NULL,'女活力心声文化衫',NULL,NULL,NULL,9,'140.00',NULL,'0.00',NULL,'件','灰','160',NULL,NULL,'2012-06-06 12:24:57',0),
  ('P00008-3',83,143,NULL,'女活力心声文化衫',NULL,NULL,NULL,63,'140.00',NULL,'0.00',NULL,'件','灰','165',NULL,NULL,'2012-06-06 12:24:57',0),
  ('P00008-4',83,143,NULL,'女活力心声文化衫',NULL,NULL,NULL,11,'140.00',NULL,'0.00',NULL,'件','灰','170',NULL,NULL,'2012-06-06 12:24:57',0),
  ('P00008-5',83,143,NULL,'女活力心声文化衫',NULL,NULL,NULL,16,'140.00',NULL,'0.00',NULL,'件','灰','175',NULL,NULL,'2012-06-06 12:24:57',0),
  ('P00009-1',83,143,NULL,'男电子时钟文化衫',NULL,NULL,NULL,38,'140.00',NULL,'0.00',NULL,'件','蓝','165',NULL,NULL,'2012-06-06 12:24:57',0),
  ('P00009-2',83,143,NULL,'男电子时钟文化衫',NULL,NULL,NULL,43,'140.00',NULL,'0.00',NULL,'件','蓝','170',NULL,NULL,'2012-06-06 12:24:57',0),
  ('P00009-3',83,143,NULL,'男电子时钟文化衫',NULL,NULL,NULL,70,'140.00',NULL,'0.00',NULL,'件','蓝','175',NULL,NULL,'2012-06-06 12:24:57',0),
  ('P00009-4',83,143,NULL,'男电子时钟文化衫',NULL,NULL,NULL,59,'140.00',NULL,'0.00',NULL,'件','蓝','180',NULL,NULL,'2012-06-06 12:24:57',0),
  ('P00009-5',83,143,NULL,'男电子时钟文化衫',NULL,NULL,NULL,46,'140.00',NULL,'0.00',NULL,'件','蓝','185',NULL,NULL,'2012-06-06 12:24:57',0),
  ('P00010-1',83,143,NULL,'男五色线文化衫',NULL,NULL,NULL,39,'150.00',NULL,'0.00',NULL,'件','蓝','165',NULL,NULL,'2012-06-06 12:24:57',0),
  ('P00010-2',83,143,NULL,'男五色线文化衫',NULL,NULL,NULL,40,'150.00',NULL,'0.00',NULL,'件','蓝','170',NULL,NULL,'2012-06-06 12:24:57',0),
  ('P00010-3',83,143,NULL,'男五色线文化衫',NULL,NULL,NULL,67,'150.00',NULL,'0.00',NULL,'件','蓝','175',NULL,NULL,'2012-06-06 12:24:57',0),
  ('P00010-4',83,143,NULL,'男五色线文化衫',NULL,NULL,NULL,52,'150.00',NULL,'0.00',NULL,'件','蓝','180',NULL,NULL,'2012-06-06 12:24:57',0),
  ('P00010-5',83,143,NULL,'男五色线文化衫',NULL,NULL,NULL,42,'150.00',NULL,'0.00',NULL,'件','蓝','185',NULL,NULL,'2012-06-06 12:24:57',0),
  ('P00011-1',83,143,NULL,'女电子时钟文化衫',NULL,NULL,NULL,11,'130.00',NULL,'0.00',NULL,'件','蓝','155',NULL,NULL,'2012-06-06 12:24:57',0),
  ('P00011-2',83,143,NULL,'女电子时钟文化衫',NULL,NULL,NULL,11,'130.00',NULL,'0.00',NULL,'件','蓝','160',NULL,NULL,'2012-06-06 12:24:58',0),
  ('P00011-3',83,143,NULL,'女电子时钟文化衫',NULL,NULL,NULL,61,'130.00',NULL,'0.00',NULL,'件','蓝','165',NULL,NULL,'2012-06-06 12:24:58',0),
  ('P00011-4',83,143,NULL,'女电子时钟文化衫',NULL,NULL,NULL,7,'130.00',NULL,'0.00',NULL,'件','蓝','170',NULL,NULL,'2012-06-06 12:24:58',0),
  ('P00011-5',83,143,NULL,'女电子时钟文化衫',NULL,NULL,NULL,21,'130.00',NULL,'0.00',NULL,'件','蓝','175',NULL,NULL,'2012-06-06 12:24:58',0),
  ('P00012-1',83,143,NULL,'女五色线文化衫',NULL,NULL,NULL,8,'140.00',NULL,'0.00',NULL,'件','蓝','155',NULL,NULL,'2012-06-06 12:24:58',0),
  ('P00012-2',83,143,NULL,'女五色线文化衫',NULL,NULL,NULL,10,'140.00',NULL,'0.00',NULL,'件','蓝','160',NULL,NULL,'2012-06-06 12:24:58',0),
  ('P00012-3',83,143,NULL,'女五色线文化衫',NULL,NULL,NULL,61,'140.00',NULL,'0.00',NULL,'件','蓝','165',NULL,NULL,'2012-06-06 12:24:58',0),
  ('P00012-4',83,143,NULL,'女五色线文化衫',NULL,NULL,NULL,5,'140.00',NULL,'0.00',NULL,'件','蓝','170',NULL,NULL,'2012-06-06 12:24:58',0),
  ('P00012-5',83,143,NULL,'女五色线文化衫',NULL,NULL,NULL,11,'140.00',NULL,'0.00',NULL,'件','蓝','175',NULL,NULL,'2012-06-06 12:24:58',0),
  ('P00013-1',83,143,NULL,'男活力心声文化衫',NULL,NULL,NULL,43,'150.00',NULL,'0.00',NULL,'件','绿','165',NULL,NULL,'2012-06-06 12:24:58',0),
  ('P00013-2',83,143,NULL,'男活力心声文化衫',NULL,NULL,NULL,45,'150.00',NULL,'0.00',NULL,'件','绿','170',NULL,NULL,'2012-06-06 12:24:58',0),
  ('P00013-3',83,143,NULL,'男活力心声文化衫',NULL,NULL,NULL,73,'150.00',NULL,'0.00',NULL,'件','绿','175',NULL,NULL,'2012-06-06 12:24:58',0),
  ('P00013-4',83,143,NULL,'男活力心声文化衫',NULL,NULL,NULL,60,'150.00',NULL,'0.00',NULL,'件','绿','180',NULL,NULL,'2012-06-06 12:24:58',0),
  ('P00013-5',83,143,NULL,'男活力心声文化衫',NULL,NULL,NULL,47,'150.00',NULL,'0.00',NULL,'件','绿','185',NULL,NULL,'2012-06-06 12:24:58',0),
  ('P00014-1',83,143,NULL,'男马赛克涂鸦文化衫',NULL,NULL,NULL,41,'150.00',NULL,'0.00',NULL,'件','绿','165',NULL,NULL,'2012-06-06 12:24:58',0),
  ('P00014-2',83,143,NULL,'男马赛克涂鸦文化衫',NULL,NULL,NULL,46,'150.00',NULL,'0.00',NULL,'件','绿','170',NULL,NULL,'2012-06-06 12:24:58',0),
  ('P00014-3',83,143,NULL,'男马赛克涂鸦文化衫',NULL,NULL,NULL,70,'150.00',NULL,'0.00',NULL,'件','绿','175',NULL,NULL,'2012-06-06 12:24:58',0),
  ('P00014-4',83,143,NULL,'男马赛克涂鸦文化衫',NULL,NULL,NULL,64,'150.00',NULL,'0.00',NULL,'件','绿','180',NULL,NULL,'2012-06-06 12:24:58',0),
  ('P00014-5',83,143,NULL,'男马赛克涂鸦文化衫',NULL,NULL,NULL,50,'150.00',NULL,'0.00',NULL,'件','绿','185',NULL,NULL,'2012-06-06 12:24:58',0),
  ('P00015-1',83,143,NULL,'女活力心声文化衫',NULL,NULL,NULL,12,'140.00',NULL,'0.00',NULL,'件','绿','155',NULL,NULL,'2012-06-06 12:24:58',0),
  ('P00015-2',83,143,NULL,'女活力心声文化衫',NULL,NULL,NULL,8,'140.00',NULL,'0.00',NULL,'件','绿','160',NULL,NULL,'2012-06-06 12:24:58',0),
  ('P00015-3',83,143,NULL,'女活力心声文化衫',NULL,NULL,NULL,62,'140.00',NULL,'0.00',NULL,'件','绿','165',NULL,NULL,'2012-06-06 12:24:59',0),
  ('P00015-4',83,143,NULL,'女活力心声文化衫',NULL,NULL,NULL,6,'140.00',NULL,'0.00',NULL,'件','绿','170',NULL,NULL,'2012-06-06 12:24:59',0),
  ('P00015-5',83,143,NULL,'女活力心声文化衫',NULL,NULL,NULL,13,'140.00',NULL,'0.00',NULL,'件','绿','175',NULL,NULL,'2012-06-06 12:24:59',0),
  ('P00016-1',83,143,NULL,'女马赛克涂鸦文化衫',NULL,NULL,NULL,14,'140.00',NULL,'0.00',NULL,'件','绿','155',NULL,NULL,'2012-06-06 12:24:59',0),
  ('P00016-2',83,143,NULL,'女马赛克涂鸦文化衫',NULL,NULL,NULL,15,'140.00',NULL,'0.00',NULL,'件','绿','160',NULL,NULL,'2012-06-06 12:24:59',0),
  ('P00016-3',83,143,NULL,'女马赛克涂鸦文化衫',NULL,NULL,NULL,55,'140.00',NULL,'0.00',NULL,'件','绿','165',NULL,NULL,'2012-06-06 12:24:59',0),
  ('P00016-4',83,143,NULL,'女马赛克涂鸦文化衫',NULL,NULL,NULL,7,'140.00',NULL,'0.00',NULL,'件','绿','170',NULL,NULL,'2012-06-06 12:24:59',0),
  ('P00016-5',83,143,NULL,'女马赛克涂鸦文化衫',NULL,NULL,NULL,22,'140.00',NULL,'0.00',NULL,'件','绿','175',NULL,NULL,'2012-06-06 12:24:59',0),
  ('P00017-1',83,143,NULL,'男插肩长袖文化衫',NULL,NULL,NULL,8,'180.00',NULL,'0.00',NULL,'件','白/绿','165',NULL,NULL,'2012-06-06 12:24:59',0),
  ('P00017-2',83,143,NULL,'男插肩长袖文化衫',NULL,NULL,NULL,12,'180.00',NULL,'0.00',NULL,'件','白/绿','170',NULL,NULL,'2012-06-06 12:24:59',0),
  ('P00017-3',83,143,NULL,'男插肩长袖文化衫',NULL,NULL,NULL,16,'180.00',NULL,'0.00',NULL,'件','白/绿','175',NULL,NULL,'2012-06-06 12:24:59',0),
  ('P00017-4',83,143,NULL,'男插肩长袖文化衫',NULL,NULL,NULL,11,'180.00',NULL,'0.00',NULL,'件','白/绿','180',NULL,NULL,'2012-06-06 12:24:59',0),
  ('P00017-5',83,143,NULL,'男插肩长袖文化衫',NULL,NULL,NULL,11,'180.00',NULL,'0.00',NULL,'件','白/绿','185',NULL,NULL,'2012-06-06 12:24:59',0),
  ('P00018-1',83,143,NULL,'男插肩短袖文化衫',NULL,NULL,NULL,28,'140.00',NULL,'0.00',NULL,'件','白/绿','165',NULL,NULL,'2012-06-06 12:24:59',0),
  ('P00018-2',83,143,NULL,'男插肩短袖文化衫',NULL,NULL,NULL,13,'140.00',NULL,'0.00',NULL,'件','白/绿','170',NULL,NULL,'2012-06-06 12:24:59',0),
  ('P00018-3',83,143,NULL,'男插肩短袖文化衫',NULL,NULL,NULL,46,'140.00',NULL,'0.00',NULL,'件','白/绿','175',NULL,NULL,'2012-06-06 12:24:59',0),
  ('P00018-4',83,143,NULL,'男插肩短袖文化衫',NULL,NULL,NULL,36,'140.00',NULL,'0.00',NULL,'件','白/绿','180',NULL,NULL,'2012-06-06 12:24:59',0),
  ('P00018-5',83,143,NULL,'男插肩短袖文化衫',NULL,NULL,NULL,24,'140.00',NULL,'0.00',NULL,'件','白/绿','185',NULL,NULL,'2012-06-06 12:24:59',0),
  ('P00020-1',83,143,NULL,'男会徽文化衫',NULL,NULL,NULL,44,'150.00',NULL,'0.00',NULL,'件','白','165',NULL,NULL,'2012-06-06 12:24:59',0),
  ('P00020-2',83,143,NULL,'男会徽文化衫',NULL,NULL,NULL,52,'150.00',NULL,'0.00',NULL,'件','白','170',NULL,NULL,'2012-06-06 12:24:59',0),
  ('P00020-3',83,143,NULL,'男会徽文化衫',NULL,NULL,NULL,63,'150.00',NULL,'0.00',NULL,'件','白','175',NULL,NULL,'2012-06-06 12:24:59',0),
  ('P00020-4',83,143,NULL,'男会徽文化衫',NULL,NULL,NULL,57,'150.00',NULL,'0.00',NULL,'件','白','180',NULL,NULL,'2012-06-06 12:25:00',0),
  ('P00020-5',83,143,NULL,'男会徽文化衫',NULL,NULL,NULL,48,'150.00',NULL,'0.00',NULL,'件','白','185',NULL,NULL,'2012-06-06 12:25:00',0),
  ('P00021-1',96,143,NULL,'男活力心声T恤衫',NULL,NULL,NULL,1,'180.00',NULL,'0.00',NULL,'件','','165',NULL,NULL,'2012-06-06 12:25:19',0),
  ('P00021-2',96,143,NULL,'男活力心声T恤衫',NULL,NULL,NULL,3,'180.00',NULL,'0.00',NULL,'件','','170',NULL,NULL,'2012-06-06 12:25:19',0),
  ('P00021-3',96,143,NULL,'男活力心声T恤衫',NULL,NULL,NULL,0,'180.00',NULL,'0.00',NULL,'件','','175',NULL,NULL,'2012-06-06 12:25:19',0),
  ('P00021-4',96,143,NULL,'男活力心声T恤衫',NULL,NULL,NULL,0,'180.00',NULL,'0.00',NULL,'件','','180',NULL,NULL,'2012-06-06 12:25:19',0),
  ('P00021-5',96,143,NULL,'男活力心声T恤衫',NULL,NULL,NULL,0,'180.00',NULL,'0.00',NULL,'件','','185',NULL,NULL,'2012-06-06 12:25:19',0),
  ('P00022-1',83,143,NULL,'男活力心声长袖文化衫',NULL,NULL,NULL,7,'180.00',NULL,'0.00',NULL,'件','白','165',NULL,NULL,'2012-06-06 12:25:00',0),
  ('P00022-2',83,143,NULL,'男活力心声长袖文化衫',NULL,NULL,NULL,9,'180.00',NULL,'0.00',NULL,'件','白','170',NULL,NULL,'2012-06-06 12:25:00',0),
  ('P00022-3',83,143,NULL,'男活力心声长袖文化衫',NULL,NULL,NULL,16,'180.00',NULL,'0.00',NULL,'件','白','175',NULL,NULL,'2012-06-06 12:25:00',0),
  ('P00022-4',83,143,NULL,'男活力心声长袖文化衫',NULL,NULL,NULL,3,'180.00',NULL,'0.00',NULL,'件','白','180',NULL,NULL,'2012-06-06 12:25:00',0),
  ('P00022-5',83,143,NULL,'男活力心声长袖文化衫',NULL,NULL,NULL,3,'180.00',NULL,'0.00',NULL,'件','白','185',NULL,NULL,'2012-06-06 12:25:00',0),
  ('P00023-1',83,143,NULL,'男活力心声短袖文化衫',NULL,NULL,NULL,45,'150.00',NULL,'0.00',NULL,'件','白','165',NULL,NULL,'2012-06-06 12:25:00',0),
  ('P00023-2',83,143,NULL,'男活力心声短袖文化衫',NULL,NULL,NULL,54,'150.00',NULL,'0.00',NULL,'件','白','170',NULL,NULL,'2012-06-06 12:25:00',0),
  ('P00023-3',83,143,NULL,'男活力心声短袖文化衫',NULL,NULL,NULL,80,'150.00',NULL,'0.00',NULL,'件','白','175',NULL,NULL,'2012-06-06 12:25:00',0),
  ('P00023-4',83,143,NULL,'男活力心声短袖文化衫',NULL,NULL,NULL,68,'150.00',NULL,'0.00',NULL,'件','白','180',NULL,NULL,'2012-06-06 12:25:00',0),
  ('P00023-5',83,143,NULL,'男活力心声短袖文化衫',NULL,NULL,NULL,44,'150.00',NULL,'0.00',NULL,'件','白','185',NULL,NULL,'2012-06-06 12:25:00',0),
  ('P00024-1',96,143,NULL,'男拼色T恤衫',NULL,NULL,NULL,1,'180.00',NULL,'0.00',NULL,'件','','165',NULL,NULL,'2012-06-06 12:25:19',0),
  ('P00024-2',96,143,NULL,'男拼色T恤衫',NULL,NULL,NULL,3,'180.00',NULL,'0.00',NULL,'件','','170',NULL,NULL,'2012-06-06 12:25:19',0),
  ('P00024-3',96,143,NULL,'男拼色T恤衫',NULL,NULL,NULL,0,'180.00',NULL,'0.00',NULL,'件','','175',NULL,NULL,'2012-06-06 12:25:19',0),
  ('P00024-4',96,143,NULL,'男拼色T恤衫',NULL,NULL,NULL,1,'180.00',NULL,'0.00',NULL,'件','','180',NULL,NULL,'2012-06-06 12:25:20',0),
  ('P00024-5',96,143,NULL,'男拼色T恤衫',NULL,NULL,NULL,1,'180.00',NULL,'0.00',NULL,'件','','185',NULL,NULL,'2012-06-06 12:25:20',0),
  ('P000245',90,147,NULL,'金陵三十六景之四雨花台',NULL,NULL,NULL,5,'528.00',NULL,'0.00',NULL,'枚','','',NULL,NULL,'2012-06-06 12:25:19',0),
  ('P00025-1',83,143,NULL,'男炫彩长袖文化衫',NULL,NULL,NULL,14,'180.00',NULL,'0.00',NULL,'件','白/蓝','165',NULL,NULL,'2012-06-06 12:25:00',0),
  ('P00025-2',83,143,NULL,'男炫彩长袖文化衫',NULL,NULL,NULL,15,'180.00',NULL,'0.00',NULL,'件','白/蓝','170',NULL,NULL,'2012-06-06 12:25:00',0),
  ('P00025-3',83,143,NULL,'男炫彩长袖文化衫',NULL,NULL,NULL,16,'180.00',NULL,'0.00',NULL,'件','白/蓝','175',NULL,NULL,'2012-06-06 12:25:00',0),
  ('P00025-4',83,143,NULL,'男炫彩长袖文化衫',NULL,NULL,NULL,13,'180.00',NULL,'0.00',NULL,'件','白/蓝','180',NULL,NULL,'2012-06-06 12:25:00',0),
  ('P00025-5',83,143,NULL,'男炫彩长袖文化衫',NULL,NULL,NULL,10,'180.00',NULL,'0.00',NULL,'件','白/蓝','185',NULL,NULL,'2012-06-06 12:25:00',0),
  ('P00026-1',83,143,NULL,'男炫彩短袖文化衫',NULL,NULL,NULL,42,'150.00',NULL,'0.00',NULL,'件','白','165',NULL,NULL,'2012-06-06 12:25:00',0),
  ('P00026-2',83,143,NULL,'男炫彩短袖文化衫',NULL,NULL,NULL,45,'150.00',NULL,'0.00',NULL,'件','白','170',NULL,NULL,'2012-06-06 12:25:00',0),
  ('P00026-3',83,143,NULL,'男炫彩短袖文化衫',NULL,NULL,NULL,74,'150.00',NULL,'0.00',NULL,'件','白','175',NULL,NULL,'2012-06-06 12:25:00',0),
  ('P00026-4',83,143,NULL,'男炫彩短袖文化衫',NULL,NULL,NULL,53,'150.00',NULL,'0.00',NULL,'件','白','180',NULL,NULL,'2012-06-06 12:25:00',0),
  ('P00026-5',83,143,NULL,'男炫彩短袖文化衫',NULL,NULL,NULL,46,'150.00',NULL,'0.00',NULL,'件','白','185',NULL,NULL,'2012-06-06 12:25:00',0),
  ('P00028-1',83,143,NULL,'女插肩长袖文化衫',NULL,NULL,NULL,12,'160.00',NULL,'0.00',NULL,'件','白/绿','155',NULL,NULL,'2012-06-06 12:25:00',0),
  ('P00028-2',83,143,NULL,'女插肩长袖文化衫',NULL,NULL,NULL,12,'160.00',NULL,'0.00',NULL,'件','白/绿','160',NULL,NULL,'2012-06-06 12:25:00',0),
  ('P00028-3',83,143,NULL,'女插肩长袖文化衫',NULL,NULL,NULL,17,'160.00',NULL,'0.00',NULL,'件','白/绿','165',NULL,NULL,'2012-06-06 12:25:00',0),
  ('P00028-4',83,143,NULL,'女插肩长袖文化衫',NULL,NULL,NULL,13,'160.00',NULL,'0.00',NULL,'件','白/绿','170',NULL,NULL,'2012-06-06 12:25:00',0),
  ('P00028-5',83,143,NULL,'女插肩长袖文化衫',NULL,NULL,NULL,13,'160.00',NULL,'0.00',NULL,'件','白/绿','175',NULL,NULL,'2012-06-06 12:25:00',0),
  ('P00029-1',83,143,NULL,'女插肩短袖文化衫',NULL,NULL,NULL,18,'130.00',NULL,'0.00',NULL,'件','白/绿','155',NULL,NULL,'2012-06-06 12:25:01',0),
  ('P00029-2',83,143,NULL,'女插肩短袖文化衫',NULL,NULL,NULL,23,'130.00',NULL,'0.00',NULL,'件','白/绿','160',NULL,NULL,'2012-06-06 12:25:01',0),
  ('P00029-3',83,143,NULL,'女插肩短袖文化衫',NULL,NULL,NULL,72,'130.00',NULL,'0.00',NULL,'件','白/绿','165',NULL,NULL,'2012-06-06 12:25:01',0),
  ('P00029-4',83,143,NULL,'女插肩短袖文化衫',NULL,NULL,NULL,16,'130.00',NULL,'0.00',NULL,'件','白/绿','170',NULL,NULL,'2012-06-06 12:25:01',0),
  ('P00029-5',83,143,NULL,'女插肩短袖文化衫',NULL,NULL,NULL,11,'130.00',NULL,'0.00',NULL,'件','白/绿','175',NULL,NULL,'2012-06-06 12:25:01',0),
  ('P00031-1',83,143,NULL,'女会徽文化衫',NULL,NULL,NULL,8,'130.00',NULL,'0.00',NULL,'件','白','155',NULL,NULL,'2012-06-06 12:25:01',0),
  ('P00031-2',83,143,NULL,'女会徽文化衫',NULL,NULL,NULL,14,'130.00',NULL,'0.00',NULL,'件','白','160',NULL,NULL,'2012-06-06 12:25:01',0),
  ('P00031-3',83,143,NULL,'女会徽文化衫',NULL,NULL,NULL,63,'130.00',NULL,'0.00',NULL,'件','白','165',NULL,NULL,'2012-06-06 12:25:01',0),
  ('P00031-4',83,143,NULL,'女会徽文化衫',NULL,NULL,NULL,7,'130.00',NULL,'0.00',NULL,'件','白','170',NULL,NULL,'2012-06-06 12:25:01',0),
  ('P00031-5',83,143,NULL,'女会徽文化衫',NULL,NULL,NULL,14,'130.00',NULL,'0.00',NULL,'件','白','175',NULL,NULL,'2012-06-06 12:25:01',0),
  ('P00032-1',96,143,NULL,'女活力心声T恤衫',NULL,NULL,NULL,1,'170.00',NULL,'0.00',NULL,'件','','155',NULL,NULL,'2012-06-06 12:25:20',0),
  ('P00032-2',96,143,NULL,'女活力心声T恤衫',NULL,NULL,NULL,0,'170.00',NULL,'0.00',NULL,'件','','160',NULL,NULL,'2012-06-06 12:25:20',0),
  ('P00032-3',96,143,NULL,'女活力心声T恤衫',NULL,NULL,NULL,0,'170.00',NULL,'0.00',NULL,'件','','165',NULL,NULL,'2012-06-06 12:25:20',0),
  ('P00032-4',96,143,NULL,'女活力心声T恤衫',NULL,NULL,NULL,4,'170.00',NULL,'0.00',NULL,'件','','170',NULL,NULL,'2012-06-06 12:25:20',0),
  ('P00032-5',96,143,NULL,'女活力心声T恤衫',NULL,NULL,NULL,1,'170.00',NULL,'0.00',NULL,'件','','175',NULL,NULL,'2012-06-06 12:25:20',0),
  ('P00033-1',83,143,NULL,'女活力心声长袖文化衫',NULL,NULL,NULL,7,'160.00',NULL,'0.00',NULL,'件','白','155',NULL,NULL,'2012-06-06 12:25:01',0),
  ('P00033-2',83,143,NULL,'女活力心声长袖文化衫',NULL,NULL,NULL,8,'160.00',NULL,'0.00',NULL,'件','白','160',NULL,NULL,'2012-06-06 12:25:01',0),
  ('P00033-3',83,143,NULL,'女活力心声长袖文化衫',NULL,NULL,NULL,13,'160.00',NULL,'0.00',NULL,'件','白','165',NULL,NULL,'2012-06-06 12:25:01',0),
  ('P00033-4',83,143,NULL,'女活力心声长袖文化衫',NULL,NULL,NULL,4,'160.00',NULL,'0.00',NULL,'件','白','170',NULL,NULL,'2012-06-06 12:25:01',0),
  ('P00033-5',83,143,NULL,'女活力心声长袖文化衫',NULL,NULL,NULL,8,'160.00',NULL,'0.00',NULL,'件','白','175',NULL,NULL,'2012-06-06 12:25:01',0),
  ('P00034-1',83,143,NULL,'女活力心声短袖文化衫',NULL,NULL,NULL,20,'130.00',NULL,'0.00',NULL,'件','白','155',NULL,NULL,'2012-06-06 12:25:01',0),
  ('P00034-2',83,143,NULL,'女活力心声短袖文化衫',NULL,NULL,NULL,21,'130.00',NULL,'0.00',NULL,'件','白','160',NULL,NULL,'2012-06-06 12:25:01',0),
  ('P00034-3',83,143,NULL,'女活力心声短袖文化衫',NULL,NULL,NULL,76,'130.00',NULL,'0.00',NULL,'件','白','165',NULL,NULL,'2012-06-06 12:25:01',0),
  ('P00034-4',83,143,NULL,'女活力心声短袖文化衫',NULL,NULL,NULL,16,'130.00',NULL,'0.00',NULL,'件','白','170',NULL,NULL,'2012-06-06 12:25:01',0),
  ('P00034-5',83,143,NULL,'女活力心声短袖文化衫',NULL,NULL,NULL,9,'130.00',NULL,'0.00',NULL,'件','白','175',NULL,NULL,'2012-06-06 12:25:01',0),
  ('P00035-1',96,143,NULL,'女拼色T恤衫',NULL,NULL,NULL,1,'170.00',NULL,'0.00',NULL,'件','','155',NULL,NULL,'2012-06-06 12:25:20',0),
  ('P00035-2',96,143,NULL,'女拼色T恤衫',NULL,NULL,NULL,0,'170.00',NULL,'0.00',NULL,'件','','160',NULL,NULL,'2012-06-06 12:25:20',0),
  ('P00035-3',96,143,NULL,'女拼色T恤衫',NULL,NULL,NULL,0,'170.00',NULL,'0.00',NULL,'件','','165',NULL,NULL,'2012-06-06 12:25:20',0),
  ('P00035-4',96,143,NULL,'女拼色T恤衫',NULL,NULL,NULL,3,'170.00',NULL,'0.00',NULL,'件','','170',NULL,NULL,'2012-06-06 12:25:20',0),
  ('P00035-5',96,143,NULL,'女拼色T恤衫',NULL,NULL,NULL,0,'170.00',NULL,'0.00',NULL,'件','','175',NULL,NULL,'2012-06-06 12:25:20',0),
  ('P00036-1',83,143,NULL,'女炫彩长袖文化衫',NULL,NULL,NULL,7,'160.00',NULL,'0.00',NULL,'件','白/蓝','155',NULL,NULL,'2012-06-06 12:25:01',0),
  ('P00036-2',83,143,NULL,'女炫彩长袖文化衫',NULL,NULL,NULL,6,'160.00',NULL,'0.00',NULL,'件','白/蓝','160',NULL,NULL,'2012-06-06 12:25:02',0),
  ('P00036-3',83,143,NULL,'女炫彩长袖文化衫',NULL,NULL,NULL,12,'160.00',NULL,'0.00',NULL,'件','白/蓝','165',NULL,NULL,'2012-06-06 12:25:02',0),
  ('P00036-4',83,143,NULL,'女炫彩长袖文化衫',NULL,NULL,NULL,7,'160.00',NULL,'0.00',NULL,'件','白/蓝','170',NULL,NULL,'2012-06-06 12:25:02',0),
  ('P00036-5',83,143,NULL,'女炫彩长袖文化衫',NULL,NULL,NULL,8,'160.00',NULL,'0.00',NULL,'件','白/蓝','175',NULL,NULL,'2012-06-06 12:25:02',0),
  ('P00037-1',83,143,NULL,'女炫彩短袖文化衫',NULL,NULL,NULL,9,'140.00',NULL,'0.00',NULL,'件','白','155',NULL,NULL,'2012-06-06 12:25:02',0),
  ('P00037-2',83,143,NULL,'女炫彩短袖文化衫',NULL,NULL,NULL,10,'140.00',NULL,'0.00',NULL,'件','白','160',NULL,NULL,'2012-06-06 12:25:02',0),
  ('P00037-3',83,143,NULL,'女炫彩短袖文化衫',NULL,NULL,NULL,63,'140.00',NULL,'0.00',NULL,'件','白','165',NULL,NULL,'2012-06-06 12:25:02',0),
  ('P00037-4',83,143,NULL,'女炫彩短袖文化衫',NULL,NULL,NULL,9,'140.00',NULL,'0.00',NULL,'件','白','170',NULL,NULL,'2012-06-06 12:25:02',0),
  ('P00037-5',83,143,NULL,'女炫彩短袖文化衫',NULL,NULL,NULL,12,'140.00',NULL,'0.00',NULL,'件','白','175',NULL,NULL,'2012-06-06 12:25:02',0),
  ('P00039',83,143,NULL,'小标棒球帽',NULL,NULL,NULL,492,'60.00',NULL,'0.00',NULL,'件','白/绿','均码',NULL,NULL,'2012-06-06 12:25:02',0),
  ('P00040',83,143,NULL,'炫彩大标棒球帽',NULL,NULL,NULL,478,'60.00',NULL,'0.00',NULL,'件','白','均码',NULL,NULL,'2012-06-06 12:25:02',0),
  ('P00041',83,143,NULL,'炫彩小标棒球帽',NULL,NULL,NULL,299,'60.00',NULL,'0.00',NULL,'件','白','均码',NULL,NULL,'2012-06-06 12:25:02',0),
  ('P00042',88,146,NULL,'彩色会徽金属匙扣1',NULL,NULL,NULL,576,'35.00',NULL,'0.00',NULL,'个','','28*32mm',NULL,NULL,'2012-06-06 12:25:05',0),
  ('P00043',88,146,NULL,'彩色会徽金属匙扣2',NULL,NULL,NULL,575,'35.00',NULL,'0.00',NULL,'枚','','33*23mm',NULL,NULL,'2012-06-06 12:25:05',0),
  ('P00044',88,145,NULL,'挂带1',NULL,NULL,NULL,374,'30.00',NULL,'0.00',NULL,'条','','800*20mm',NULL,NULL,'2012-06-06 12:25:05',0),
  ('P00045',88,147,NULL,'梅花型纯银币型纪念章1',NULL,NULL,NULL,16,'580.00',NULL,'0.00',NULL,'枚','','45*45mm',NULL,NULL,'2012-06-06 12:25:07',0),
  ('P00046',87,143,NULL,'青奥篮球包（蓝）',NULL,NULL,NULL,0,'258.00',NULL,'0.00',NULL,'件','','34*17*45CM',NULL,NULL,'2012-06-06 12:25:05',0),
  ('P00047',87,143,NULL,'青奥篮球包（绿）',NULL,NULL,NULL,0,'258.00',NULL,'0.00',NULL,'件','','34*17*45CM',NULL,NULL,'2012-06-06 12:25:05',0),
  ('P00048',87,143,NULL,'炫彩挎包（紫）',NULL,NULL,NULL,33,'260.00',NULL,'0.00',NULL,'件','','39*12*25.5CM',NULL,NULL,'2012-06-06 12:25:06',0),
  ('P00049',87,143,NULL,'炫彩挎包（绿）',NULL,NULL,NULL,29,'260.00',NULL,'0.00',NULL,'件','','39*12*25.5CM',NULL,NULL,'2012-06-06 12:25:06',0),
  ('P00050',87,143,NULL,'休闲双肩背包',NULL,NULL,NULL,0,'250.00',NULL,'0.00',NULL,'件','','30*15*42CM',NULL,NULL,'2012-06-06 12:25:06',0),
  ('P00051',87,143,NULL,'双肩背包',NULL,NULL,NULL,3,'280.00',NULL,'0.00',NULL,'件','','34*17*42CM',NULL,NULL,'2012-06-06 12:25:05',0),
  ('P00052',87,146,NULL,'青奥钥匙扣',NULL,NULL,NULL,487,'28.00',NULL,'0.00',NULL,'件','','80*40*2mm',NULL,NULL,'2012-06-06 12:25:05',0),
  ('P00053-1',84,143,NULL,'翻领T恤',NULL,NULL,NULL,34,'160.00',NULL,'0.00',NULL,'件','绿','S',NULL,NULL,'2012-06-06 12:25:02',0),
  ('P00053-2',84,143,NULL,'翻领T恤',NULL,NULL,NULL,29,'160.00',NULL,'0.00',NULL,'件','绿','M',NULL,NULL,'2012-06-06 12:25:02',0),
  ('P00053-3',84,143,NULL,'翻领T恤',NULL,NULL,NULL,33,'160.00',NULL,'0.00',NULL,'件','绿','L',NULL,NULL,'2012-06-06 12:25:02',0),
  ('P00053-4',84,143,NULL,'翻领T恤',NULL,NULL,NULL,31,'160.00',NULL,'0.00',NULL,'件','绿','XL',NULL,NULL,'2012-06-06 12:25:02',0),
  ('P00053-5',84,143,NULL,'翻领T恤',NULL,NULL,NULL,19,'160.00',NULL,'0.00',NULL,'件','绿','XXL',NULL,NULL,'2012-06-06 12:25:02',0),
  ('P00054',85,144,NULL,'碧浪',NULL,NULL,NULL,73,'690.00',NULL,'0.00',NULL,'CC','','320CC',NULL,NULL,'2012-06-06 12:25:02',0),
  ('P00055',85,144,NULL,'常乐杯',NULL,NULL,NULL,63,'300.00',NULL,'0.00',NULL,'CC','','500CC',NULL,NULL,'2012-06-06 12:25:02',0),
  ('P00056',85,144,NULL,'倒把西施',NULL,NULL,NULL,45,'395.00',NULL,'0.00',NULL,'CC','','180CC',NULL,NULL,'2012-06-06 12:25:03',0),
  ('P00057',85,144,NULL,'方圆杯',NULL,NULL,NULL,45,'300.00',NULL,'0.00',NULL,'CC','','500CC',NULL,NULL,'2012-06-06 12:25:03',0),
  ('P00058-1',85,144,NULL,'国宝杯',NULL,NULL,NULL,114,'200.00',NULL,'0.00',NULL,'CC','彩标','',NULL,NULL,'2012-06-06 12:25:03',0),
  ('P00058-2',85,144,NULL,'国宝杯',NULL,NULL,NULL,0,'200.00',NULL,'0.00',NULL,'CC','烫金','',NULL,NULL,'2012-06-06 12:25:03',0),
  ('P00059',85,144,NULL,'含苞茗露',NULL,NULL,NULL,14,'690.00',NULL,'0.00',NULL,'CC','','320CC',NULL,NULL,'2012-06-06 12:25:03',0),
  ('P00060',85,144,NULL,'厚德杯',NULL,NULL,NULL,0,'160.00',NULL,'0.00',NULL,'CC','','450CC',NULL,NULL,'2012-06-06 12:25:03',0),
  ('P00060/61',85,144,NULL,'厚德杯组合',NULL,NULL,NULL,1,'560.00',NULL,'0.00',NULL,'套','','',NULL,NULL,'2012-06-06 12:25:03',0),
  ('P00061',85,144,NULL,'厚德杯Ⅱ',NULL,NULL,NULL,103,'400.00',NULL,'0.00',NULL,'CC','','450CC',NULL,NULL,'2012-06-06 12:25:03',0),
  ('P00062',85,144,NULL,'回纹杯',NULL,NULL,NULL,23,'160.00',NULL,'0.00',NULL,'CC','','380CC',NULL,NULL,'2012-06-06 12:25:03',0),
  ('P00063',85,144,NULL,'脸谱杯',NULL,NULL,NULL,16,'400.00',NULL,'0.00',NULL,'CC','','450CC',NULL,NULL,'2012-06-06 12:25:03',0),
  ('P00064',85,144,NULL,'灵蝠',NULL,NULL,NULL,0,'690.00',NULL,'0.00',NULL,'CC','','250CC',NULL,NULL,'2012-06-06 12:25:03',0),
  ('P00065',85,144,NULL,'龙狮',NULL,NULL,NULL,0,'780.00',NULL,'0.00',NULL,'CC','','380CC',NULL,NULL,'2012-06-06 12:25:05',0),
  ('P00066',85,144,NULL,'龙狮Ⅱ',NULL,NULL,NULL,35,'780.00',NULL,'0.00',NULL,'CC','','380CC',NULL,NULL,'2012-06-06 12:25:03',0),
  ('P00067',85,144,NULL,'牡丹杯（泥绘）',NULL,NULL,NULL,0,'300.00',NULL,'0.00',NULL,'CC','','350CC',NULL,NULL,'2012-06-06 12:25:03',0),
  ('P00068',85,144,NULL,'皮革杯',NULL,NULL,NULL,8,'160.00',NULL,'0.00',NULL,'CC','','450CC',NULL,NULL,'2012-06-06 12:25:03',0),
  ('P00068/69',85,144,NULL,'皮革杯组合',NULL,NULL,NULL,0,'320.00',NULL,'0.00',NULL,'套','','',NULL,NULL,'2012-06-06 12:25:03',0),
  ('P00069',85,144,NULL,'皮革杯Ⅱ',NULL,NULL,NULL,0,'160.00',NULL,'0.00',NULL,'CC','','450CC',NULL,NULL,'2012-06-06 12:25:03',0),
  ('P00070',85,144,NULL,'平安如意',NULL,NULL,NULL,11,'1200.00',NULL,'0.00',NULL,'CC','','300CC',NULL,NULL,'2012-06-06 12:25:06',0),
  ('P00071',85,144,NULL,'瑞兽',NULL,NULL,NULL,60,'780.00',NULL,'0.00',NULL,'CC','','300CC',NULL,NULL,'2012-06-06 12:25:03',0),
  ('P00072',85,144,NULL,'三脚狮鼎',NULL,NULL,NULL,45,'1200.00',NULL,'0.00',NULL,'CC','','350CC',NULL,NULL,'2012-06-06 12:25:03',0),
  ('P00073',85,144,NULL,'双狮杯',NULL,NULL,NULL,0,'200.00',NULL,'0.00',NULL,'CC','','350CC',NULL,NULL,'2012-06-06 12:25:03',0),
  ('P00074',85,144,NULL,'天龙顶珠',NULL,NULL,NULL,3,'1200.00',NULL,'0.00',NULL,'CC','','380CC',NULL,NULL,'2012-06-06 12:25:06',0),
  ('P00075',85,144,NULL,'舞动的旋律',NULL,NULL,NULL,0,'6900.00',NULL,'0.00',NULL,'CC','','380CC',NULL,NULL,'2012-06-06 12:25:06',0),
  ('P00076',85,144,NULL,'香韵',NULL,NULL,NULL,8,'600.00',NULL,'0.00',NULL,'CC','','220CC',NULL,NULL,'2012-06-06 12:25:03',0),
  ('P00077',85,144,NULL,'小平盖',NULL,NULL,NULL,0,'395.00',NULL,'0.00',NULL,'CC','','200CC',NULL,NULL,'2012-06-06 12:25:06',0),
  ('P00078',85,144,NULL,'中国茶',NULL,NULL,NULL,1,'160.00',NULL,'0.00',NULL,'CC','','500CC',NULL,NULL,'2012-06-06 12:25:03',0),
  ('P00079',85,144,NULL,'竹福杯',NULL,NULL,NULL,0,'300.00',NULL,'0.00',NULL,'CC','','300CC',NULL,NULL,'2012-06-06 12:25:03',0),
  ('P00080',85,144,NULL,'竹节套杯',NULL,NULL,NULL,62,'400.00',NULL,'0.00',NULL,'CC','','400CC',NULL,NULL,'2012-06-06 12:25:03',0),
  ('P00081',89,146,NULL,'南京美食徽章套装',NULL,NULL,NULL,0,'100.00',NULL,'0.00',NULL,'个','','30*20mm',NULL,NULL,'2012-06-06 12:25:06',0),
  ('P00082',86,144,NULL,'富贵梅花办公3件套',NULL,NULL,NULL,0,'2580.00',NULL,'0.00',NULL,'套','','3件套',NULL,NULL,'2012-06-06 12:25:03',0),
  ('P00083',86,144,NULL,'富贵梅花茶具8件套',NULL,NULL,NULL,0,'2580.00',NULL,'0.00',NULL,'套','','8件套',NULL,NULL,'2012-06-06 12:25:03',0),
  ('P00084',86,144,NULL,'富贵梅花瓶',NULL,NULL,NULL,1,'9800.00',NULL,'0.00',NULL,'件','','460*80*115*260',NULL,NULL,'2012-06-06 12:25:03',0),
  ('P00085',90,145,NULL,'会徽D型便携本',NULL,NULL,NULL,218,'15.00',NULL,'0.00',NULL,'本','','125*150mm',NULL,NULL,'2012-06-06 12:25:06',0),
  ('P00086',90,145,NULL,'会徽单只中性笔',NULL,NULL,NULL,0,'12.00',NULL,'0.00',NULL,'只','','135*10mm',NULL,NULL,'2012-06-06 12:25:06',0),
  ('P00087',92,148,NULL,'南京青奥会镀金纪念条',NULL,NULL,NULL,0,'280.00',NULL,'0.00',NULL,'枚','','120X53mm',NULL,NULL,'2012-06-06 12:25:07',0),
  ('P00088',92,147,NULL,'南京青奥会纪念金牌',NULL,NULL,NULL,0,'4600.00',NULL,'0.00',NULL,'枚','','38X58mm',NULL,NULL,'2012-06-06 12:25:07',0),
  ('P00089',88,146,NULL,'彩色会徽徽章1',NULL,NULL,NULL,482,'20.00',NULL,'0.00',NULL,'枚','','18*22mm',NULL,NULL,'2012-06-06 12:25:05',0),
  ('P00090',88,146,NULL,'彩色会徽徽章2',NULL,NULL,NULL,611,'20.00',NULL,'0.00',NULL,'枚','','27*15mm',NULL,NULL,'2012-06-06 12:25:05',0),
  ('P00091',88,146,NULL,'会徽发布纪念徽章',NULL,NULL,NULL,605,'25.00',NULL,'0.00',NULL,'枚','','24*31mm',NULL,NULL,'2012-06-06 12:25:05',0),
  ('P00092',88,146,NULL,'青少年纪念徽章1',NULL,NULL,NULL,356,'20.00',NULL,'0.00',NULL,'枚','','30*22.5mm',NULL,NULL,'2012-06-06 12:25:05',0),
  ('P00093-1',84,143,NULL,'圆领短袖T恤2',NULL,NULL,NULL,26,'140.00',NULL,'0.00',NULL,'件','蓝','S',NULL,NULL,'2012-06-06 12:25:04',0),
  ('P00093-2',84,143,NULL,'圆领短袖T恤2',NULL,NULL,NULL,17,'140.00',NULL,'0.00',NULL,'件','蓝','M',NULL,NULL,'2012-06-06 12:25:04',0),
  ('P00093-3',84,143,NULL,'圆领短袖T恤2',NULL,NULL,NULL,23,'140.00',NULL,'0.00',NULL,'件','蓝','L',NULL,NULL,'2012-06-06 12:25:04',0),
  ('P00093-4',84,143,NULL,'圆领短袖T恤2',NULL,NULL,NULL,16,'140.00',NULL,'0.00',NULL,'件','蓝','XL',NULL,NULL,'2012-06-06 12:25:04',0),
  ('P00093-5',84,143,NULL,'圆领短袖T恤2',NULL,NULL,NULL,17,'140.00',NULL,'0.00',NULL,'件','蓝','XXL',NULL,NULL,'2012-06-06 12:25:04',0),
  ('P00093-a',84,143,NULL,'圆领短袖T恤2',NULL,NULL,NULL,31,'140.00',NULL,'0.00',NULL,'件','绿','S',NULL,NULL,'2012-06-06 12:25:04',0),
  ('P00093-b',84,143,NULL,'圆领短袖T恤2',NULL,NULL,NULL,26,'140.00',NULL,'0.00',NULL,'件','绿','M',NULL,NULL,'2012-06-06 12:25:04',0),
  ('P00093-c',84,143,NULL,'圆领短袖T恤2',NULL,NULL,NULL,30,'140.00',NULL,'0.00',NULL,'件','绿','L',NULL,NULL,'2012-06-06 12:25:04',0),
  ('P00093-d',84,143,NULL,'圆领短袖T恤2',NULL,NULL,NULL,30,'140.00',NULL,'0.00',NULL,'件','绿','XL',NULL,NULL,'2012-06-06 12:25:04',0),
  ('P00093-e',84,143,NULL,'圆领短袖T恤2',NULL,NULL,NULL,26,'140.00',NULL,'0.00',NULL,'件','绿','XXL',NULL,NULL,'2012-06-06 12:25:04',0),
  ('P00094-1',84,143,NULL,'带帽短袖T恤',NULL,NULL,NULL,27,'130.00',NULL,'0.00',NULL,'件','白','S',NULL,NULL,'2012-06-06 12:25:04',0),
  ('P00094-2',84,143,NULL,'带帽短袖T恤',NULL,NULL,NULL,27,'130.00',NULL,'0.00',NULL,'件','白','M',NULL,NULL,'2012-06-06 12:25:04',0),
  ('P00094-3',84,143,NULL,'带帽短袖T恤',NULL,NULL,NULL,30,'130.00',NULL,'0.00',NULL,'件','白','L',NULL,NULL,'2012-06-06 12:25:04',0),
  ('P00094-4',84,143,NULL,'带帽短袖T恤',NULL,NULL,NULL,29,'130.00',NULL,'0.00',NULL,'件','白','XL',NULL,NULL,'2012-06-06 12:25:04',0),
  ('P00095-1',84,143,NULL,'圆领短袖T恤3',NULL,NULL,NULL,29,'120.00',NULL,'0.00',NULL,'件','白/绿','S',NULL,NULL,'2012-06-06 12:25:04',0),
  ('P00095-2',84,143,NULL,'圆领短袖T恤3',NULL,NULL,NULL,30,'120.00',NULL,'0.00',NULL,'件','白/绿','M',NULL,NULL,'2012-06-06 12:25:04',0),
  ('P00095-3',84,143,NULL,'圆领短袖T恤3',NULL,NULL,NULL,32,'120.00',NULL,'0.00',NULL,'件','白/绿','L',NULL,NULL,'2012-06-06 12:25:04',0),
  ('P00095-4',84,143,NULL,'圆领短袖T恤3',NULL,NULL,NULL,34,'120.00',NULL,'0.00',NULL,'件','白/绿','XL',NULL,NULL,'2012-06-06 12:25:04',0),
  ('P00095-a',84,143,NULL,'圆领短袖T恤3',NULL,NULL,NULL,33,'120.00',NULL,'0.00',NULL,'件','白/红','S',NULL,NULL,'2012-06-06 12:25:04',0),
  ('P00095-b',84,143,NULL,'圆领短袖T恤3',NULL,NULL,NULL,34,'120.00',NULL,'0.00',NULL,'件','白/红','M',NULL,NULL,'2012-06-06 12:25:05',0),
  ('P00095-c',84,143,NULL,'圆领短袖T恤3',NULL,NULL,NULL,33,'120.00',NULL,'0.00',NULL,'件','白/红','L',NULL,NULL,'2012-06-06 12:25:05',0),
  ('P00095-d',84,143,NULL,'圆领短袖T恤3',NULL,NULL,NULL,35,'120.00',NULL,'0.00',NULL,'件','白/红','XL',NULL,NULL,'2012-06-06 12:25:05',0),
  ('P00096',88,147,NULL,'南京景观纯银币型纪念章1',NULL,NULL,NULL,0,'380.00',NULL,'0.00',NULL,'枚','','38*38mm',NULL,NULL,'2012-06-06 12:25:07',0),
  ('P00097',92,147,NULL,'南京青奥会纪念银条',NULL,NULL,NULL,0,'2760.00',NULL,'0.00',NULL,'枚','','120X53mm',NULL,NULL,'2012-06-06 12:25:07',0),
  ('P00098',92,147,NULL,'奥运新星纪念银砖',NULL,NULL,NULL,1,'1840.00',NULL,'0.00',NULL,'枚','','90X50mm',NULL,NULL,'2012-06-06 12:25:07',0),
  ('P00099',92,147,NULL,'南京青奥会纪念金条',NULL,NULL,NULL,2,'23000.00',NULL,'0.00',NULL,'枚','','90X40mm',NULL,NULL,'2012-06-06 12:25:07',0),
  ('P00100',92,146,NULL,'青奥会双枚纪念章',NULL,NULL,NULL,0,'120.00',NULL,'0.00',NULL,'套','','直径40mmX2枚',NULL,NULL,'2012-06-06 12:25:07',0),
  ('P00101',92,147,NULL,'青奥会银质纪念章',NULL,NULL,NULL,35,'1150.00',NULL,'0.00',NULL,'枚','','直径50mm',NULL,NULL,'2012-06-06 12:25:07',0),
  ('P00102',90,147,NULL,'青奥金银福禄A款（银20g金1g）',NULL,NULL,NULL,17,'1168.00',NULL,'0.00',NULL,'套','','30*55*1.5mm',NULL,NULL,'2012-06-06 12:25:07',0),
  ('P00103',90,145,NULL,'会徽单只彩点自动铅笔+笔芯GD-07',NULL,NULL,NULL,0,'14.00',NULL,'0.00',NULL,'只','','135*10mm',NULL,NULL,'2012-06-06 12:25:06',0),
  ('P00104',90,145,NULL,'会徽五只铅笔+刨笔刀',NULL,NULL,NULL,0,'12.00',NULL,'0.00',NULL,'只','','575*240*40mm',NULL,NULL,'2012-06-06 12:25:06',0),
  ('P00105',90,147,NULL,'开运金钥匙30g',NULL,NULL,NULL,1,'15200.00',NULL,'0.00',NULL,'套','','59*22*3',NULL,NULL,'2012-06-06 12:25:07',0),
  ('P00106',90,147,NULL,'开运银钥匙15g',NULL,NULL,NULL,25,'458.00',NULL,'0.00',NULL,'套','','59*22*3mm',NULL,NULL,'2012-06-06 12:25:07',0),
  ('P00107',90,147,NULL,'开运银钥匙45g',NULL,NULL,NULL,10,'1328.00',NULL,'0.00',NULL,'套','','80*29*3.5',NULL,NULL,'2012-06-06 12:25:07',0),
  ('P00108',90,147,NULL,'青奥10克金卷轴―红梅图',NULL,NULL,NULL,19,'5088.00',NULL,'0.00',NULL,'套','','78*34mm',NULL,NULL,'2012-06-06 12:25:07',0),
  ('P00109',90,147,NULL,'青奥5克金卷轴―红梅图',NULL,NULL,NULL,6,'2588.00',NULL,'0.00',NULL,'套','','56*28mm',NULL,NULL,'2012-06-06 12:25:08',0),
  ('P00110',90,147,NULL,'青奥金银福禄B款（银30g金2g）',NULL,NULL,NULL,7,'2100.00',NULL,'0.00',NULL,'套','','35*65*1.8mm',NULL,NULL,'2012-06-06 12:25:08',0),
  ('P00111',90,147,NULL,'青奥金银福禄C款（银50g金3g）',NULL,NULL,NULL,8,'3160.00',NULL,'0.00',NULL,'套','','45*75*2.2mm',NULL,NULL,'2012-06-06 12:25:08',0),
  ('P00112',90,147,NULL,'如意100g彩印银条',NULL,NULL,NULL,3,'2888.00',NULL,'0.00',NULL,'套','','120*46.7*2.5mm',NULL,NULL,'2012-06-06 12:25:08',0),
  ('P00113',90,147,NULL,'如意20g彩印金条',NULL,NULL,NULL,0,'9800.00',NULL,'0.00',NULL,'套','','58*22*0.85',NULL,NULL,'2012-06-06 12:25:08',0),
  ('P00115',90,147,NULL,'如意50g彩印银条',NULL,NULL,NULL,12,'1488.00',NULL,'0.00',NULL,'套','','95*37*2.1',NULL,NULL,'2012-06-06 12:25:08',0),
  ('P00116',93,146,NULL,'2014青奥彩色会徽',NULL,NULL,NULL,464,'26.00',NULL,'0.00',NULL,'个','','',NULL,NULL,'2012-06-06 12:25:08',0),
  ('P00117',93,146,NULL,'2014青奥彩色钥匙扣',NULL,NULL,NULL,327,'28.00',NULL,'0.00',NULL,'个','','',NULL,NULL,'2012-06-06 12:25:08',0),
  ('P00118',93,146,NULL,'爱心云锦徽章',NULL,NULL,NULL,453,'25.00',NULL,'0.00',NULL,'个','','',NULL,NULL,'2012-06-06 12:25:08',0),
  ('P00119',93,146,NULL,'青奥你好徽章',NULL,NULL,NULL,516,'26.00',NULL,'0.00',NULL,'个','','',NULL,NULL,'2012-06-06 12:25:08',0),
  ('P00120',93,146,NULL,'青奥小衣服徽章',NULL,NULL,NULL,357,'25.00',NULL,'0.00',NULL,'个','','',NULL,NULL,'2012-06-06 12:25:08',0),
  ('P00121',93,146,NULL,'手拉手徽章',NULL,NULL,NULL,427,'45.00',NULL,'0.00',NULL,'个','','',NULL,NULL,'2012-06-06 12:25:09',0),
  ('P00122',93,146,NULL,'问好系列徽章－你好',NULL,NULL,NULL,4,'25.00',NULL,'0.00',NULL,'个','','',NULL,NULL,'2012-06-06 12:25:09',0),
  ('P00123',93,146,NULL,'问好系列徽章－BONJOUR',NULL,NULL,NULL,791,'25.00',NULL,'0.00',NULL,'个','','',NULL,NULL,'2012-06-06 12:25:09',0),
  ('P00124',93,146,NULL,'问好系列徽章－HELLO',NULL,NULL,NULL,348,'25.00',NULL,'0.00',NULL,'个','','',NULL,NULL,'2012-06-06 12:25:09',0),
  ('P00125',93,146,NULL,'问好系列徽章－HOLA',NULL,NULL,NULL,388,'25.00',NULL,'0.00',NULL,'个','','',NULL,NULL,'2012-06-06 12:25:09',0),
  ('P00126',93,146,NULL,'心连心徽章',NULL,NULL,NULL,325,'26.00',NULL,'0.00',NULL,'个','','',NULL,NULL,'2012-06-06 12:25:09',0),
  ('P00127',90,147,NULL,'如意30g金条',NULL,NULL,NULL,0,'14800.00',NULL,'0.00',NULL,'套','','65*25.3*1.3mm',NULL,NULL,'2012-06-06 12:25:08',0),
  ('P00128',90,147,NULL,'青奥会徽型1oz金砖A款',NULL,NULL,NULL,0,'15600.00',NULL,'0.00',NULL,'套','','30*33.96*1.5',NULL,NULL,'2012-06-06 12:25:08',0),
  ('P00129',90,147,NULL,'青奥会徽型1M2oz金砖A款',NULL,NULL,NULL,2,'7800.00',NULL,'0.00',NULL,'套','','25*28.3*1.2mm',NULL,NULL,'2012-06-06 12:25:08',0),
  ('P00130',90,147,NULL,'青奥会徽型2oz金砖A款',NULL,NULL,NULL,1,'31200.00',NULL,'0.00',NULL,'套','','40*45.28*1.8mm',NULL,NULL,'2012-06-06 12:25:08',0),
  ('P00131',90,147,NULL,'青奥会徽型5oz银砖A款',NULL,NULL,NULL,17,'4680.00',NULL,'0.00',NULL,'套','','70*79.25*2.6mm',NULL,NULL,'2012-06-06 12:25:08',0),
  ('P00132',90,147,NULL,'青奥会徽型1oz银砖',NULL,NULL,NULL,10,'938.00',NULL,'0.00',NULL,'套','','40*45.28*1.8mm',NULL,NULL,'2012-06-06 12:25:08',0),
  ('P00133',90,147,NULL,'青奥会徽型2oz银砖',NULL,NULL,NULL,5,'1866.00',NULL,'0.00',NULL,'套','','55*62.26*2.5mm',NULL,NULL,'2012-06-06 12:25:08',0),
  ('P00134',87,147,NULL,'青奥成长银章',NULL,NULL,NULL,42,'600.00',NULL,'0.00',NULL,'套','','Ag.999',NULL,NULL,'2012-06-06 12:25:07',0),
  ('P00135',87,146,NULL,'友谊钥匙扣',NULL,NULL,NULL,188,'28.00',NULL,'0.00',NULL,'件','','100*30*2mm',NULL,NULL,'2012-06-06 12:25:05',0),
  ('P00136',89,145,NULL,'金玉南京雨花石镀金水晶摆件',NULL,NULL,NULL,0,'680.00',NULL,'0.00',NULL,'个','','长8cm宽8cm高15cm',NULL,NULL,'2012-06-06 12:25:08',0),
  ('P00137',89,146,NULL,'雨花石纪念章系列（非套装）',NULL,NULL,NULL,0,'28.00',NULL,'0.00',NULL,'个','','长35mm宽35mm',NULL,NULL,'2012-06-06 12:25:08',0),
  ('P00138',87,147,NULL,'欢庆银条套装',NULL,NULL,NULL,75,'990.00',NULL,'0.00',NULL,'套','','Ag.999  2枚*25g',NULL,NULL,'2012-06-06 12:25:07',0),
  ('P00139',87,145,NULL,'南京风光纪念盘',NULL,NULL,NULL,1,'500.00',NULL,'0.00',NULL,'套','','130*20mm',NULL,NULL,'2012-06-06 12:25:05',0),
  ('P00140',87,147,NULL,'南京印象银条套装',NULL,NULL,NULL,57,'792.00',NULL,'0.00',NULL,'套','','4枚*10g',NULL,NULL,'2012-06-06 12:25:07',0),
  ('P00141',89,146,NULL,'南京特色美食钥匙扣',NULL,NULL,NULL,0,'32.00',NULL,'0.00',NULL,'个','','长105mm宽28mm',NULL,NULL,'2012-06-06 12:25:06',0),
  ('P00142',89,146,NULL,'雨花石饰品-繁星系列（一世情缘）',NULL,NULL,NULL,0,'220.00',NULL,'0.00',NULL,'个','','长约70cm宽1.3cm',NULL,NULL,'2012-06-06 12:25:06',0),
  ('P00143',89,146,NULL,'雨花石系列-繁星系列（繁花似锦）',NULL,NULL,NULL,0,'220.00',NULL,'0.00',NULL,'个','','长约80cm宽1.3cm',NULL,NULL,'2012-06-06 12:25:06',0),
  ('P00144',89,146,NULL,'雨花石系列-繁星系列（手链）',NULL,NULL,NULL,0,'1080.00',NULL,'0.00',NULL,'个','','长180mm宽13mm',NULL,NULL,'2012-06-06 12:25:06',0),
  ('P00145',89,146,NULL,'云锦纪念章系列（非套装）',NULL,NULL,NULL,0,'28.00',NULL,'0.00',NULL,'个','','长42mm宽36mm',NULL,NULL,'2012-06-06 12:25:06',0),
  ('P00146',87,147,NULL,'南京长江大桥金卷轴',NULL,NULL,NULL,7,'13680.00',NULL,'0.00',NULL,'套','','Au.999  30g',NULL,NULL,'2012-06-06 12:25:07',0),
  ('P00147',87,145,NULL,'南京景观纪念章',NULL,NULL,NULL,45,'268.00',NULL,'0.00',NULL,'套','','39*40*2mm',NULL,NULL,'2012-06-06 12:25:07',0),
  ('P00148',87,145,NULL,'南京盛事纪念盘',NULL,NULL,NULL,47,'588.00',NULL,'0.00',NULL,'套','','140*140*40mm',NULL,NULL,'2012-06-06 12:25:05',0),
  ('P00149',91,145,NULL,'青奥会徽框画――白底',NULL,NULL,NULL,4,'420.00',NULL,'0.00',NULL,'幅','','28*28',NULL,NULL,'2012-06-06 12:25:06',0),
  ('P00150',91,145,NULL,'青奥会徽框画――黑底',NULL,NULL,NULL,0,'420.00',NULL,'0.00',NULL,'幅','','28*28',NULL,NULL,'2012-06-06 12:25:06',0),
  ('P00151',91,145,NULL,'青奥会徽框画――蓝底',NULL,NULL,NULL,246,'420.00',NULL,'0.00',NULL,'幅','','28*29',NULL,NULL,'2012-06-06 12:25:06',0),
  ('P00152',86,144,NULL,'陶瓷直身杯',NULL,NULL,NULL,33,'58.00',NULL,'0.00',NULL,'件','','8*10*8',NULL,NULL,'2012-06-06 12:25:04',0),
  ('P00153',86,144,NULL,'会徽直身杯A',NULL,NULL,NULL,55,'58.00',NULL,'0.00',NULL,'件','','8*10*9',NULL,NULL,'2012-06-06 12:25:04',0),
  ('P00154',87,146,NULL,'青奥徽章（彩）',NULL,NULL,NULL,539,'28.00',NULL,'0.00',NULL,'件','','32*28*2mm',NULL,NULL,'2012-06-06 12:25:05',0),
  ('P00155',89,146,NULL,'梅兰竹菊徽章系列',NULL,NULL,NULL,0,'35.00',NULL,'0.00',NULL,'个','','35*25mm',NULL,NULL,'2012-06-06 12:25:06',0),
  ('P00156',89,145,NULL,'南京风景雨花石摆件',NULL,NULL,NULL,1,'400.00',NULL,'0.00',NULL,'个','','110*35*75mm',NULL,NULL,'2012-06-06 12:25:06',0),
  ('P00157',94,146,NULL,'魅力南京精彩青奥三枚纪念章',NULL,NULL,NULL,22,'218.00',NULL,'0.00',NULL,'套','','',NULL,NULL,'2012-06-06 12:25:09',0),
  ('P00158',94,146,NULL,'魅力南京精彩青奥纪念套章',NULL,NULL,NULL,191,'318.00',NULL,'0.00',NULL,'套','','',NULL,NULL,'2012-06-06 12:25:09',0),
  ('P00159',94,147,NULL,'魅力南京精彩青奥纪念银条',NULL,NULL,NULL,1,'1138.00',NULL,'0.00',NULL,'个','','',NULL,NULL,'2012-06-06 12:25:12',0),
  ('P00160',94,146,NULL,'魅力南京精彩青奥双枚纪念章',NULL,NULL,NULL,22,'120.00',NULL,'0.00',NULL,'套','','',NULL,NULL,'2012-06-06 12:25:09',0),
  ('P00161',94,147,NULL,'魅力南京精彩青奥五枚纪念金条（20g）',NULL,NULL,NULL,4,'10360.00',NULL,'0.00',NULL,'套','','',NULL,NULL,'2012-06-06 12:25:13',0),
  ('P00162',94,145,NULL,'魅力南京精彩青奥纪念盘（A）',NULL,NULL,NULL,49,'298.00',NULL,'0.00',NULL,'个','','',NULL,NULL,'2012-06-06 12:25:12',0),
  ('P00163',94,145,NULL,'魅力南京精彩青奥纪念盘（B）',NULL,NULL,NULL,29,'218.00',NULL,'0.00',NULL,'个','','',NULL,NULL,'2012-06-06 12:25:12',0),
  ('P00164',94,147,NULL,'活力青奥双枚纪念银条（40克）',NULL,NULL,NULL,12,'912.00',NULL,'0.00',NULL,'个','','',NULL,NULL,'2012-06-06 12:25:12',0),
  ('P00165',94,147,NULL,'激情青奥双枚纪念银条（20克）',NULL,NULL,NULL,194,'460.00',NULL,'0.00',NULL,'枚','','',NULL,NULL,'2012-06-06 12:25:09',0),
  ('P00166',94,147,NULL,'祝福南京祝福青奥组合金条（50g）',NULL,NULL,NULL,4,'25900.00',NULL,'0.00',NULL,'套','','',NULL,NULL,'2012-06-06 12:25:13',0),
  ('P00167',88,147,NULL,'彩色梅花纯银币型纪念章(20g)',NULL,NULL,NULL,21,'390.00',NULL,'0.00',NULL,'PCS','','',NULL,NULL,'2012-06-06 12:25:11',0),
  ('P00168',88,147,NULL,'彩色梅花纯银币型纪念章(30g)',NULL,NULL,NULL,62,'590.00',NULL,'0.00',NULL,'PCS','','',NULL,NULL,'2012-06-06 12:25:11',0),
  ('P00169',88,148,NULL,'南京风光镀金徽章拼图套装',NULL,NULL,NULL,100,'360.00',NULL,'0.00',NULL,'PCS','','',NULL,NULL,'2012-06-06 12:25:11',0),
  ('P00170',88,146,NULL,'倒计时3周年纪念徽章',NULL,NULL,NULL,290,'25.00',NULL,'0.00',NULL,'PCS','','',NULL,NULL,'2012-06-06 12:25:11',0),
  ('P00171',88,147,NULL,'南京景观纯银条套装1',NULL,NULL,NULL,30,'2480.00',NULL,'0.00',NULL,'件','','',NULL,NULL,'2012-06-06 12:25:15',0),
  ('P00172',87,146,NULL,'会徽发布纪念徽章',NULL,NULL,NULL,334,'28.00',NULL,'0.00',NULL,'个','','',NULL,NULL,'2012-06-06 12:25:09',0),
  ('P00173',87,146,NULL,'会徽发布纪念钥匙扣',NULL,NULL,NULL,264,'35.00',NULL,'0.00',NULL,'个','','',NULL,NULL,'2012-06-06 12:25:09',0),
  ('P00174',87,146,NULL,'玄武门纪念钥匙扣',NULL,NULL,NULL,294,'32.00',NULL,'0.00',NULL,'个','','',NULL,NULL,'2012-06-06 12:25:09',0),
  ('P00175',95,146,NULL,'2014青奥彩色会徽吊饰',NULL,NULL,NULL,100,'26.00',NULL,'0.00',NULL,'个','','',NULL,NULL,'2012-06-06 12:25:14',0),
  ('P00176',95,146,NULL,'2014青奥会金色会徽吊饰',NULL,NULL,NULL,189,'26.00',NULL,'0.00',NULL,'个','','',NULL,NULL,'2012-06-06 12:25:11',0),
  ('P00177',95,146,NULL,'2014青奥会银色会徽吊饰',NULL,NULL,NULL,205,'26.00',NULL,'0.00',NULL,'个','','',NULL,NULL,'2012-06-06 12:25:11',0),
  ('P00178',93,146,NULL,'2014青奥心锁情侣吊饰',NULL,NULL,NULL,44,'36.00',NULL,'0.00',NULL,'个','','',NULL,NULL,'2012-06-06 12:25:09',0),
  ('P00179',93,146,NULL,'南京青奥心形情侣吊饰',NULL,NULL,NULL,136,'32.00',NULL,'0.00',NULL,'个','','',NULL,NULL,'2012-06-06 12:25:09',0),
  ('P00180',95,146,NULL,'2014青奥衣服LOGO双片吊饰',NULL,NULL,NULL,122,'28.00',NULL,'0.00',NULL,'个','','',NULL,NULL,'2012-06-06 12:25:10',0),
  ('P00181',95,146,NULL,'南京奥体中心钥匙扣',NULL,NULL,NULL,230,'32.00',NULL,'0.00',NULL,'个','','',NULL,NULL,'2012-06-06 12:25:10',0),
  ('P00182',95,146,NULL,'文字系列－分享徽章',NULL,NULL,NULL,265,'26.00',NULL,'0.00',NULL,'个','','',NULL,NULL,'2012-06-06 12:25:10',0),
  ('P00183',95,146,NULL,'文字系列－和平徽章',NULL,NULL,NULL,265,'26.00',NULL,'0.00',NULL,'个','','',NULL,NULL,'2012-06-06 12:25:10',0),
  ('P00184',95,146,NULL,'文字系列－健康徽章',NULL,NULL,NULL,236,'26.00',NULL,'0.00',NULL,'个','','',NULL,NULL,'2012-06-06 12:25:10',0),
  ('P00185',95,146,NULL,'文字系列－友谊徽章',NULL,NULL,NULL,262,'26.00',NULL,'0.00',NULL,'个','','',NULL,NULL,'2012-06-06 12:25:10',0),
  ('P00186',95,146,NULL,'我爱南京心形吊饰',NULL,NULL,NULL,102,'32.00',NULL,'0.00',NULL,'个','','',NULL,NULL,'2012-06-06 12:25:10',0),
  ('P00187',95,146,NULL,'我爱青奥吊饰',NULL,NULL,NULL,228,'30.00',NULL,'0.00',NULL,'个','','',NULL,NULL,'2012-06-06 12:25:11',0),
  ('P00188',95,146,NULL,'我爱青奥锁圈',NULL,NULL,NULL,332,'30.00',NULL,'0.00',NULL,'个','','',NULL,NULL,'2012-06-06 12:25:11',0),
  ('P00189',93,146,NULL,'玄武门徽章',NULL,NULL,NULL,264,'68.00',NULL,'0.00',NULL,'PCS','','',NULL,NULL,'2012-06-06 12:25:11',0),
  ('P00190',90,145,NULL,'十色笔',NULL,NULL,NULL,102,'15.00',NULL,'0.00',NULL,'支','','',NULL,NULL,'2012-06-06 12:25:11',0),
  ('P00191',90,145,NULL,'两用荧光笔',NULL,NULL,NULL,115,'10.00',NULL,'0.00',NULL,'支','','',NULL,NULL,'2012-06-06 12:25:12',0),
  ('P00192',90,145,NULL,'泡泡灯光印章笔',NULL,NULL,NULL,51,'15.00',NULL,'0.00',NULL,'支','','',NULL,NULL,'2012-06-06 12:25:12',0),
  ('P00199-2',84,143,NULL,'带帽防风印花外套',NULL,NULL,NULL,2,'330.00',NULL,'0.00',NULL,'件','蓝色','M',NULL,NULL,'2012-06-06 12:25:12',0),
  ('P00199-3',84,143,NULL,'带帽防风印花外套',NULL,NULL,NULL,2,'330.00',NULL,'0.00',NULL,'件','蓝色','L',NULL,NULL,'2012-06-06 12:25:12',0),
  ('P00205-1',84,143,NULL,'拼色遮阳帽',NULL,NULL,NULL,12,'60.00',NULL,'0.00',NULL,'件','蓝色','',NULL,NULL,'2012-06-06 12:25:12',0),
  ('P00205-2',84,143,NULL,'拼色遮阳帽',NULL,NULL,NULL,12,'60.00',NULL,'0.00',NULL,'件','玫红','',NULL,NULL,'2012-06-06 12:25:12',0),
  ('P00206-1',84,143,NULL,'双色轻便防风外套',NULL,NULL,NULL,0,'290.00',NULL,'0.00',NULL,'件','蓝色','S',NULL,NULL,'2012-06-06 12:25:15',0),
  ('P00206-2',84,143,NULL,'双色轻便防风外套',NULL,NULL,NULL,10,'290.00',NULL,'0.00',NULL,'件','蓝色','M',NULL,NULL,'2012-06-06 12:25:11',0),
  ('P00206-3',84,143,NULL,'双色轻便防风外套',NULL,NULL,NULL,0,'290.00',NULL,'0.00',NULL,'件','蓝色','L',NULL,NULL,'2012-06-06 12:25:11',0),
  ('P00206-a',84,143,NULL,'双色轻便防风外套',NULL,NULL,NULL,0,'290.00',NULL,'0.00',NULL,'件','玫红','S',NULL,NULL,'2012-06-06 12:25:12',0),
  ('P00206-b',84,143,NULL,'双色轻便防风外套',NULL,NULL,NULL,0,'290.00',NULL,'0.00',NULL,'件','玫红','M',NULL,NULL,'2012-06-06 12:25:12',0),
  ('P00206-c',84,143,NULL,'双色轻便防风外套',NULL,NULL,NULL,0,'290.00',NULL,'0.00',NULL,'件','玫红','L',NULL,NULL,'2012-06-06 12:25:12',0),
  ('P00209',85,144,NULL,'国色天香',NULL,NULL,NULL,30,'1300.00',NULL,'0.00',NULL,'CC','','',NULL,NULL,'2012-06-06 12:25:10',0),
  ('P00212',85,144,NULL,'金鱼杯',NULL,NULL,NULL,0,'180.00',NULL,'0.00',NULL,'CC','','',NULL,NULL,'2012-06-06 12:25:10',0),
  ('P00213',85,144,NULL,'乐陶',NULL,NULL,NULL,36,'980.00',NULL,'0.00',NULL,'CC','','',NULL,NULL,'2012-06-06 12:25:10',0),
  ('P00216',85,144,NULL,'龙之韵',NULL,NULL,NULL,30,'880.00',NULL,'0.00',NULL,'只','','',NULL,NULL,'2012-06-06 12:25:09',0),
  ('P00218',85,144,NULL,'人杰杯',NULL,NULL,NULL,8,'180.00',NULL,'0.00',NULL,'只','','',NULL,NULL,'2012-06-06 12:25:09',0),
  ('P00219',85,144,NULL,'素心杯',NULL,NULL,NULL,85,'260.00',NULL,'0.00',NULL,'只','','',NULL,NULL,'2012-06-06 12:25:09',0),
  ('P00220',85,144,NULL,'同心套壶',NULL,NULL,NULL,25,'980.00',NULL,'0.00',NULL,'套','','',NULL,NULL,'2012-06-06 12:25:11',0),
  ('P00221',85,144,NULL,'喜洋洋杯',NULL,NULL,NULL,36,'190.00',NULL,'0.00',NULL,'只','','',NULL,NULL,'2012-06-06 12:25:09',0),
  ('P00222',85,144,NULL,'心想事成',NULL,NULL,NULL,12,'2800.00',NULL,'0.00',NULL,'套','','',NULL,NULL,'2012-06-06 12:25:14',0),
  ('P00224',85,144,NULL,'一团和气',NULL,NULL,NULL,0,'880.00',NULL,'0.00',NULL,'CC','','',NULL,NULL,'2012-06-06 12:25:10',0),
  ('P00225',85,144,NULL,'鱼水情对杯',NULL,NULL,NULL,0,'360.00',NULL,'0.00',NULL,'套','','',NULL,NULL,'2012-06-06 12:25:09',0),
  ('P00226',85,144,NULL,'雨花石',NULL,NULL,NULL,11,'2380.00',NULL,'0.00',NULL,'套','','',NULL,NULL,'2012-06-06 12:25:13',0),
  ('P00227',85,144,NULL,'玉龙吐珠',NULL,NULL,NULL,17,'880.00',NULL,'0.00',NULL,'把','','',NULL,NULL,'2012-06-06 12:25:15',0),
  ('P00228',85,144,NULL,'圆满',NULL,NULL,NULL,29,'880.00',NULL,'0.00',NULL,'只','','',NULL,NULL,'2012-06-06 12:25:09',0),
  ('P00229',85,144,NULL,'紫玉金砂杯',NULL,NULL,NULL,18,'400.00',NULL,'0.00',NULL,'只','','',NULL,NULL,'2012-06-06 12:25:15',0),
  ('P00230',85,144,NULL,'麒麟方圆',NULL,NULL,NULL,27,'980.00',NULL,'0.00',NULL,'把','','',NULL,NULL,'2012-06-06 12:25:13',0),
  ('P00232',90,145,NULL,'足球闪光笔',NULL,NULL,NULL,118,'15.00',NULL,'0.00',NULL,'支','','',NULL,NULL,'2012-06-06 12:25:11',0),
  ('P00233',90,147,NULL,'金陵三十六景之八中华门城堡',NULL,NULL,NULL,11,'528.00',NULL,'0.00',NULL,'个','','',NULL,NULL,'2012-06-06 12:25:10',0),
  ('P00234',90,147,NULL,'金陵春夏秋冬',NULL,NULL,NULL,0,'10388.00',NULL,'0.00',NULL,'套','','',NULL,NULL,'2012-06-06 12:25:10',0),
  ('P00235',90,147,NULL,'金陵三十六景之二南京大桥',NULL,NULL,NULL,0,'528.00',NULL,'0.00',NULL,'个','','',NULL,NULL,'2012-06-06 12:25:10',0),
  ('P00236',90,148,NULL,'金陵书签-金笔辉煌',NULL,NULL,NULL,12,'138.00',NULL,'0.00',NULL,'个','','',NULL,NULL,'2012-06-06 12:25:10',0),
  ('P00237',90,147,NULL,'秦淮风光金砖10g',NULL,NULL,NULL,0,'5188.00',NULL,'0.00',NULL,'个','','',NULL,NULL,'2012-06-06 12:25:10',0),
  ('P00238',90,147,NULL,'秦淮风光银章28g',NULL,NULL,NULL,18,'808.00',NULL,'0.00',NULL,'个','','',NULL,NULL,'2012-06-06 12:25:09',0),
  ('P00239',94,146,NULL,'南京青奥会倒计时1000天纪念章',NULL,NULL,NULL,72,'118.00',NULL,'0.00',NULL,'枚','','',NULL,NULL,'2012-06-06 12:25:09',0),
  ('P00240',94,146,NULL,'南京青奥会倒计时3周年纪念章',NULL,NULL,NULL,81,'118.00',NULL,'0.00',NULL,'枚','','',NULL,NULL,'2012-06-06 12:25:09',0),
  ('P00241',88,148,NULL,'南京景观镀金金币型纪念章1',NULL,NULL,NULL,21,'90.00',NULL,'0.00',NULL,'PCS','','',NULL,NULL,'2012-06-06 12:25:12',0),
  ('P00243',90,148,NULL,'2枚铜镀金银套装（元宝型）',NULL,NULL,NULL,21,'218.00',NULL,'0.00',NULL,'枚','','',NULL,NULL,'2012-06-06 12:25:12',0),
  ('P00244',90,148,NULL,'2枚铜镀金银套装（圆型）',NULL,NULL,NULL,8,'128.00',NULL,'0.00',NULL,'枚','','',NULL,NULL,'2012-06-06 12:25:12',0),
  ('P00246',90,147,NULL,'金陵三十六景之五明孝陵神道',NULL,NULL,NULL,0,'528.00',NULL,'0.00',NULL,'枚','','',NULL,NULL,'2012-06-06 12:25:19',0),
  ('P00247',87,147,NULL,'会徽发布纪念银条（30g）',NULL,NULL,NULL,6,'570.00',NULL,'0.00',NULL,'套','','',NULL,NULL,'2012-06-06 12:25:15',0),
  ('P00248',87,147,NULL,'会徽发布纪念银条（50g）',NULL,NULL,NULL,18,'950.00',NULL,'0.00',NULL,'套','','',NULL,NULL,'2012-06-06 12:25:15',0),
  ('P00249',87,147,NULL,'会徽发布纪念银条（100g）',NULL,NULL,NULL,32,'1900.00',NULL,'0.00',NULL,'套','','',NULL,NULL,'2012-06-06 12:25:15',0),
  ('P00250',94,146,NULL,'活力南京激情青奥三枚纪念章',NULL,NULL,NULL,90,'218.00',NULL,'0.00',NULL,'个','','',NULL,NULL,'2012-06-06 12:25:12',0),
  ('P00251',94,146,NULL,'活力南京激情青奥双枚纪念章',NULL,NULL,NULL,68,'120.00',NULL,'0.00',NULL,'个','','',NULL,NULL,'2012-06-06 12:25:12',0),
  ('P00252',94,146,NULL,'秦淮风光双枚纪念章',NULL,NULL,NULL,35,'120.00',NULL,'0.00',NULL,'个','','',NULL,NULL,'2012-06-06 12:25:12',0),
  ('P00255',94,146,NULL,'精彩青奥纪念章',NULL,NULL,NULL,91,'60.00',NULL,'0.00',NULL,'个','','',NULL,NULL,'2012-06-06 12:25:12',0),
  ('P00256',94,147,NULL,'魅力南京金条卷轴（5g）',NULL,NULL,NULL,86,'2590.00',NULL,'0.00',NULL,'套','','',NULL,NULL,'2012-06-06 12:25:13',0),
  ('P00257',87,147,NULL,'青奥镭射银章',NULL,NULL,NULL,149,'589.00',NULL,'0.00',NULL,'套','','',NULL,NULL,'2012-06-06 12:25:14',0),
  ('P00258',88,146,NULL,'金色经典-对话框镀金徽章',NULL,NULL,NULL,281,'30.00',NULL,'0.00',NULL,'PCS','','',NULL,NULL,'2012-06-06 12:25:11',0),
  ('P00259',88,146,NULL,'金色经典-双层镀金徽章',NULL,NULL,NULL,277,'35.00',NULL,'0.00',NULL,'PCS','','',NULL,NULL,'2012-06-06 12:25:11',0),
  ('P00260',87,146,NULL,'情感徽章',NULL,NULL,NULL,290,'28.00',NULL,'0.00',NULL,'个','','',NULL,NULL,'2012-06-06 12:25:09',0),
  ('P00261',95,146,NULL,'2014青奥金色会徽徽章',NULL,NULL,NULL,161,'20.00',NULL,'0.00',NULL,'个','','',NULL,NULL,'2012-06-06 12:25:10',0),
  ('P00262',95,146,NULL,'2014青奥银色会徽徽章',NULL,NULL,NULL,356,'20.00',NULL,'0.00',NULL,'个','','',NULL,NULL,'2012-06-06 12:25:10',0),
  ('P00263',93,146,NULL,'彩色花瓣徽章',NULL,NULL,NULL,170,'28.00',NULL,'0.00',NULL,'枚','','',NULL,NULL,'2012-06-06 12:25:11',0),
  ('P00264',93,146,NULL,'紫色爱心徽章',NULL,NULL,NULL,278,'22.00',NULL,'0.00',NULL,'PCS','','',NULL,NULL,'2012-06-06 12:25:12',0),
  ('P00265',93,146,NULL,'蓝色五角星徽章',NULL,NULL,NULL,225,'22.00',NULL,'0.00',NULL,'PCS','','',NULL,NULL,'2012-06-06 12:25:12',0),
  ('P00266',93,146,NULL,'世界青年旋转徽章',NULL,NULL,NULL,0,'45.00',NULL,'0.00',NULL,'PCS','','',NULL,NULL,'2012-06-06 12:25:12',0),
  ('P00267',93,146,NULL,'窗框梅景徽章',NULL,NULL,NULL,358,'26.00',NULL,'0.00',NULL,'枚','','',NULL,NULL,'2012-06-06 12:25:11',0),
  ('P00268',93,146,NULL,'文字系列－快乐徽章',NULL,NULL,NULL,138,'26.00',NULL,'0.00',NULL,'枚','','',NULL,NULL,'2012-06-06 12:25:11',0),
  ('P00270',95,146,NULL,'2014青奥金色会徽钥匙扣',NULL,NULL,NULL,132,'28.00',NULL,'0.00',NULL,'个','','',NULL,NULL,'2012-06-06 12:25:10',0),
  ('P00271',95,146,NULL,'2014青奥银色会徽钥匙扣',NULL,NULL,NULL,229,'28.00',NULL,'0.00',NULL,'个','','',NULL,NULL,'2012-06-06 12:25:10',0),
  ('P00272',93,146,NULL,'2014青奥彩色心锁情侣吊饰',NULL,NULL,NULL,290,'36.00',NULL,'0.00',NULL,'PCS','','',NULL,NULL,'2012-06-06 12:25:12',0),
  ('P00273',93,146,NULL,'2014青奥南京传统门钥匙扣',NULL,NULL,NULL,129,'28.00',NULL,'0.00',NULL,'PCS','','',NULL,NULL,'2012-06-06 12:25:12',0),
  ('P00286-3',84,143,NULL,'经典长袖POLO衫（蓝色）',NULL,NULL,NULL,12,'180.00',NULL,'0.00',NULL,'件','','L',NULL,NULL,'2012-06-06 12:25:13',0),
  ('P00286-c',84,143,NULL,'经典长袖POLO衫（红）',NULL,NULL,NULL,14,'180.00',NULL,'0.00',NULL,'件','','L',NULL,NULL,'2012-06-06 12:25:13',0),
  ('P00294',85,144,NULL,'丰收套壶',NULL,NULL,NULL,12,'1780.00',NULL,'0.00',NULL,'套','','',NULL,NULL,'2012-06-06 12:25:16',0),
  ('P00304',94,146,NULL,'秦淮风光纪念章',NULL,NULL,NULL,80,'60.00',NULL,'0.00',NULL,'个','','',NULL,NULL,'2012-06-06 12:25:12',0),
  ('P00305',94,147,NULL,'魅力南京精彩青奥三枚纪念银条（60克）',NULL,NULL,NULL,76,'1368.00',NULL,'0.00',NULL,'个','','',NULL,NULL,'2012-06-06 12:25:12',0),
  ('P00306',94,147,NULL,'魅力青奥双枚纪念银条（40克）',NULL,NULL,NULL,76,'916.00',NULL,'0.00',NULL,'个','','',NULL,NULL,'2012-06-06 12:25:12',0),
  ('P00307',94,147,NULL,'南京青奥双枚纪念银条（40克）',NULL,NULL,NULL,73,'916.00',NULL,'0.00',NULL,'个','','',NULL,NULL,'2012-06-06 12:25:13',0),
  ('P00308',94,147,NULL,'精彩青奥双枚纪念银条（20克）',NULL,NULL,NULL,76,'456.00',NULL,'0.00',NULL,'个','','',NULL,NULL,'2012-06-06 12:25:13',0),
  ('P00309',94,147,NULL,'魅力南京精彩青奥三枚纪念金条（12g）',NULL,NULL,NULL,19,'6216.00',NULL,'0.00',NULL,'套','','',NULL,NULL,'2012-06-06 12:25:13',0),
  ('P00310',87,146,NULL,'玄武门纪念徽章',NULL,NULL,NULL,395,'28.00',NULL,'0.00',NULL,'个','','',NULL,NULL,'2012-06-06 12:25:09',0),
  ('P00311',88,148,NULL,'南京风光镀金徽章套装',NULL,NULL,NULL,64,'190.00',NULL,'0.00',NULL,'PCS','','',NULL,NULL,'2012-06-06 12:25:11',0),
  ('P00312',94,146,NULL,'激情青奥三枚纪念章',NULL,NULL,NULL,110,'218.00',NULL,'0.00',NULL,'个','','',NULL,NULL,'2012-06-06 12:25:13',0),
  ('P00313',94,146,NULL,'美好南京  美好青奥纪念套章',NULL,NULL,NULL,84,'318.00',NULL,'0.00',NULL,'套','','',NULL,NULL,'2012-06-06 12:25:13',0);

COMMIT;

#
# Data for the `goodsinfo` table  (LIMIT 500,500)
#

INSERT INTO `goodsinfo` (`goodcode`, `producercode`, `classcode`, `barcode`, `goodname`, `picpath`, `material`, `publishnum`, `number`, `saleprice`, `buyprice`, `unionprice`, `discount`, `unit`, `color`, `specification`, `isendpublish`, `remark`, `creattime`, `lowlimit`) VALUES 
  ('P00314',94,147,NULL,'美好南京美好青奥银质套章（80克）',NULL,NULL,NULL,8,'1823.00',NULL,'0.00',NULL,'个','','',NULL,NULL,'2012-06-06 12:25:13',0),
  ('P00315',94,147,NULL,'祝福南京祝福青奥组合银条（50克）',NULL,NULL,NULL,23,'1138.00',NULL,'0.00',NULL,'个','','',NULL,NULL,'2012-06-06 12:25:13',0),
  ('P00319',94,147,NULL,'魅力南京精彩青奥五枚纪念银条（100克）',NULL,NULL,NULL,9,'2280.00',NULL,'0.00',NULL,'个','','',NULL,NULL,'2012-06-06 12:25:13',0),
  ('P00320',92,147,NULL,'魅力南京精彩青奥银质套章（80g）',NULL,NULL,NULL,14,'1823.00',NULL,'0.00',NULL,'套','','',NULL,NULL,'2012-06-06 12:25:19',0),
  ('P00334',90,147,NULL,'花开富贵5g金卷轴',NULL,NULL,NULL,3,'2698.00',NULL,'0.00',NULL,'枚','','',NULL,NULL,'2012-06-06 12:25:19',0),
  ('P00338',88,147,NULL,'品味南京风光篇-纯银币型纪念套装',NULL,NULL,NULL,1,'3500.00',NULL,'0.00',NULL,'套','','',NULL,NULL,'2012-06-06 12:25:19',0),
  ('P00340',90,147,NULL,'梅兰竹菊金+银套装（5枚）',NULL,NULL,NULL,1,'1988.00',NULL,'0.00',NULL,'套','','',NULL,NULL,'2012-06-06 12:25:19',0),
  ('P00341',90,147,NULL,'梅兰竹菊银套装（4枚）',NULL,NULL,NULL,4,'958.00',NULL,'0.00',NULL,'套','','',NULL,NULL,'2012-06-06 12:25:18',0),
  ('P00342',88,147,NULL,'品味南京典故篇-古都南京双枚纪念银条套装',NULL,NULL,NULL,0,'1399.00',NULL,'0.00',NULL,'套','','',NULL,NULL,'2012-06-06 12:25:19',0),
  ('P00343',88,145,NULL,'南京足迹倒计时徽章套装相框',NULL,NULL,NULL,12,'150.00',NULL,'0.00',NULL,'件','','',NULL,NULL,'2012-06-06 12:25:15',0),
  ('P00344',88,147,NULL,'印象南京景观纪念银盘',NULL,NULL,NULL,1,'2580.00',NULL,'0.00',NULL,'套','','',NULL,NULL,'2012-06-06 12:25:19',0),
  ('P00345',88,148,NULL,'印象南京风光镀金币纪念章五枚套装',NULL,NULL,NULL,1,'450.00',NULL,'0.00',NULL,'套','','',NULL,NULL,'2012-06-06 12:25:19',0),
  ('P00346',88,146,NULL,'南京足迹倒计时徽章―1000天',NULL,NULL,NULL,220,'40.00',NULL,'0.00',NULL,'个','','',NULL,NULL,'2012-06-06 12:25:15',0),
  ('P00349',88,146,NULL,'精致系列-会徽徽章',NULL,NULL,NULL,70,'35.00',NULL,'0.00',NULL,'个','','',NULL,NULL,'2012-06-06 12:25:16',0),
  ('P00350',88,146,NULL,'“品味南京”美食篇-美食徽章套装1',NULL,NULL,NULL,117,'200.00',NULL,'0.00',NULL,'套','','',NULL,NULL,'2012-06-06 12:25:17',0),
  ('P00369-1',96,143,NULL,'绿会徽烫金丝光polo衫',NULL,NULL,NULL,0,'680.00',NULL,'0.00',NULL,'件','','165',NULL,NULL,'2012-06-06 12:25:21',0),
  ('P00369-2',96,143,NULL,'绿会徽烫金丝光polo衫',NULL,NULL,NULL,1,'680.00',NULL,'0.00',NULL,'件','','170',NULL,NULL,'2012-06-06 12:25:21',0),
  ('P00369-3',96,143,NULL,'绿会徽烫金丝光polo衫',NULL,NULL,NULL,1,'680.00',NULL,'0.00',NULL,'件','','175',NULL,NULL,'2012-06-06 12:25:21',0),
  ('P00369-4',96,143,NULL,'绿会徽烫金丝光polo衫',NULL,NULL,NULL,4,'680.00',NULL,'0.00',NULL,'件','','180',NULL,NULL,'2012-06-06 12:25:21',0),
  ('P00369-5',96,143,NULL,'绿会徽烫金丝光polo衫',NULL,NULL,NULL,1,'680.00',NULL,'0.00',NULL,'件','','185',NULL,NULL,'2012-06-06 12:25:21',0),
  ('P00370-1',96,143,NULL,'男全色会徽polo衫',NULL,NULL,NULL,0,'158.00',NULL,'0.00',NULL,'件','','165',NULL,NULL,'2012-06-06 12:25:20',0),
  ('P00370-2',96,143,NULL,'男全色会徽polo衫',NULL,NULL,NULL,1,'158.00',NULL,'0.00',NULL,'件','','170',NULL,NULL,'2012-06-06 12:25:20',0),
  ('P00370-3',96,143,NULL,'男全色会徽polo衫',NULL,NULL,NULL,0,'158.00',NULL,'0.00',NULL,'件','','175',NULL,NULL,'2012-06-06 12:25:20',0),
  ('P00370-4',96,143,NULL,'男全色会徽polo衫',NULL,NULL,NULL,1,'158.00',NULL,'0.00',NULL,'件','','180',NULL,NULL,'2012-06-06 12:25:20',0),
  ('P00370-5',96,143,NULL,'男全色会徽polo衫',NULL,NULL,NULL,0,'158.00',NULL,'0.00',NULL,'件','','185',NULL,NULL,'2012-06-06 12:25:20',0),
  ('P00371-1',96,143,NULL,'蓝会徽烫金polo衫',NULL,NULL,NULL,0,'158.00',NULL,'0.00',NULL,'件','','165',NULL,NULL,'2012-06-06 12:25:21',0),
  ('P00371-2',96,143,NULL,'蓝会徽烫金polo衫',NULL,NULL,NULL,1,'158.00',NULL,'0.00',NULL,'件','','170',NULL,NULL,'2012-06-06 12:25:21',0),
  ('P00371-3',96,143,NULL,'蓝会徽烫金polo衫',NULL,NULL,NULL,0,'158.00',NULL,'0.00',NULL,'件','','175',NULL,NULL,'2012-06-06 12:25:21',0),
  ('P00371-4',96,143,NULL,'蓝会徽烫金polo衫',NULL,NULL,NULL,1,'158.00',NULL,'0.00',NULL,'件','','180',NULL,NULL,'2012-06-06 12:25:21',0),
  ('P00371-5',96,143,NULL,'蓝会徽烫金polo衫',NULL,NULL,NULL,1,'158.00',NULL,'0.00',NULL,'件','','185',NULL,NULL,'2012-06-06 12:25:21',0),
  ('P00380-1',96,143,NULL,'女全色会徽polo衫',NULL,NULL,NULL,0,'158.00',NULL,'0.00',NULL,'件','','155',NULL,NULL,'2012-06-06 12:25:20',0),
  ('P00380-2',96,143,NULL,'女全色会徽polo衫',NULL,NULL,NULL,0,'158.00',NULL,'0.00',NULL,'件','','160',NULL,NULL,'2012-06-06 12:25:20',0),
  ('P00380-3',96,143,NULL,'女全色会徽polo衫',NULL,NULL,NULL,0,'158.00',NULL,'0.00',NULL,'件','','165',NULL,NULL,'2012-06-06 12:25:20',0),
  ('P00380-4',96,143,NULL,'女全色会徽polo衫',NULL,NULL,NULL,4,'158.00',NULL,'0.00',NULL,'件','','170',NULL,NULL,'2012-06-06 12:25:20',0),
  ('P00380-5',96,143,NULL,'女全色会徽polo衫',NULL,NULL,NULL,1,'158.00',NULL,'0.00',NULL,'件','','175',NULL,NULL,'2012-06-06 12:25:21',0),
  ('P00386',96,143,NULL,'蓝黄会徽笔袋',NULL,NULL,NULL,5,'50.00',NULL,'0.00',NULL,'只','','',NULL,NULL,'2012-06-06 12:25:17',0),
  ('P00387',96,143,NULL,'蓝粉会徽笔袋',NULL,NULL,NULL,3,'50.00',NULL,'0.00',NULL,'只','','',NULL,NULL,'2012-06-06 12:25:17',0),
  ('P00388',87,146,NULL,'青奥倒计时1000天纪念套章',NULL,NULL,NULL,17,'120.00',NULL,'0.00',NULL,'套','','',NULL,NULL,'2012-06-06 12:25:14',0),
  ('P00389',87,147,NULL,'青奥倒计时1000天纪念银条',NULL,NULL,NULL,40,'1580.00',NULL,'0.00',NULL,'套','','80g',NULL,NULL,'2012-06-06 12:25:14',0),
  ('P00390-1',96,143,NULL,'粉会徽烫金丝光polo衫',NULL,NULL,NULL,0,'680.00',NULL,'0.00',NULL,'件','','165',NULL,NULL,'2012-06-06 12:25:21',0),
  ('P00390-2',96,143,NULL,'粉会徽烫金丝光polo衫',NULL,NULL,NULL,1,'680.00',NULL,'0.00',NULL,'件','','170',NULL,NULL,'2012-06-06 12:25:21',0),
  ('P00390-3',96,143,NULL,'粉会徽烫金丝光polo衫',NULL,NULL,NULL,1,'680.00',NULL,'0.00',NULL,'件','','175',NULL,NULL,'2012-06-06 12:25:21',0),
  ('P00390-4',96,143,NULL,'粉会徽烫金丝光polo衫',NULL,NULL,NULL,4,'680.00',NULL,'0.00',NULL,'件','','180',NULL,NULL,'2012-06-06 12:25:21',0),
  ('P00390-5',96,143,NULL,'粉会徽烫金丝光polo衫',NULL,NULL,NULL,1,'680.00',NULL,'0.00',NULL,'件','','185',NULL,NULL,'2012-06-06 12:25:21',0),
  ('P00391-1',96,143,NULL,'灰可拆分休闲裤',NULL,NULL,NULL,1,'340.00',NULL,'0.00',NULL,'件','','160',NULL,NULL,'2012-06-06 12:25:21',0),
  ('P00391-2',96,143,NULL,'灰可拆分休闲裤',NULL,NULL,NULL,1,'340.00',NULL,'0.00',NULL,'件','','165',NULL,NULL,'2012-06-06 12:25:21',0),
  ('P00391-3',96,143,NULL,'灰可拆分休闲裤',NULL,NULL,NULL,1,'340.00',NULL,'0.00',NULL,'件','','170',NULL,NULL,'2012-06-06 12:25:22',0),
  ('P00391-4',96,143,NULL,'灰可拆分休闲裤',NULL,NULL,NULL,4,'340.00',NULL,'0.00',NULL,'件','','175',NULL,NULL,'2012-06-06 12:25:22',0),
  ('P00391-5',96,143,NULL,'灰可拆分休闲裤',NULL,NULL,NULL,2,'340.00',NULL,'0.00',NULL,'件','','180',NULL,NULL,'2012-06-06 12:25:22',0),
  ('P00391-6',96,143,NULL,'灰可拆分休闲裤',NULL,NULL,NULL,1,'340.00',NULL,'0.00',NULL,'件','','185',NULL,NULL,'2012-06-06 12:25:22',0),
  ('P00394',96,143,NULL,'红灰会徽笔袋',NULL,NULL,NULL,5,'50.00',NULL,'0.00',NULL,'只','','',NULL,NULL,'2012-06-06 12:25:17',0),
  ('P00395',96,143,NULL,'黄红会徽笔袋',NULL,NULL,NULL,5,'50.00',NULL,'0.00',NULL,'只','','',NULL,NULL,'2012-06-06 12:25:17',0),
  ('P00396',96,143,NULL,'黄绿会徽笔袋',NULL,NULL,NULL,5,'50.00',NULL,'0.00',NULL,'只','','',NULL,NULL,'2012-06-06 12:25:17',0),
  ('P00397',96,143,NULL,'粉黑会徽笔袋',NULL,NULL,NULL,5,'50.00',NULL,'0.00',NULL,'只','','',NULL,NULL,'2012-06-06 12:25:17',0),
  ('P00399',96,143,NULL,'粉英文组合笔袋',NULL,NULL,NULL,9,'45.00',NULL,'0.00',NULL,'件','','',NULL,NULL,'2012-06-06 12:25:22',0),
  ('P00400',96,143,NULL,'粉会徽抽绳休闲包',NULL,NULL,NULL,14,'80.00',NULL,'0.00',NULL,'件','','',NULL,NULL,'2012-06-06 12:25:22',0),
  ('P00401',96,143,NULL,'绿会徽抽绳休闲包',NULL,NULL,NULL,6,'80.00',NULL,'0.00',NULL,'件','','',NULL,NULL,'2012-06-06 12:25:22',0),
  ('P00403',96,143,NULL,'英文组合多兜休闲包',NULL,NULL,NULL,2,'80.00',NULL,'0.00',NULL,'件','','',NULL,NULL,'2012-06-06 12:25:22',0),
  ('P00404',96,143,NULL,'灰会徽拉绳休闲包',NULL,NULL,NULL,9,'80.00',NULL,'0.00',NULL,'件','','',NULL,NULL,'2012-06-06 12:25:22',0),
  ('P00411',96,143,NULL,'绿灰黑会徽双肩包',NULL,NULL,NULL,6,'200.00',NULL,'0.00',NULL,'件','','',NULL,NULL,'2012-06-06 12:25:22',0),
  ('P00412',96,143,NULL,'蓝灰黑会徽双肩包',NULL,NULL,NULL,9,'200.00',NULL,'0.00',NULL,'件','','',NULL,NULL,'2012-06-06 12:25:22',0),
  ('P00413-1',96,143,NULL,'女蓝会徽烫金polo衫',NULL,NULL,NULL,1,'158.00',NULL,'0.00',NULL,'件','','155',NULL,NULL,'2012-06-06 12:25:21',0),
  ('P00413-2',96,143,NULL,'女蓝会徽烫金polo衫',NULL,NULL,NULL,3,'158.00',NULL,'0.00',NULL,'件','','160',NULL,NULL,'2012-06-06 12:25:21',0),
  ('P00413-3',96,143,NULL,'女蓝会徽烫金polo衫',NULL,NULL,NULL,0,'158.00',NULL,'0.00',NULL,'件','','165',NULL,NULL,'2012-06-06 12:25:21',0),
  ('P00413-4',96,143,NULL,'女蓝会徽烫金polo衫',NULL,NULL,NULL,1,'158.00',NULL,'0.00',NULL,'件','','170',NULL,NULL,'2012-06-06 12:25:21',0),
  ('P00413-5',96,143,NULL,'女蓝会徽烫金polo衫',NULL,NULL,NULL,1,'158.00',NULL,'0.00',NULL,'件','','175',NULL,NULL,'2012-06-06 12:25:21',0),
  ('P00416',87,146,NULL,'友谊饰扣',NULL,NULL,NULL,168,'30.00',NULL,'0.00',NULL,'个','','',NULL,NULL,'2012-06-06 12:25:14',0),
  ('P00417',87,146,NULL,'福龙包饰金',NULL,NULL,NULL,228,'55.00',NULL,'0.00',NULL,'个','','',NULL,NULL,'2012-06-06 12:25:15',0),
  ('P00418',87,146,NULL,'南京美食吊饰',NULL,NULL,NULL,209,'50.00',NULL,'0.00',NULL,'个','','',NULL,NULL,'2012-06-06 12:25:15',0),
  ('P00419',87,146,NULL,'福到吊饰',NULL,NULL,NULL,180,'50.00',NULL,'0.00',NULL,'套','','',NULL,NULL,'2012-06-06 12:25:16',0),
  ('P00420',87,147,NULL,'喜迎青奥银条（50g）',NULL,NULL,NULL,26,'1080.00',NULL,'0.00',NULL,'套','','',NULL,NULL,'2012-06-06 12:25:14',0),
  ('P00422',87,147,NULL,'喜迎青奥银条（100g）',NULL,NULL,NULL,25,'2080.00',NULL,'0.00',NULL,'套','','',NULL,NULL,'2012-06-06 12:25:14',0),
  ('P00423',87,147,NULL,'喜迎青奥银条（200g）',NULL,NULL,NULL,35,'3980.00',NULL,'0.00',NULL,'套','','',NULL,NULL,'2012-06-06 12:25:14',0),
  ('P00424',87,146,NULL,'吉祥饰扣',NULL,NULL,NULL,11,'40.00',NULL,'0.00',NULL,'个','','',NULL,NULL,'2012-06-06 12:25:15',0),
  ('P00425',87,146,NULL,'吉祥吊饰',NULL,NULL,NULL,180,'80.00',NULL,'0.00',NULL,'套','','',NULL,NULL,'2012-06-06 12:25:16',0),
  ('P00426',87,146,NULL,'微笑花朵徽章',NULL,NULL,NULL,349,'30.00',NULL,'0.00',NULL,'套','','',NULL,NULL,'2012-06-06 12:25:16',0),
  ('P00427',87,148,NULL,'青奥镂空纪念章1',NULL,NULL,NULL,130,'180.00',NULL,'0.00',NULL,'个','','',NULL,NULL,'2012-06-06 12:25:15',0),
  ('P00428',87,146,NULL,'炫彩青奥徽章',NULL,NULL,NULL,277,'35.00',NULL,'0.00',NULL,'套','','',NULL,NULL,'2012-06-06 12:25:16',0),
  ('P00429',87,146,NULL,'心动青奥徽章',NULL,NULL,NULL,244,'45.00',NULL,'0.00',NULL,'套','','',NULL,NULL,'2012-06-06 12:25:16',0),
  ('P00430',87,146,NULL,'梅花饰扣',NULL,NULL,NULL,84,'40.00',NULL,'0.00',NULL,'套','','',NULL,NULL,'2012-06-06 12:25:16',0),
  ('P00431',87,146,NULL,'青奥旋转系列-年轮徽章',NULL,NULL,NULL,95,'45.00',NULL,'0.00',NULL,'个','','',NULL,NULL,'2012-06-06 12:25:15',0),
  ('P00433',87,146,NULL,'五彩青奥徽章',NULL,NULL,NULL,225,'30.00',NULL,'0.00',NULL,'套','','',NULL,NULL,'2012-06-06 12:25:16',0),
  ('P00434',87,146,NULL,'活力青奥徽章',NULL,NULL,NULL,285,'35.00',NULL,'0.00',NULL,'套','','',NULL,NULL,'2012-06-06 12:25:16',0),
  ('P00436',87,147,NULL,'青奥金锁（10克）',NULL,NULL,NULL,10,'5180.00',NULL,'0.00',NULL,'套','','',NULL,NULL,'2012-06-06 12:25:19',0),
  ('P00437',87,147,NULL,'双龙呈祥纪念银章（1盎司）',NULL,NULL,NULL,66,'523.00',NULL,'0.00',NULL,'套','','',NULL,NULL,'2012-06-06 12:25:16',0),
  ('P00439',87,147,NULL,'盛世龙腾银条（38g）',NULL,NULL,NULL,36,'639.00',NULL,'0.00',NULL,'套','','',NULL,NULL,'2012-06-06 12:25:16',0),
  ('P00443',87,147,NULL,'盛世龙腾金条（8g）',NULL,NULL,NULL,18,'4080.00',NULL,'0.00',NULL,'套','','',NULL,NULL,'2012-06-06 12:25:15',0),
  ('P00449',87,147,NULL,'金龙聚宝纯金纪念条（8g）',NULL,NULL,NULL,18,'4080.00',NULL,'0.00',NULL,'套','','',NULL,NULL,'2012-06-06 12:25:15',0),
  ('P00454',87,147,NULL,'五龙呈福银条套装（100g）',NULL,NULL,NULL,20,'2080.00',NULL,'0.00',NULL,'套','','',NULL,NULL,'2012-06-06 12:25:15',0),
  ('P00468',94,146,NULL,'美好南京绿色青奥纪念套章',NULL,NULL,NULL,8,'338.00',NULL,'0.00',NULL,'套','','',NULL,NULL,'2012-06-06 12:25:17',0),
  ('P00469',95,146,NULL,'青奥会星座系列之―巨蟹座',NULL,NULL,NULL,0,'22.00',NULL,'0.00',NULL,'个','','',NULL,NULL,'2012-06-06 12:25:14',0),
  ('P00470',95,146,NULL,'青奥会星座系列之―白羊座',NULL,NULL,NULL,0,'22.00',NULL,'0.00',NULL,'个','','',NULL,NULL,'2012-06-06 12:25:14',0),
  ('P00471',95,146,NULL,'青奥会星座系列之―狮子座',NULL,NULL,NULL,0,'22.00',NULL,'0.00',NULL,'个','','',NULL,NULL,'2012-06-06 12:25:14',0),
  ('P00472',95,146,NULL,'青奥会星座系列之―射手座',NULL,NULL,NULL,0,'22.00',NULL,'0.00',NULL,'个','','',NULL,NULL,'2012-06-06 12:25:14',0),
  ('P00473',95,146,NULL,'青奥会星座系列之―摩羯座',NULL,NULL,NULL,0,'22.00',NULL,'0.00',NULL,'个','','',NULL,NULL,'2012-06-06 12:25:14',0),
  ('P00474',95,146,NULL,'青奥会星座系列之―金牛座',NULL,NULL,NULL,0,'22.00',NULL,'0.00',NULL,'个','','',NULL,NULL,'2012-06-06 12:25:14',0),
  ('P00475',95,146,NULL,'青奥会星座系列之―处女座',NULL,NULL,NULL,0,'22.00',NULL,'0.00',NULL,'个','','',NULL,NULL,'2012-06-06 12:25:14',0),
  ('P00476',93,146,NULL,'绿色雨花石徽章',NULL,NULL,NULL,60,'26.00',NULL,'0.00',NULL,'PCS','','',NULL,NULL,'2012-06-06 12:25:15',0),
  ('P00477',95,146,NULL,'青奥会星座系列之―双鱼座',NULL,NULL,NULL,0,'22.00',NULL,'0.00',NULL,'个','','',NULL,NULL,'2012-06-06 12:25:14',0),
  ('P00478',95,146,NULL,'青奥会星座系列之―水瓶座',NULL,NULL,NULL,0,'22.00',NULL,'0.00',NULL,'个','','',NULL,NULL,'2012-06-06 12:25:14',0),
  ('P00479',95,146,NULL,'青奥会星座系列之―双子座',NULL,NULL,NULL,0,'22.00',NULL,'0.00',NULL,'个','','',NULL,NULL,'2012-06-06 12:25:14',0),
  ('P00480',95,146,NULL,'青奥会星座系列之―天秤座',NULL,NULL,NULL,0,'22.00',NULL,'0.00',NULL,'个','','',NULL,NULL,'2012-06-06 12:25:14',0),
  ('P00481',95,146,NULL,'青奥会星座系列之―天蝎座',NULL,NULL,NULL,0,'22.00',NULL,'0.00',NULL,'个','','',NULL,NULL,'2012-06-06 12:25:14',0),
  ('P00482',93,146,NULL,'紫砂壶徽章',NULL,NULL,NULL,64,'26.00',NULL,'0.00',NULL,'PCS','','',NULL,NULL,'2012-06-06 12:25:15',0),
  ('P00483',93,146,NULL,'红色雨花石徽章',NULL,NULL,NULL,77,'26.00',NULL,'0.00',NULL,'PCS','','',NULL,NULL,'2012-06-06 12:25:15',0),
  ('P00484',93,146,NULL,'倒计时1000天徽章',NULL,NULL,NULL,71,'28.00',NULL,'0.00',NULL,'PCS','','',NULL,NULL,'2012-06-06 12:25:15',0),
  ('P00485',93,146,NULL,'我爱南京门形徽章',NULL,NULL,NULL,81,'26.00',NULL,'0.00',NULL,'PCS','','',NULL,NULL,'2012-06-06 12:25:15',0),
  ('P00486',93,146,NULL,'我爱南京爱心徽章',NULL,NULL,NULL,62,'26.00',NULL,'0.00',NULL,'PCS','','',NULL,NULL,'2012-06-06 12:25:15',0),
  ('P00487',96,143,NULL,'粉会徽笔袋',NULL,NULL,NULL,9,'50.00',NULL,'0.00',NULL,'只','','',NULL,NULL,'2012-06-06 12:25:17',0),
  ('P00488',96,143,NULL,'黄会徽拉绳休闲包',NULL,NULL,NULL,0,'80.00',NULL,'0.00',NULL,'件','','',NULL,NULL,'2012-06-06 12:25:22',0),
  ('P00490',96,143,NULL,'粉单纯元素腰包',NULL,NULL,NULL,4,'190.00',NULL,'0.00',NULL,'件','','',NULL,NULL,'2012-06-06 12:25:22',0),
  ('P00491',96,143,NULL,'黄单纯元素腰包',NULL,NULL,NULL,4,'190.00',NULL,'0.00',NULL,'件','','',NULL,NULL,'2012-06-06 12:25:22',0),
  ('P00495',96,143,NULL,'黄会徽童书包',NULL,NULL,NULL,8,'160.00',NULL,'0.00',NULL,'件','','',NULL,NULL,'2012-06-06 12:25:22',0),
  ('P00499',87,146,NULL,'四大名楼徽章',NULL,NULL,NULL,289,'118.00',NULL,'0.00',NULL,'套','','',NULL,NULL,'2012-06-06 12:25:16',0),
  ('P00500',87,148,NULL,'四大名楼铜镀金章',NULL,NULL,NULL,14,'288.00',NULL,'0.00',NULL,'套','','',NULL,NULL,'2012-06-06 12:25:15',0),
  ('P00501',87,147,NULL,'四大名楼银条套装（40g）',NULL,NULL,NULL,30,'672.00',NULL,'0.00',NULL,'套','','',NULL,NULL,'2012-06-06 12:25:16',0),
  ('P00503',90,147,NULL,'花开富贵10g金卷轴',NULL,NULL,NULL,2,'5388.00',NULL,'0.00',NULL,'枚','','',NULL,NULL,'2012-06-06 12:25:19',0),
  ('P00509',90,147,NULL,'青奥梅兰竹菊银砖120g套装',NULL,NULL,NULL,1,'3588.00',NULL,'0.00',NULL,'套','','',NULL,NULL,'2012-06-06 12:25:18',0),
  ('P00510',93,146,NULL,'倒计时三周年徽章',NULL,NULL,NULL,74,'28.00',NULL,'0.00',NULL,'PCS','','',NULL,NULL,'2012-06-06 12:25:15',0),
  ('P00511',88,147,NULL,'“启航”-福船银条',NULL,NULL,NULL,8,'1099.00',NULL,'0.00',NULL,'个','','',NULL,NULL,'2012-06-06 12:25:16',0),
  ('P00515',87,147,NULL,'南京长江大桥金卷轴（30g）',NULL,NULL,NULL,10,'15280.00',NULL,'0.00',NULL,'套','','',NULL,NULL,'2012-06-06 12:25:23',0),
  ('P00517',93,146,NULL,'彩色心锁钥匙扣',NULL,NULL,NULL,0,'30.00',NULL,'0.00',NULL,'PCS','','',NULL,NULL,'2012-06-06 12:25:15',0),
  ('P00518',95,146,NULL,'心锁情侣钥匙扣',NULL,NULL,NULL,0,'30.00',NULL,'0.00',NULL,'个','','',NULL,NULL,'2012-06-06 12:25:15',0),
  ('P00528',93,145,NULL,'白色青奥挂带',NULL,NULL,NULL,32,'30.00',NULL,'0.00',NULL,'个','','',NULL,NULL,'2012-06-06 12:25:18',0);

COMMIT;

#
# Data for the `instocknote` table  (LIMIT 0,500)
#

INSERT INTO `instocknote` (`instockcode`, `instockstyle`, `fromunitcode`, `fromunit`, `instockman`, `checkinman`, `pickupman`, `indate`, `makedate`, `resourcenoteid`, `checkindate`, `totalamount`, `status`) VALUES 
  ('RK201206090001',NULL,'303','鼓楼地铁店','胡双双','liuchen','fffff','2012-06-09','2012-06-09','TH201206090001','2012-06-09',1830,2),
  ('RK201206090002',NULL,'316','玄武门地铁店','胡双双','liuchen','11','2012-06-09','2012-06-09','TH201206090006','2012-06-09',0,2),
  ('RK201206090003','1','307','高铁南站店','胡双双','huangxiaojie','11','2012-06-09','2012-06-09','TH201206090011','2012-06-09',1200,2),
  ('RK201206090004','1','300','新街口一店','胡双双','huangxiaojie','111','2012-06-09','2012-06-09','TH201206090007','2012-06-09',600,2);

COMMIT;

#
# Data for the `instockdetail` table  (LIMIT 0,500)
#

INSERT INTO `instockdetail` (`isdid`, `instockcode`, `goodcode`, `goodname`, `saleprice`, `number`, `remark`) VALUES 
  (1,'RK201206090001','N00017','青春白釉杯',98,5,''),
  (2,'RK201206090001','N00020','五环套杯',268,5,''),
  (3,'RK201206090002','P00039','小标棒球帽',0,10,''),
  (4,'RK201206090002','P00040','炫彩大标棒球帽',0,10,''),
  (5,'RK201206090003','P00039','小标棒球帽',60,10,''),
  (6,'RK201206090003','P00040','炫彩大标棒球帽',60,10,''),
  (7,'RK201206090004','P00039','小标棒球帽',60,5,''),
  (8,'RK201206090004','P00040','炫彩大标棒球帽',60,5,'');

COMMIT;

#
# Data for the `lingyonginfo` table  (LIMIT 0,500)
#

INSERT INTO `lingyonginfo` (`lingyongid`, `lingyongdate`, `makemanid`, `makeman`, `status`, `workstatus`, `remark`, `isoutgoods`, `isreturngoods`, `deptcode`, `deptname`) VALUES 
  ('LY201206110002','2012-06-11',NULL,'fangyan',1,NULL,NULL,0,0,298,'行政部');

COMMIT;

#
# Data for the `lingyongdetail` table  (LIMIT 0,500)
#

INSERT INTO `lingyongdetail` (`lydid`, `lingyongid`, `goodscode`, `goodsname`, `number`, `returnnum`, `validnum`, `saleprice`) VALUES 
  (1,'LY201206110002','N00097','啪啪十二宫（红）',1,NULL,1,58),
  (2,'LY201206110002','N00098','啪啪十二宫（橙）',1,NULL,1,58);

COMMIT;

#
# Data for the `oa_attach` table  (LIMIT 0,500)
#

INSERT INTO `oa_attach` (`attachid`, `objname`, `filedir`, `filetype`, `iszip`, `isencrypt`, `col1`, `col2`, `col3`, `filesize`) VALUES 
  (1,'导入进货价20120525.xls','1339657429627.xls','.xls',2,NULL,NULL,NULL,NULL,'14.00K');

COMMIT;

#
# Data for the `oa_remindlog` table  (LIMIT 0,500)
#

INSERT INTO `oa_remindlog` (`remLogId`, `mid`, `sender`, `sendTime`, `receiver`, `receiveTime`) VALUES 
  (1,1,56,'2012-06-14 15:03:58',57,NULL),
  (2,1,56,'2012-06-14 15:03:58',58,NULL);

COMMIT;

#
# Data for the `oa_remindmessagedetail` table  (LIMIT 0,500)
#

INSERT INTO `oa_remindmessagedetail` (`mid`, `ruleid`, `type`, `messageContent`, `messageCaption`, `attachIds`) VALUES 
  (1,0,0,'sadsad','testfujian','1');

COMMIT;

#
# Data for the `oa_remindreceive` table  (LIMIT 0,500)
#

INSERT INTO `oa_remindreceive` (`remReceiveid`, `mid`, `isread`, `receivetTime`, `userId`) VALUES 
  (1,1,1,'2012-06-14 15:03:58',57),
  (2,1,1,'2012-06-14 15:03:58',58);

COMMIT;

#
# Data for the `oa_remindsend` table  (LIMIT 0,500)
#

INSERT INTO `oa_remindsend` (`remSendId`, `mid`, `sendTime`, `isdelete`, `senderid`, `sendType`, `flag`, `inceptId`) VALUES 
  (1,1,'2012-06-14 15:03:58',1,56,NULL,1,'57,58');

COMMIT;

#
# Data for the `operatedirect` table  (LIMIT 0,500)
#

INSERT INTO `operatedirect` (`odid`, `fromdept`, `todept`, `resource`, `prompt`, `sendtime`, `directtype`, `operatetable`, `recordid`, `isoperate`) VALUES 
  (2,299,280,'totalStock/totalStock_getSupplyNoteDetail.nzy?supplynotecode=BH201206140004','新街口一店有新的补货单，请及时处理!','2012-06-14 10:24:27','代办',NULL,'BH201206140004',1),
  (3,280,299,'storesSupply/storesSupply_getCheckStoreSupplyDetail.nzy?supplynotecode=BH201206140004','你的补货单BH201206140004已处理，请签收!','2012-06-14 10:26:08','反馈',NULL,'CK201206140001',1),
  (4,302,280,'totalStock/totalStock_getSupplyNoteDetail.nzy?supplynotecode=BH201206140008','上海路地铁店有新的补货单，请及时处理!','2012-06-14 10:48:25','代办',NULL,'BH201206140008',1),
  (5,280,302,'storesSupply/storesSupply_getCheckStoreSupplyDetail.nzy?supplynotecode=BH201206140008','你的补货单BH201206140008已处理，请签收!','2012-06-14 10:49:19','反馈',NULL,'CK201206140002',1);

COMMIT;

#
# Data for the `outstocknote` table  (LIMIT 0,500)
#

INSERT INTO `outstocknote` (`outstockcode`, `outstockstyle`, `receivecode`, `receiveunitname`, `outman`, `sendman`, `checkinman`, `ischeckin`, `supplynoteid`, `outstockdate`, `totalamount`) VALUES 
  ('CK201206090001','1','303','鼓楼地铁店','胡双双','444','liuchen',1,'BH201206080006','2012-06-09',0),
  ('CK201206090002','1','315','上海路地铁店','胡双双','fdsf','liuchen',1,'BH201206090001','2012-06-09',0),
  ('CK201206090003','1','316','玄武门地铁店','胡双双','wawaw','liuchen',1,'BH201206090002','2012-06-09',0),
  ('CK201206090004','0','305','三山街店','胡双双','111','huangxiaojie',1,'BH201206090004','2012-06-09',1200),
  ('CK201206090005','1','303','鼓楼地铁店','胡双双','111',NULL,NULL,'BH201206080005','2012-06-09',0),
  ('CK201206090006','0','300','新街口一店','胡双双','124','huangxiaojie',1,'BH201206090005','2012-06-09',1200),
  ('CK201206090007','0','307','高铁南站店','胡双双','NNMNNMND','huangxiaojie',1,'BH201206090007','2012-06-09',1200),
  ('CK201206120001','1','303','鼓楼地铁店','胡双双','NNDBFGZ','liuchen',1,'BH201206120001','2012-06-12',2400),
  ('CK201206120002','2','284','门店团购','胡双双','hushuangshuang','dingjie',1,'BH201206110003','2012-06-12',57500),
  ('CK201206140001','0','300','新街口一店','胡双双','345','huangxiaojie',1,'BH201206140004','2012-06-14',180),
  ('CK201206140002','1','315','上海路地铁店','胡双双','456','liuchen',1,'BH201206140008','2012-06-14',180);

COMMIT;

#
# Data for the `outstockdetail` table  (LIMIT 0,500)
#

INSERT INTO `outstockdetail` (`id`, `outstockcode`, `goodcode`, `goodname`, `saleprice`, `number`, `remark`) VALUES 
  (1,'CK201206090001','N00017','青春白釉杯',0,5,''),
  (2,'CK201206090001','N00020','五环套杯',0,5,''),
  (3,'CK201206090001','P00039','小标棒球帽',0,5,''),
  (4,'CK201206090001','P00040','炫彩大标棒球帽',0,5,''),
  (5,'CK201206090002','P00039','小标棒球帽',0,10,''),
  (6,'CK201206090002','P00040','炫彩大标棒球帽',0,10,''),
  (7,'CK201206090003','P00039','小标棒球帽',0,101,''),
  (8,'CK201206090003','P00040','炫彩大标棒球帽',0,101,''),
  (9,'CK201206090004','P00039','小标棒球帽',60,10,''),
  (10,'CK201206090004','P00040','炫彩大标棒球帽',60,10,''),
  (11,'CK201206090005','P00039','小标棒球帽',0,10,''),
  (12,'CK201206090005','P00040','炫彩大标棒球帽',0,20,''),
  (13,'CK201206090006','P00039','小标棒球帽',60,10,''),
  (14,'CK201206090006','P00040','炫彩大标棒球帽',60,10,''),
  (15,'CK201206090007','P00039','小标棒球帽',60,10,''),
  (16,'CK201206090007','P00040','炫彩大标棒球帽',60,10,''),
  (17,'CK201206120001','P00039','小标棒球帽',60,20,''),
  (18,'CK201206120001','P00040','炫彩大标棒球帽',60,20,''),
  (19,'CK201206120002','P00099','南京青奥会纪念金条',23000,2,''),
  (20,'CK201206120002','P00101','青奥会银质纪念章',1150,10,''),
  (21,'CK201206140001','P00039','小标棒球帽',60,2,''),
  (22,'CK201206140001','P00040','炫彩大标棒球帽',60,1,''),
  (23,'CK201206140002','P00039','小标棒球帽',60,2,''),
  (24,'CK201206140002','P00040','炫彩大标棒球帽',60,1,'');

COMMIT;

#
# Data for the `reportinfo` table  (LIMIT 0,500)
#

INSERT INTO `reportinfo` (`reportid`, `reportname`, `reportpath`, `reportdate`, `reportdeptno`, `reportdeptname`, `reporttype`, `reportclass`) VALUES 
  (370,'团购部销售明细表','\\excelReport\\everyDay\\teamDetail/20120624002004281.xls','2012-06-24',281,'团购部','2',4),
  (371,'团购部日报表','\\excelReport\\everyDay\\team/20120624002005281.xls','2012-06-24',281,'团购部','0',2),
  (372,'门店团购销售明细表','\\excelReport\\everyDay\\teamDetail/20120624002006284.xls','2012-06-24',284,'门店团购','2',5),
  (373,'门店团购日报表','\\excelReport\\everyDay\\team/20120624002006284.xls','2012-06-24',284,'门店团购','0',3),
  (374,'新街口一店日报表','\\excelReport\\everyDay\\store/20120624002006300.xls','2012-06-24',300,'新街口一店','0',0),
  (375,'新街口二店日报表','\\excelReport\\everyDay\\store/20120624002006304.xls','2012-06-24',304,'新街口二店','0',0),
  (376,'三山街店日报表','\\excelReport\\everyDay\\store/20120624002006305.xls','2012-06-24',305,'三山街店','0',0),
  (377,'迈皋桥店日报表','\\excelReport\\everyDay\\store/20120624002006306.xls','2012-06-24',306,'迈皋桥店','0',0),
  (378,'高铁南站店日报表','\\excelReport\\everyDay\\store/20120624002006307.xls','2012-06-24',307,'高铁南站店','0',0),
  (379,'大行宫店日报表','\\excelReport\\everyDay\\store/20120624002007308.xls','2012-06-24',308,'大行宫店','0',0),
  (380,'团购部月报表','\\excelReport\\everyMouth\\team/20120624002007281.xls','2012-06-24',281,'团购部','1',2),
  (381,'门店团购月报表','\\excelReport\\everyMouth\\team/20120624002007284.xls','2012-06-24',284,'门店团购','1',3),
  (382,'新街口一店月报表','\\excelReport\\everyMouth\\store/20120624002007300.xls','2012-06-24',300,'新街口一店','1',0),
  (383,'新街口二店月报表','\\excelReport\\everyMouth\\store/20120624002007304.xls','2012-06-24',304,'新街口二店','1',0),
  (384,'三山街店月报表','\\excelReport\\everyMouth\\store/20120624002007305.xls','2012-06-24',305,'三山街店','1',0),
  (385,'迈皋桥店月报表','\\excelReport\\everyMouth\\store/20120624002008306.xls','2012-06-24',306,'迈皋桥店','1',0),
  (386,'高铁南站店月报表','\\excelReport\\everyMouth\\store/20120624002008307.xls','2012-06-24',307,'高铁南站店','1',0),
  (387,'大行宫店月报表','\\excelReport\\everyMouth\\store/20120624002008308.xls','2012-06-24',308,'大行宫店','1',0),
  (388,'团购部销售明细表','\\excelReport\\everyDay\\teamDetail/20120607002138281.xls','2012-06-07',281,'团购部','2',4),
  (389,'团购部日报表','\\excelReport\\everyDay\\team/20120607002141281.xls','2012-06-07',281,'团购部','0',2),
  (390,'门店团购销售明细表','\\excelReport\\everyDay\\teamDetail/20120607002146284.xls','2012-06-07',284,'门店团购','2',5),
  (391,'门店团购日报表','\\excelReport\\everyDay\\team/20120607002147284.xls','2012-06-07',284,'门店团购','0',3),
  (392,'新街口一店日报表','\\excelReport\\everyDay\\store/20120607002204300.xls','2012-06-07',300,'新街口一店','0',0),
  (393,'新街口二店日报表','\\excelReport\\everyDay\\store/20120607002210304.xls','2012-06-07',304,'新街口二店','0',0),
  (394,'三山街店日报表','\\excelReport\\everyDay\\store/20120607002231305.xls','2012-06-07',305,'三山街店','0',0),
  (395,'迈皋桥店日报表','\\excelReport\\everyDay\\store/20120607002234306.xls','2012-06-07',306,'迈皋桥店','0',0),
  (396,'高铁南站店日报表','\\excelReport\\everyDay\\store/20120607002238307.xls','2012-06-07',307,'高铁南站店','0',0),
  (397,'大行宫店日报表','\\excelReport\\everyDay\\store/20120607002244308.xls','2012-06-07',308,'大行宫店','0',0),
  (398,'团购部销售明细表','\\excelReport\\everyDay\\teamDetail/20120607002004281.xls','2012-06-07',281,'团购部','2',4),
  (399,'团购部日报表','\\excelReport\\everyDay\\team/20120607002005281.xls','2012-06-07',281,'团购部','0',2),
  (400,'门店团购销售明细表','\\excelReport\\everyDay\\teamDetail/20120607002005284.xls','2012-06-07',284,'门店团购','2',5),
  (401,'门店团购日报表','\\excelReport\\everyDay\\team/20120607002005284.xls','2012-06-07',284,'门店团购','0',3),
  (402,'新街口一店日报表','\\excelReport\\everyDay\\store/20120607002006300.xls','2012-06-07',300,'新街口一店','0',0),
  (403,'新街口二店日报表','\\excelReport\\everyDay\\store/20120607002006304.xls','2012-06-07',304,'新街口二店','0',0),
  (404,'三山街店日报表','\\excelReport\\everyDay\\store/20120607002006305.xls','2012-06-07',305,'三山街店','0',0),
  (405,'迈皋桥店日报表','\\excelReport\\everyDay\\store/20120607002006306.xls','2012-06-07',306,'迈皋桥店','0',0),
  (406,'高铁南站店日报表','\\excelReport\\everyDay\\store/20120607002006307.xls','2012-06-07',307,'高铁南站店','0',0),
  (407,'大行宫店日报表','\\excelReport\\everyDay\\store/20120607002006308.xls','2012-06-07',308,'大行宫店','0',0),
  (408,'团购部销售明细表','\\excelReport\\everyDay\\teamDetail/20120607002115281.xls','2012-06-07',281,'团购部','2',4),
  (409,'团购部日报表','\\excelReport\\everyDay\\team/20120607002119281.xls','2012-06-07',281,'团购部','0',2),
  (410,'门店团购销售明细表','\\excelReport\\everyDay\\teamDetail/20120607002131284.xls','2012-06-07',284,'门店团购','2',5),
  (411,'门店团购日报表','\\excelReport\\everyDay\\team/20120607002132284.xls','2012-06-07',284,'门店团购','0',3),
  (412,'团购部销售明细表','\\excelReport\\everyDay\\teamDetail/20120607002040281.xls','2012-06-07',281,'团购部','2',4),
  (413,'团购部日报表','\\excelReport\\everyDay\\team/20120607002041281.xls','2012-06-07',281,'团购部','0',2),
  (414,'门店团购销售明细表','\\excelReport\\everyDay\\teamDetail/20120607002046284.xls','2012-06-07',284,'门店团购','2',5),
  (415,'门店团购日报表','\\excelReport\\everyDay\\team/20120607002046284.xls','2012-06-07',284,'门店团购','0',3),
  (416,'团购部销售明细表','\\excelReport\\everyDay\\teamDetail/20120607002048281.xls','2012-06-07',281,'团购部','2',4),
  (417,'团购部日报表','\\excelReport\\everyDay\\team/20120607002050281.xls','2012-06-07',281,'团购部','0',2),
  (418,'门店团购销售明细表','\\excelReport\\everyDay\\teamDetail/20120607002054284.xls','2012-06-07',284,'门店团购','2',5),
  (419,'门店团购日报表','\\excelReport\\everyDay\\team/20120607002055284.xls','2012-06-07',284,'门店团购','0',3),
  (420,'新街口一店日报表','\\excelReport\\everyDay\\store/20120607002422300.xls','2012-06-07',300,'新街口一店','0',0),
  (421,'新街口二店日报表','\\excelReport\\everyDay\\store/20120607002422304.xls','2012-06-07',304,'新街口二店','0',0),
  (422,'三山街店日报表','\\excelReport\\everyDay\\store/20120607002422305.xls','2012-06-07',305,'三山街店','0',0),
  (423,'迈皋桥店日报表','\\excelReport\\everyDay\\store/20120607002423306.xls','2012-06-07',306,'迈皋桥店','0',0),
  (424,'高铁南站店日报表','\\excelReport\\everyDay\\store/20120607002423307.xls','2012-06-07',307,'高铁南站店','0',0),
  (425,'大行宫店日报表','\\excelReport\\everyDay\\store/20120607002423308.xls','2012-06-07',308,'大行宫店','0',0),
  (426,'团购部销售明细表','\\excelReport\\everyDay\\teamDetail/20120606002045281.xls','2012-06-06',281,'团购部','2',4),
  (427,'团购部日报表','\\excelReport\\everyDay\\team/20120606002047281.xls','2012-06-06',281,'团购部','0',2),
  (428,'门店团购销售明细表','\\excelReport\\everyDay\\teamDetail/20120606002052284.xls','2012-06-06',284,'门店团购','2',5),
  (429,'门店团购日报表','\\excelReport\\everyDay\\team/20120606002053284.xls','2012-06-06',284,'门店团购','0',3),
  (430,'小龙湾苏果店日报表','\\excelReport\\everyDay\\union/20120606002105295.xls','2012-06-06',295,'小龙湾苏果店','0',1),
  (431,'总统府一店日报表','\\excelReport\\everyDay\\union/20120606002115296.xls','2012-06-06',296,'总统府一店','0',1),
  (432,'新街口一店日报表','\\excelReport\\everyDay\\store/20120606002126300.xls','2012-06-06',300,'新街口一店','0',0);

COMMIT;

#
# Data for the `returnnote` table  (LIMIT 0,500)
#

INSERT INTO `returnnote` (`returnnotecode`, `isaccepted`, `deptcode`, `departid`, `makeunit`, `indate`, `makeman`, `issubmit`, `ischeckin`, `checkindate`, `submitdate`, `salerecid`, `ismakeinvoice`, `ispayment`, `lingyongid`) VALUES 
  ('TH201206090001','1',303,NULL,'鼓楼地铁店','2012-06-09','liuchen',1,2,'2012-06-09','2012-06-09',NULL,'1','1',NULL),
  ('TH201206090006','1',316,NULL,'玄武门地铁店','2012-06-09','liuchen',1,2,'2012-06-09','2012-06-09',NULL,'0','1',NULL),
  ('TH201206090007','1',300,NULL,'新街口一店','2012-06-09','huangxiaojie',1,2,'2012-06-09','2012-06-09',NULL,'0','0',NULL),
  ('TH201206090011','1',307,NULL,'高铁南站店','2012-06-09','huangxiaojie',1,2,'2012-06-09','2012-06-09',NULL,'0','0',NULL);

COMMIT;

#
# Data for the `returnnotedetail` table  (LIMIT 0,500)
#

INSERT INTO `returnnotedetail` (`rdid`, `returnnotecode`, `goodnum`, `goodname`, `saleprice`, `number`, `money`, `remark`) VALUES 
  (3,'TH201206090001','N00017','青春白釉杯',98,5,490,NULL),
  (4,'TH201206090001','N00020','五环套杯',268,5,1340,NULL),
  (7,'TH201206090006','P00039','小标棒球帽',0,10,0,NULL),
  (8,'TH201206090006','P00040','炫彩大标棒球帽',0,10,0,NULL),
  (15,'TH201206090011','P00039','小标棒球帽',60,10,600,NULL),
  (16,'TH201206090011','P00040','炫彩大标棒球帽',60,10,600,NULL),
  (17,'TH201206090007','P00039','小标棒球帽',60,5,300,NULL),
  (18,'TH201206090007','P00040','炫彩大标棒球帽',60,5,300,NULL);

COMMIT;

#
# Data for the `sa_database` table  (LIMIT 0,500)
#

INSERT INTO `sa_database` (`id`, `database_name`, `database_time`, `database_path`, `database_user`) VALUES 
  (71,'nj_nzy_subway','20120607','E:\\workspace\\NJ_NZY_SUBWAY\\WebRoot\\sql\\20120607_nj_nzy_subway.sql','系统自动备份'),
  (73,'nj_nzy_subway','20120608','E:\\workspace\\NJ_NZY_SUBWAY\\WebRoot\\sql\\20120608_nj_nzy_subway.sql','系统自动备份'),
  (74,'nj_nzy_subway','20120624','E:\\tomcat-6.0.32\\webapps\\NJ_NZY_SUBWAY\\sql\\20120624_nj_nzy_subway.sql','系统自动备份');

COMMIT;

#
# Data for the `sa_departinfo` table  (LIMIT 0,500)
#

INSERT INTO `sa_departinfo` (`departID`, `departName`, `depParentID`, `connectTelNo`, `connectMobileTelNo`, `faxes`, `departDesc`, `adress`, `contactMan`, `url`, `isExistChild`, `image`, `departType`, `isType`, `zipcode`, `isDelete`) VALUES 
  (220,'南京地铁时光文化传媒有限公司',NULL,'13611','136115305','025-025151',NULL,NULL,'hmx',NULL,'Y',NULL,2,0,NULL,'0'),
  (280,'仓库','220','3333','3333','333','3333',NULL,NULL,NULL,'Y','001.gif',1,0,NULL,'0'),
  (281,'团购部','220','111','111','1111',NULL,NULL,NULL,NULL,'Y','001.gif',1,0,NULL,'0'),
  (284,'门店团购','220','22','22','22',NULL,NULL,NULL,NULL,'Y','001.gif',1,0,NULL,'0'),
  (285,'加盟总部','220','1232','3','3',NULL,NULL,NULL,NULL,'Y','001.gif',1,0,NULL,'0'),
  (293,'采购部','220',NULL,NULL,NULL,NULL,NULL,NULL,NULL,'Y','001.gif',1,0,NULL,'0'),
  (294,'加盟总店一公司','285',NULL,'1','1',NULL,NULL,NULL,NULL,'Y','001.gif',1,0,NULL,'0'),
  (295,'小龙湾苏果店','294',NULL,NULL,NULL,NULL,NULL,NULL,NULL,'Y','001.gif',1,0,NULL,'0'),
  (296,'总统府一店','294',NULL,NULL,NULL,NULL,NULL,NULL,NULL,'Y','001.gif',1,0,NULL,'0'),
  (297,'财务部','220',NULL,NULL,NULL,NULL,NULL,NULL,NULL,'Y','001.gif',1,0,NULL,'0'),
  (298,'行政部','220',NULL,NULL,NULL,NULL,NULL,NULL,NULL,'Y','001.gif',1,0,NULL,'0'),
  (299,'门店总店','220',NULL,NULL,NULL,NULL,NULL,NULL,NULL,'Y','001.gif',1,0,NULL,'0'),
  (300,'新街口一店','299',NULL,NULL,NULL,NULL,NULL,NULL,NULL,'Y','001.gif',1,0,NULL,'0'),
  (301,'总经办','220',NULL,NULL,NULL,NULL,NULL,NULL,NULL,'Y','001.gif',1,0,NULL,'0'),
  (302,'加盟总店二公司','285','1','1',NULL,NULL,NULL,NULL,NULL,'Y','001.gif',1,0,NULL,'0'),
  (303,'鼓楼地铁店','302',NULL,NULL,NULL,NULL,NULL,NULL,NULL,'Y','001.gif',1,0,NULL,'0'),
  (304,'新街口二店','299',NULL,NULL,NULL,NULL,NULL,NULL,NULL,'Y','001.gif',1,0,NULL,'0'),
  (305,'三山街店','299',NULL,NULL,NULL,NULL,NULL,NULL,NULL,'Y','001.gif',1,0,NULL,'0'),
  (306,'迈皋桥店','299',NULL,NULL,NULL,NULL,NULL,NULL,NULL,'Y','001.gif',1,0,NULL,'0'),
  (307,'高铁南站店','299',NULL,NULL,NULL,NULL,NULL,NULL,NULL,'Y','001.gif',1,0,NULL,'0'),
  (308,'大行宫店','299',NULL,NULL,NULL,NULL,NULL,NULL,NULL,'Y','001.gif',1,0,NULL,'0'),
  (309,'总统府二店','294',NULL,NULL,NULL,NULL,NULL,NULL,NULL,'Y','001.gif',1,0,NULL,'0'),
  (310,'新华书店新街口店','294',NULL,NULL,NULL,NULL,NULL,NULL,NULL,'Y','001.gif',1,0,NULL,'0'),
  (311,'新华书店弘扬广场店','294',NULL,NULL,NULL,NULL,NULL,NULL,NULL,'Y','001.gif',1,0,NULL,'0'),
  (312,'大众书局新街口店','294',NULL,NULL,NULL,NULL,NULL,NULL,NULL,'Y','001.gif',1,0,NULL,'0'),
  (313,'龙江新城市广场店','294',NULL,NULL,NULL,NULL,NULL,NULL,NULL,'Y','001.gif',1,0,NULL,'0'),
  (314,'乐天玛特店','294',NULL,NULL,NULL,NULL,NULL,NULL,NULL,'Y','001.gif',1,0,NULL,'0'),
  (315,'上海路地铁店','302',NULL,NULL,NULL,NULL,NULL,NULL,NULL,'Y','001.gif',1,0,NULL,'0'),
  (316,'玄武门地铁店','302',NULL,NULL,NULL,NULL,NULL,NULL,NULL,'Y','001.gif',1,0,NULL,'0');

COMMIT;

#
# Data for the `sa_roleinfo` table  (LIMIT 0,500)
#

INSERT INTO `sa_roleinfo` () VALUES 
  (1,'系统管理员','管理员',0,NULL,'2012-04-19 19:33:01',0),
  (3,'收银员','收银员',0,NULL,'2012-04-19 19:33:15',0),
  (4,'加盟总店一公司主管','加盟总店一公司',0,NULL,'2012-06-01 14:16:49',0),
  (6,'门店主管','门店主管',1,NULL,'2012-06-01 13:25:30',0),
  (8,'加盟部主管','加盟部主管',0,NULL,'2012-06-01 13:26:25',0),
  (9,'团购部主管','\t\t\t\t\t\t这是测试的\t\t\r\n\t\t\t\t\t\t',0,'2012-03-15 14:10:58','2012-06-01 14:50:46',0),
  (10,'云景路仓库','青奥商品存储中转站',0,'2012-03-15 14:30:56','2012-06-01 11:18:48',0),
  (11,'采购部主管','采购部',0,'2012-04-20 09:38:45','2012-06-01 14:24:43',0),
  (12,'门店团购主管','门店发生的团购由门店团购部处理',1,'2012-04-25 15:48:29','2012-06-01 13:40:14',0),
  (15,'财务部','23423',0,'2012-05-04 15:06:09','2012-05-10 10:35:06',0),
  (19,'行政部','行政',0,'2012-05-12 09:25:07',NULL,0),
  (20,'加盟总店二公司主管','加盟总店二公司主管',0,'2012-06-01 13:22:58','2012-06-01 15:44:39',0),
  (21,'加盟总店一公司分管','加盟总店一公司分管',0,'2012-06-01 14:17:24',NULL,0),
  (22,'采购部账务统计','采购部账务统计',0,'2012-06-01 14:25:35',NULL,0),
  (23,'加盟部账务统计','加盟部账务统计',0,'2012-06-01 14:31:43',NULL,0),
  (24,'团购部账务统计','团购部账务统计',0,'2012-06-01 14:50:58',NULL,0),
  (25,'团购部业务','团购部业务',0,'2012-06-01 14:51:22',NULL,0),
  (26,'门店账务统计','门店账务统计',0,'2012-06-01 15:02:33',NULL,0),
  (27,'仓库配送','仓库配送',0,'2012-06-01 15:23:07',NULL,0),
  (28,'仓库打单','仓库打单',0,'2012-06-01 15:23:58',NULL,0);

COMMIT;

#
# Data for the `sa_logs` table  (LIMIT 0,500)
#

INSERT INTO `sa_logs` (`id`, `username`, `ip`, `logtime`) VALUES 
  (10797,'admin','192.168.0.192','2012-05-09 09:30:24'),
  (10798,'admin','192.168.0.192','2012-05-09 09:30:24'),
  (10799,'humanxing','192.168.0.192','2012-05-09 09:31:12'),
  (10800,'humanxing','192.168.0.192','2012-05-09 09:31:12'),
  (10801,'humanxing','192.168.0.192','2012-05-09 09:31:21'),
  (10802,'humanxing','192.168.0.192','2012-05-09 09:31:24'),
  (10803,'humanxing','192.168.0.192','2012-05-09 09:31:26'),
  (10804,'humanxing','192.168.0.192','2012-05-09 09:31:28'),
  (10805,'hmx','192.168.0.191','2012-05-09 09:33:16'),
  (10806,'hmx','192.168.0.191','2012-05-09 09:33:18'),
  (10807,'humanxing','192.168.0.189','2012-05-09 09:38:56'),
  (10808,'admin','192.168.0.189','2012-05-09 09:39:33'),
  (10809,'admin','192.168.0.189','2012-05-09 09:39:38'),
  (10810,'humanxing','192.168.0.192','2012-05-09 09:33:15'),
  (10811,'hmx','192.168.0.191','2012-05-09 09:35:46'),
  (10812,'humanxing','192.168.0.189','2012-05-09 09:42:36'),
  (10813,'hmx','192.168.0.196','2012-05-09 09:43:22'),
  (10814,'admin','192.168.0.196','2012-05-09 09:43:37'),
  (10815,'admin','192.168.0.196','2012-05-09 09:43:42'),
  (10816,'humanxing','192.168.0.189','2012-05-09 09:46:52'),
  (10817,'humanxing','192.168.0.196','2012-05-09 09:46:38'),
  (10818,'humanxing','192.168.0.192','2012-05-09 09:40:10'),
  (10819,'humanxing','192.168.0.191','2012-05-09 09:45:12'),
  (10820,'humanxing','192.168.0.191','2012-05-09 09:49:59'),
  (10821,'humanxing','192.168.0.196','2012-05-09 09:59:28'),
  (10822,'humanxing','192.168.0.189','2012-05-09 10:02:37'),
  (10823,'humanxing','192.168.0.191','2012-05-09 10:03:52'),
  (10824,'humanxing','192.168.0.192','2012-05-09 10:03:35'),
  (10825,'humanxing','192.168.0.189','2012-05-09 10:20:06'),
  (10826,'hmx','192.168.0.191','2012-05-09 10:15:11'),
  (10827,'admin','192.168.0.189','2012-05-09 10:20:50'),
  (10828,'admin','192.168.0.196','2012-05-09 10:22:45'),
  (10829,'admin','192.168.0.196','2012-05-09 10:22:49'),
  (10830,'admin','192.168.0.189','2012-05-09 10:24:52'),
  (10831,'jmzd','192.168.0.189','2012-05-09 10:25:42'),
  (10832,'humanxing','192.168.0.191','2012-05-09 10:24:36'),
  (10833,'admin','192.168.0.196','2012-05-09 10:30:32'),
  (10834,'admin','192.168.0.196','2012-05-09 10:30:37'),
  (10835,'humanxing','192.168.0.192','2012-05-09 10:24:47'),
  (10836,'humanxing','192.168.0.192','2012-05-09 10:24:47'),
  (10837,'humanxing','192.168.0.192','2012-05-09 10:24:58'),
  (10838,'hmx','192.168.0.191','2012-05-09 10:27:53'),
  (10839,'humanxing','192.168.0.192','2012-05-09 10:26:26'),
  (10840,'humanxing','192.168.0.192','2012-05-09 10:26:52'),
  (10841,'humanxing','192.168.0.192','2012-05-09 10:26:52'),
  (10842,'xiexin','192.168.0.192','2012-05-09 10:27:04'),
  (10843,'xiexin','192.168.0.192','2012-05-09 10:27:04'),
  (10844,'humanxing','192.168.0.191','2012-05-09 10:28:55'),
  (10845,'sqj','192.168.0.196','2012-05-09 10:35:49'),
  (10846,'xiexin','192.168.0.192','2012-05-09 10:51:49'),
  (10847,'xiexin','192.168.0.192','2012-05-09 10:51:49'),
  (10848,'xiexin','192.168.0.192','2012-05-09 10:52:47'),
  (10849,'xiexin','192.168.0.192','2012-05-09 10:52:47'),
  (10850,'xiexin','192.168.0.192','2012-05-09 10:52:49'),
  (10851,'xiexin','192.168.0.192','2012-05-09 10:52:52'),
  (10852,'xiexin','192.168.0.192','2012-05-09 10:52:54'),
  (10853,'xiexin','192.168.0.192','2012-05-09 10:53:15'),
  (10854,'hmx','192.168.0.192','2012-05-09 10:54:12'),
  (10855,'hmx','192.168.0.192','2012-05-09 10:54:12'),
  (10856,'x.xie','192.168.0.189','2012-05-09 11:01:43'),
  (10857,'xiexin','192.168.0.192','2012-05-09 10:54:51'),
  (10858,'xiexin','192.168.0.192','2012-05-09 10:54:51'),
  (10859,'xiexin','192.168.0.192','2012-05-09 10:56:07'),
  (10860,'hmx','192.168.0.191','2012-05-09 11:07:39'),
  (10861,'hmx','192.168.0.191','2012-05-09 11:08:47'),
  (10862,'humanxing','192.168.0.191','2012-05-09 11:09:05'),
  (10863,'x.xie','192.168.0.189','2012-05-09 11:20:23'),
  (10864,'xiexin','192.168.0.192','2012-05-09 11:19:26'),
  (10865,'hmx','192.168.0.196','2012-05-09 11:33:32'),
  (10866,'sqj','192.168.0.196','2012-05-09 11:35:02'),
  (10867,'sqj','192.168.0.196','2012-05-09 11:38:44'),
  (10868,'sqj','192.168.0.189','2012-05-09 13:11:46'),
  (10869,'sqj','192.168.0.196','2012-05-09 13:38:51'),
  (10870,'humanxing','192.168.0.192','2012-05-09 13:36:25'),
  (10871,'humanxing','192.168.0.192','2012-05-09 13:36:25'),
  (10872,'xiexin','192.168.0.192','2012-05-09 13:36:41'),
  (10873,'xiexin','192.168.0.192','2012-05-09 13:36:41'),
  (10874,'hmx','192.168.0.196','2012-05-09 13:45:08'),
  (10875,'hmx','192.168.0.191','2012-05-09 13:40:46'),
  (10876,'sqj','192.168.0.196','2012-05-09 13:47:30'),
  (10877,'sqj','192.168.0.189','2012-05-09 13:52:25'),
  (10878,'admin','192.168.0.193','2012-05-09 13:58:26'),
  (10879,'admin','192.168.0.193','2012-05-09 14:09:02'),
  (10880,'admin','192.168.0.193','2012-05-09 14:10:36'),
  (10881,'admin','192.168.0.193','2012-05-09 14:11:48'),
  (10882,'admin','192.168.0.193','2012-05-09 14:12:48'),
  (10883,'admin','192.168.0.193','2012-05-09 14:13:57'),
  (10884,'admin','192.168.0.193','2012-05-09 14:14:46'),
  (10885,'admin','192.168.0.193','2012-05-09 14:15:01'),
  (10886,'admin','192.168.0.193','2012-05-09 14:15:30'),
  (10887,'admin','192.168.0.193','2012-05-09 14:16:15'),
  (10888,'admin','192.168.0.193','2012-05-09 14:16:58'),
  (10889,'admin','192.168.0.193','2012-05-09 14:18:21'),
  (10890,'songqj','192.168.0.189','2012-05-09 14:18:29'),
  (10891,'admin','192.168.0.193','2012-05-09 14:19:21'),
  (10892,'songqj','192.168.0.189','2012-05-09 14:20:10'),
  (10893,'admin','192.168.0.193','2012-05-09 14:20:14'),
  (10894,'admin','192.168.0.193','2012-05-09 14:20:29'),
  (10895,'admin','192.168.0.193','2012-05-09 14:20:41'),
  (10896,'admin','192.168.0.193','2012-05-09 14:20:59'),
  (10897,'songqj','192.168.0.192','2012-05-09 14:14:08'),
  (10898,'songqj','192.168.0.192','2012-05-09 14:14:08'),
  (10899,'admin','192.168.0.193','2012-05-09 14:21:59'),
  (10900,'admin','192.168.0.193','2012-05-09 14:22:12'),
  (10901,'admin','192.168.0.193','2012-05-09 14:24:39'),
  (10902,'xiexin','192.168.0.192','2012-05-09 14:17:22'),
  (10903,'xiexin','192.168.0.192','2012-05-09 14:17:22'),
  (10904,'admin','192.168.0.193','2012-05-09 14:25:17'),
  (10905,'admin','192.168.0.193','2012-05-09 14:25:37'),
  (10906,'admin','192.168.0.193','2012-05-09 14:25:55'),
  (10907,'admin','192.168.0.193','2012-05-09 14:26:40'),
  (10908,'admin','192.168.0.193','2012-05-09 14:27:26'),
  (10909,'admin','192.168.0.193','2012-05-09 14:27:44'),
  (10910,'admin','192.168.0.193','2012-05-09 14:28:01'),
  (10911,'xiexin','192.168.0.192','2012-05-09 14:20:48'),
  (10912,'xiexin','192.168.0.192','2012-05-09 14:20:48'),
  (10913,'humanxing','192.168.0.191','2012-05-09 14:22:51'),
  (10914,'admin','192.168.0.193','2012-05-09 14:28:38'),
  (10915,'admin','192.168.0.193','2012-05-09 14:28:52'),
  (10916,'admin','192.168.0.193','2012-05-09 14:29:01'),
  (10917,'admin','192.168.0.193','2012-05-09 14:29:12'),
  (10918,'admin','192.168.0.193','2012-05-09 14:29:20'),
  (10919,'admin','192.168.0.193','2012-05-09 14:29:29'),
  (10920,'admin','192.168.0.193','2012-05-09 14:30:15'),
  (10921,'admin','192.168.0.193','2012-05-09 14:31:05'),
  (10922,'admin','192.168.0.192','2012-05-09 14:28:03'),
  (10923,'admin','192.168.0.192','2012-05-09 14:28:03'),
  (10924,'sqj','192.168.0.196','2012-05-09 14:37:11'),
  (10925,'songqj','192.168.0.189','2012-05-09 14:39:00'),
  (10926,'xiexin','192.168.0.192','2012-05-09 14:32:27'),
  (10927,'hmx','192.168.0.196','2012-05-09 14:41:05'),
  (10928,'jmzd','192.168.0.191','2012-05-09 14:37:14'),
  (10929,'admin','192.168.0.193','2012-05-09 14:44:52'),
  (10930,'admin','192.168.0.193','2012-05-09 14:45:25'),
  (10931,'admin','192.168.0.193','2012-05-09 14:46:29'),
  (10932,'admin','192.168.0.193','2012-05-09 14:46:44'),
  (10933,'admin','192.168.0.193','2012-05-09 14:47:20'),
  (10934,'admin','192.168.0.193','2012-05-09 14:47:58'),
  (10935,'admin','192.168.0.193','2012-05-09 14:50:19'),
  (10936,'admin','192.168.0.193','2012-05-09 14:50:41'),
  (10937,'sqj','192.168.0.192','2012-05-09 14:43:49'),
  (10938,'sqj','192.168.0.192','2012-05-09 14:43:49'),
  (10939,'admin','192.168.0.193','2012-05-09 14:51:21'),
  (10940,'x.xie','192.168.0.189','2012-05-09 14:51:44'),
  (10941,'admin','192.168.0.193','2012-05-09 14:52:10'),
  (10942,'admin','192.168.0.189','2012-05-09 14:52:59'),
  (10943,'admin','192.168.0.189','2012-05-09 14:53:04'),
  (10944,'jmzd','192.168.0.189','2012-05-09 14:54:07'),
  (10945,'admin','192.168.0.193','2012-05-09 14:54:51'),
  (10946,'admin','192.168.0.189','2012-05-09 14:55:16'),
  (10947,'admin','192.168.0.189','2012-05-09 14:55:19'),
  (10948,'admin','192.168.0.193','2012-05-09 14:55:25'),
  (10949,'jmzd','192.168.0.191','2012-05-09 14:51:41'),
  (10950,'admin','192.168.0.193','2012-05-09 14:57:10'),
  (10951,'admin','192.168.0.189','2012-05-09 14:57:25'),
  (10952,'admin','192.168.0.193','2012-05-09 14:57:27'),
  (10953,'admin','192.168.0.193','2012-05-09 14:57:51'),
  (10954,'admin','192.168.0.193','2012-05-09 14:58:05'),
  (10955,'admin','192.168.0.193','2012-05-09 14:58:47'),
  (10956,'sqj','192.168.0.196','2012-05-09 15:02:13'),
  (10957,'hmx','192.168.0.196','2012-05-09 15:03:14'),
  (10958,'sqj','192.168.0.196','2012-05-09 15:03:59'),
  (10959,'hmx','192.168.0.196','2012-05-09 15:04:30'),
  (10960,'jmzd','192.168.0.196','2012-05-09 15:10:50'),
  (10961,'admin','192.168.0.193','2012-05-09 15:11:18'),
  (10962,'admin','192.168.0.193','2012-05-09 15:11:46'),
  (10963,'admin','192.168.0.193','2012-05-09 15:12:28'),
  (10964,'hmx','192.168.0.196','2012-05-09 15:12:25'),
  (10965,'jmzd','192.168.0.191','2012-05-09 15:07:26'),
  (10966,'admin','192.168.0.193','2012-05-09 15:12:52'),
  (10967,'admin','192.168.0.193','2012-05-09 15:13:51'),
  (10968,'admin','192.168.0.193','2012-05-09 15:14:12'),
  (10969,'admin','192.168.0.193','2012-05-09 15:14:17'),
  (10970,'admin','192.168.0.193','2012-05-09 15:14:27'),
  (10971,'admin','192.168.0.193','2012-05-09 15:14:43'),
  (10972,'admin','192.168.0.193','2012-05-09 15:14:52'),
  (10973,'admin','192.168.0.193','2012-05-09 15:17:04'),
  (10974,'jmzd','192.168.0.191','2012-05-09 15:11:46'),
  (10975,'hmx','192.168.0.196','2012-05-09 15:17:44'),
  (10976,'humanxing','192.168.0.196','2012-05-09 15:17:55'),
  (10977,'admin','192.168.0.193','2012-05-09 15:22:48'),
  (10978,'admin','192.168.0.193','2012-05-09 15:24:21'),
  (10979,'admin','192.168.0.193','2012-05-09 15:24:49'),
  (10980,'admin','192.168.0.193','2012-05-09 15:26:42'),
  (10981,'admin','192.168.0.193','2012-05-09 15:27:04'),
  (10982,'admin','192.168.0.193','2012-05-09 15:27:31'),
  (10983,'admin','192.168.0.193','2012-05-09 15:31:07'),
  (10984,'admin','192.168.0.193','2012-05-09 15:31:42'),
  (10985,'admin','192.168.0.193','2012-05-09 15:32:11'),
  (10986,'jmzd','192.168.0.191','2012-05-09 15:26:59'),
  (10987,'admin','192.168.0.193','2012-05-09 15:32:56'),
  (10988,'admin','192.168.0.193','2012-05-09 15:33:20'),
  (10989,'admin','192.168.0.193','2012-05-09 15:34:21'),
  (10990,'admin','192.168.0.193','2012-05-09 15:34:33'),
  (10991,'admin','192.168.0.193','2012-05-09 15:35:26'),
  (10992,'admin','192.168.0.193','2012-05-09 15:36:33'),
  (10993,'admin','192.168.0.193','2012-05-09 15:36:47'),
  (10994,'admin','192.168.0.193','2012-05-09 15:37:31'),
  (10995,'admin','192.168.0.192','2012-05-09 15:31:03'),
  (10996,'admin','192.168.0.192','2012-05-09 15:31:03'),
  (10997,'admin','192.168.0.193','2012-05-09 15:38:26'),
  (10998,'admin','192.168.0.193','2012-05-09 15:39:07'),
  (10999,'admin','192.168.0.193','2012-05-09 15:39:18'),
  (11000,'admin','192.168.0.193','2012-05-09 15:39:46'),
  (11001,'admin','192.168.0.193','2012-05-09 15:40:24'),
  (11002,'admin','192.168.0.193','2012-05-09 15:40:43'),
  (11003,'hmx','192.168.0.196','2012-05-09 15:40:29'),
  (11004,'jmzd','192.168.0.189','2012-05-09 15:42:59'),
  (11005,'admin','192.168.0.193','2012-05-09 15:44:29'),
  (11006,'admin','192.168.0.193','2012-05-09 15:44:53'),
  (11007,'sqj','192.168.0.192','2012-05-09 15:38:12'),
  (11008,'sqj','192.168.0.192','2012-05-09 15:38:12'),
  (11009,'admin','192.168.0.193','2012-05-09 15:45:34'),
  (11010,'jmzd','192.168.0.189','2012-05-09 15:45:33'),
  (11011,'admin','192.168.0.193','2012-05-09 15:45:50'),
  (11012,'admin','192.168.0.193','2012-05-09 15:46:12'),
  (11013,'sqj','192.168.0.192','2012-05-09 15:38:56'),
  (11014,'admin','192.168.0.193','2012-05-09 15:46:19'),
  (11015,'sqj','192.168.0.192','2012-05-09 15:39:05'),
  (11016,'admin','192.168.0.193','2012-05-09 15:46:55'),
  (11017,'admin','192.168.0.193','2012-05-09 15:47:15'),
  (11018,'sqj','192.168.0.192','2012-05-09 15:39:58'),
  (11019,'admin','192.168.0.193','2012-05-09 15:47:31'),
  (11020,'admin','192.168.0.193','2012-05-09 15:47:39'),
  (11021,'admin','192.168.0.193','2012-05-09 15:47:48'),
  (11022,'sqj','192.168.0.192','2012-05-09 15:40:29'),
  (11023,'sqj','192.168.0.192','2012-05-09 15:40:29'),
  (11024,'admin','192.168.0.193','2012-05-09 15:48:01'),
  (11025,'admin','192.168.0.189','2012-05-09 15:47:59'),
  (11026,'humanxing','192.168.0.196','2012-05-09 15:47:50'),
  (11027,'admin','192.168.0.193','2012-05-09 15:49:08'),
  (11028,'admin','192.168.0.189','2012-05-09 15:49:16'),
  (11029,'admin','192.168.0.193','2012-05-09 15:49:25'),
  (11030,'admin','192.168.0.193','2012-05-09 15:49:34'),
  (11031,'admin','192.168.0.193','2012-05-09 15:49:44'),
  (11032,'sqj','192.168.0.192','2012-05-09 15:42:29'),
  (11033,'admin','192.168.0.193','2012-05-09 15:50:05'),
  (11034,'sqj','192.168.0.192','2012-05-09 15:42:55'),
  (11035,'sqj','192.168.0.192','2012-05-09 15:42:55'),
  (11036,'admin','192.168.0.193','2012-05-09 15:51:26'),
  (11037,'admin','192.168.0.193','2012-05-09 15:52:31'),
  (11038,'admin','192.168.0.193','2012-05-09 15:52:53'),
  (11039,'admin','192.168.0.193','2012-05-09 15:53:05'),
  (11040,'admin','192.168.0.193','2012-05-09 15:53:26'),
  (11041,'admin','192.168.0.193','2012-05-09 15:53:37'),
  (11042,'admin','192.168.0.193','2012-05-09 15:53:44'),
  (11043,'sqj','192.168.0.192','2012-05-09 15:46:40'),
  (11044,'admin','192.168.0.193','2012-05-09 15:54:37'),
  (11045,'admin','192.168.0.193','2012-05-09 15:54:53'),
  (11046,'admin','192.168.0.193','2012-05-09 15:55:21'),
  (11047,'admin','192.168.0.193','2012-05-09 15:55:38'),
  (11048,'admin','192.168.0.193','2012-05-09 15:55:43'),
  (11049,'admin','192.168.0.193','2012-05-09 15:55:53'),
  (11050,'admin','192.168.0.193','2012-05-09 15:56:01'),
  (11051,'admin','192.168.0.193','2012-05-09 15:56:10'),
  (11052,'admin','192.168.0.193','2012-05-09 15:56:19'),
  (11053,'admin','192.168.0.193','2012-05-09 15:56:26'),
  (11054,'admin','192.168.0.193','2012-05-09 15:56:43'),
  (11055,'admin','192.168.0.193','2012-05-09 15:57:08'),
  (11056,'admin','192.168.0.193','2012-05-09 15:57:20'),
  (11057,'admin','192.168.0.193','2012-05-09 15:57:30'),
  (11058,'sqj','192.168.0.192','2012-05-09 15:50:17'),
  (11059,'sqj','192.168.0.192','2012-05-09 15:50:17'),
  (11060,'admin','192.168.0.193','2012-05-09 15:57:43'),
  (11061,'admin','192.168.0.193','2012-05-09 15:58:25'),
  (11062,'admin','192.168.0.193','2012-05-09 15:58:32'),
  (11063,'admin','192.168.0.193','2012-05-09 15:58:47'),
  (11064,'admin','192.168.0.193','2012-05-09 15:59:04'),
  (11065,'sqj','192.168.0.192','2012-05-09 15:52:38'),
  (11066,'admin','192.168.0.193','2012-05-09 16:00:27'),
  (11067,'sqj','192.168.0.192','2012-05-09 15:53:08'),
  (11068,'sqj','192.168.0.192','2012-05-09 15:53:08'),
  (11069,'sqj','192.168.0.192','2012-05-09 15:54:29'),
  (11070,'admin','192.168.0.193','2012-05-09 16:02:11'),
  (11071,'sqj','192.168.0.192','2012-05-09 15:54:58'),
  (11072,'sqj','192.168.0.192','2012-05-09 15:54:58'),
  (11073,'admin','192.168.0.193','2012-05-09 16:02:33'),
  (11074,'admin','192.168.0.193','2012-05-09 16:02:37'),
  (11075,'sqj','192.168.0.192','2012-05-09 15:55:18'),
  (11076,'sqj','192.168.0.192','2012-05-09 15:55:18'),
  (11077,'admin','192.168.0.193','2012-05-09 16:03:52'),
  (11078,'sqj','192.168.0.192','2012-05-09 15:57:18'),
  (11079,'sqj','192.168.0.192','2012-05-09 15:57:18'),
  (11080,'admin','192.168.0.193','2012-05-09 16:04:59'),
  (11081,'sqj','192.168.0.192','2012-05-09 15:58:43'),
  (11082,'sqj','192.168.0.192','2012-05-09 15:58:44'),
  (11083,'admin','192.168.0.193','2012-05-09 16:06:10'),
  (11084,'admin','192.168.0.193','2012-05-09 16:06:31'),
  (11085,'admin','192.168.0.193','2012-05-09 16:07:27'),
  (11086,'sqj','192.168.0.192','2012-05-09 16:00:45'),
  (11087,'admin','192.168.0.193','2012-05-09 16:08:33'),
  (11088,'sqj','192.168.0.192','2012-05-09 16:01:14'),
  (11089,'sqj','192.168.0.192','2012-05-09 16:01:14'),
  (11090,'admin','192.168.0.193','2012-05-09 16:09:03'),
  (11091,'admin','192.168.0.193','2012-05-09 16:10:03'),
  (11092,'admin','192.168.0.193','2012-05-09 16:11:00'),
  (11093,'admin','192.168.0.193','2012-05-09 16:11:13'),
  (11094,'admin','192.168.0.193','2012-05-09 16:11:48'),
  (11095,'admin','192.168.0.193','2012-05-09 16:11:50'),
  (11096,'admin','192.168.0.193','2012-05-09 16:12:06'),
  (11097,'sqj','192.168.0.192','2012-05-09 16:05:02'),
  (11098,'admin','192.168.0.193','2012-05-09 16:12:41'),
  (11099,'admin','192.168.0.193','2012-05-09 16:13:07'),
  (11100,'admin','192.168.0.193','2012-05-09 16:13:09'),
  (11101,'admin','192.168.0.193','2012-05-09 16:13:21'),
  (11102,'admin','192.168.0.193','2012-05-09 16:13:34'),
  (11103,'sqj','192.168.0.192','2012-05-09 16:06:28'),
  (11104,'sqj','192.168.0.192','2012-05-09 16:06:50'),
  (11105,'sqj','192.168.0.192','2012-05-09 16:06:50'),
  (11106,'admin','192.168.0.193','2012-05-09 16:14:28'),
  (11107,'x.xie','192.168.0.191','2012-05-09 16:10:38'),
  (11108,'admin','192.168.0.193','2012-05-09 16:16:56'),
  (11109,'hmx','192.168.0.196','2012-05-09 16:16:44'),
  (11110,'admin','192.168.0.193','2012-05-09 16:17:19'),
  (11111,'admin','192.168.0.193','2012-05-09 16:17:50'),
  (11112,'admin','192.168.0.193','2012-05-09 16:18:16'),
  (11113,'admin','192.168.0.193','2012-05-09 16:18:26'),
  (11114,'admin','192.168.0.193','2012-05-09 16:18:34'),
  (11115,'sqj','192.168.0.192','2012-05-09 16:11:18'),
  (11116,'sqj','192.168.0.192','2012-05-09 16:11:18'),
  (11117,'admin','192.168.0.192','2012-05-09 16:13:39'),
  (11118,'admin','192.168.0.192','2012-05-09 16:13:39'),
  (11119,'admin','192.168.0.192','2012-05-09 16:17:09'),
  (11120,'sqj','192.168.0.192','2012-05-09 16:17:24'),
  (11121,'sqj','192.168.0.192','2012-05-09 16:17:24'),
  (11122,'hmx','192.168.0.196','2012-05-09 16:25:23'),
  (11123,'admin','192.168.0.193','2012-05-09 16:26:26'),
  (11124,'admin','192.168.0.193','2012-05-09 16:27:02'),
  (11125,'admin','192.168.0.193','2012-05-09 16:27:10'),
  (11126,'admin','192.168.0.193','2012-05-09 16:28:13'),
  (11127,'admin','192.168.0.193','2012-05-09 16:29:23'),
  (11128,'admin','192.168.0.193','2012-05-09 16:29:27'),
  (11129,'admin','192.168.0.193','2012-05-09 16:32:51'),
  (11130,'admin','192.168.0.193','2012-05-09 16:33:41'),
  (11131,'admin','192.168.0.193','2012-05-09 16:33:50'),
  (11132,'admin','192.168.0.193','2012-05-09 16:34:01'),
  (11133,'admin','192.168.0.193','2012-05-09 16:34:30'),
  (11134,'admin','192.168.0.193','2012-05-09 16:35:03'),
  (11135,'humanxing','192.168.0.196','2012-05-09 16:35:39'),
  (11136,'admin','192.168.0.193','2012-05-09 16:36:31'),
  (11137,'admin','192.168.0.193','2012-05-09 16:37:14'),
  (11138,'admin','192.168.0.193','2012-05-09 16:37:30'),
  (11139,'admin','192.168.0.193','2012-05-09 16:37:32'),
  (11140,'jmzd','192.168.0.191','2012-05-09 16:34:09'),
  (11141,'sqj','192.168.0.192','2012-05-09 16:33:40'),
  (11142,'sqj','192.168.0.192','2012-05-09 16:33:40'),
  (11143,'admin','192.168.0.193','2012-05-09 16:41:40'),
  (11144,'admin','192.168.0.193','2012-05-09 16:42:37'),
  (11145,'admin','192.168.0.193','2012-05-09 16:42:52'),
  (11146,'admin','192.168.0.193','2012-05-09 16:43:20'),
  (11147,'admin','192.168.0.193','2012-05-09 16:43:51'),
  (11148,'x.xie','192.168.0.191','2012-05-09 16:38:38'),
  (11149,'admin','192.168.0.193','2012-05-09 16:44:16'),
  (11150,'jmzd','192.168.0.191','2012-05-09 16:39:10'),
  (11151,'hmx','192.168.0.196','2012-05-09 16:44:35'),
  (11152,'admin','192.168.0.193','2012-05-09 16:45:04'),
  (11153,'jmzd','192.168.0.191','2012-05-09 16:40:49'),
  (11154,'admin','192.168.0.193','2012-05-09 16:46:42'),
  (11155,'admin','192.168.0.193','2012-05-09 16:47:41'),
  (11156,'admin','192.168.0.193','2012-05-09 16:48:19'),
  (11157,'admin','192.168.0.193','2012-05-09 16:48:56'),
  (11158,'admin','192.168.0.193','2012-05-09 16:49:34'),
  (11159,'admin','192.168.0.193','2012-05-09 16:49:59'),
  (11160,'admin','192.168.0.193','2012-05-09 16:50:13'),
  (11161,'admin','192.168.0.193','2012-05-09 16:51:01'),
  (11162,'humanxing','192.168.0.196','2012-05-09 16:53:27'),
  (11163,'humanxing','192.168.0.196','2012-05-09 16:54:59'),
  (11164,'sqj','192.168.0.192','2012-05-09 16:50:59'),
  (11165,'sqj','192.168.0.192','2012-05-09 16:51:14'),
  (11166,'sqj','192.168.0.192','2012-05-09 16:51:14'),
  (11167,'sqj','192.168.0.192','2012-05-09 16:51:17'),
  (11168,'sqj','192.168.0.192','2012-05-09 16:55:05'),
  (11169,'sqj','192.168.0.192','2012-05-09 16:58:03'),
  (11170,'admin','192.168.0.189','2012-05-09 17:05:27'),
  (11171,'admin','192.168.0.189','2012-05-09 17:06:10'),
  (11172,'admin','192.168.0.193','2012-05-09 17:09:32'),
  (11173,'sqj','192.168.0.192','2012-05-09 17:03:15'),
  (11174,'sqj','192.168.0.192','2012-05-09 17:06:12'),
  (11175,'hmx','192.168.0.192','2012-05-09 17:06:37'),
  (11176,'hmx','192.168.0.192','2012-05-09 17:06:37'),
  (11177,'admin','192.168.0.193','2012-05-09 17:14:20'),
  (11178,'sqj','192.168.0.192','2012-05-09 17:07:00'),
  (11179,'sqj','192.168.0.192','2012-05-09 17:07:00'),
  (11180,'admin','192.168.0.193','2012-05-09 17:18:45'),
  (11181,'admin','192.168.0.193','2012-05-09 17:19:07'),
  (11182,'admin','192.168.0.193','2012-05-09 17:20:45'),
  (11183,'admin','192.168.0.193','2012-05-09 17:21:05'),
  (11184,'humanxing','192.168.0.196','2012-05-09 17:28:25'),
  (11185,'admin','192.168.0.193','2012-05-09 17:29:07'),
  (11186,'admin','192.168.0.193','2012-05-09 17:29:18'),
  (11187,'sqj','192.168.0.192','2012-05-09 17:27:38'),
  (11188,'sqj','192.168.0.192','2012-05-09 17:27:38'),
  (11189,'sqj','192.168.0.192','2012-05-09 17:29:47'),
  (11190,'admin','192.168.0.193','2012-05-09 17:38:54'),
  (11191,'humanxing','192.168.0.192','2012-05-09 17:32:35'),
  (11192,'humanxing','192.168.0.192','2012-05-09 17:32:35'),
  (11193,'humanxing','192.168.0.192','2012-05-09 17:33:04'),
  (11194,'admin','192.168.0.193','2012-05-09 17:40:53'),
  (11195,'jmzd','192.168.0.191','2012-05-09 17:41:27'),
  (11196,'sqj','192.168.0.192','2012-05-09 17:39:31'),
  (11197,'sqj','192.168.0.192','2012-05-09 17:39:31'),
  (11198,'sqj','192.168.0.192','2012-05-09 17:39:49'),
  (11199,'jmzd','192.168.0.191','2012-05-09 17:46:05'),
  (11200,'admin','192.168.0.193','2012-05-09 17:53:54'),
  (11201,'admin','192.168.0.193','2012-05-09 17:53:57'),
  (11202,'x.xie','192.168.0.191','2012-05-09 17:48:32'),
  (11203,'hmx','192.168.0.193','2012-05-09 17:55:22'),
  (11204,'hmx','192.168.0.193','2012-05-09 17:58:19'),
  (11205,'admin','192.168.0.193','2012-05-09 17:58:42'),
  (11206,'admin','192.168.0.196','2012-05-09 18:02:58'),
  (11207,'humanxing','192.168.0.192','2012-05-09 17:57:15'),
  (11208,'humanxing','192.168.0.192','2012-05-09 17:57:15'),
  (11209,'xiexin','192.168.0.191','2012-05-09 18:01:09'),
  (11210,'admin','192.168.0.193','2012-05-09 18:13:03'),
  (11211,'xiexin','192.168.0.191','2012-05-09 18:07:44'),
  (11212,'admin','192.168.0.193','2012-05-09 18:22:47'),
  (11213,'hmx','192.168.0.191','2012-05-09 18:17:19'),
  (11214,'admin','192.168.0.193','2012-05-09 18:26:22'),
  (11215,'xiexin','192.168.0.191','2012-05-09 18:22:18'),
  (11216,'admin','192.168.0.193','2012-05-09 18:41:53'),
  (11217,'xiexin','192.168.0.191','2012-05-09 18:36:32'),
  (11218,'xiexin','192.168.0.191','2012-05-09 18:38:37'),
  (11219,'hmx','192.168.0.191','2012-05-09 18:46:58'),
  (11220,'admin','192.168.0.189','2012-05-10 08:52:53'),
  (11221,'admin','192.168.0.189','2012-05-10 08:53:37'),
  (11222,'humanxing','192.168.0.189','2012-05-10 08:56:39'),
  (11223,'admin','192.168.0.193','2012-05-10 09:11:17'),
  (11224,'admin','192.168.0.193','2012-05-10 09:11:17'),
  (11225,'admin','192.168.0.193','2012-05-10 09:13:01'),
  (11226,'sqj','192.168.0.192','2012-05-10 09:11:05'),
  (11227,'sqj','192.168.0.192','2012-05-10 09:11:05'),
  (11228,'xiexin','192.168.0.191','2012-05-10 09:13:57'),
  (11229,'admin','192.168.0.193','2012-05-10 09:21:15'),
  (11230,'sqj','192.168.0.192','2012-05-10 09:17:35'),
  (11231,'admin','192.168.0.196','2012-05-10 09:28:51'),
  (11232,'admin','192.168.0.196','2012-05-10 09:29:02'),
  (11233,'xiexin','192.168.0.191','2012-05-10 09:24:13'),
  (11234,'xiexin','192.168.0.191','2012-05-10 09:24:40'),
  (11235,'jmzd','192.168.0.191','2012-05-10 09:32:35'),
  (11236,'humanxing','192.168.0.189','2012-05-10 09:42:17'),
  (11237,'sqj','192.168.0.192','2012-05-10 09:39:22'),
  (11238,'hmx','192.168.0.189','2012-05-10 09:48:15'),
  (11239,'admin','192.168.0.189','2012-05-10 09:48:53'),
  (11240,'admin','192.168.0.189','2012-05-10 09:49:04'),
  (11241,'admin','192.168.0.189','2012-05-10 09:49:18'),
  (11242,'admin','192.168.0.189','2012-05-10 09:50:39'),
  (11243,'admin','192.168.0.189','2012-05-10 09:52:15'),
  (11244,'admin','192.168.0.189','2012-05-10 09:52:21'),
  (11245,'admin','192.168.0.189','2012-05-10 09:52:30'),
  (11246,'sqj','192.168.0.192','2012-05-10 09:46:16'),
  (11247,'admin','192.168.0.189','2012-05-10 09:53:35'),
  (11248,'admin','192.168.0.189','2012-05-10 09:53:42'),
  (11249,'sqj','192.168.0.192','2012-05-10 09:46:47'),
  (11250,'sqj','192.168.0.192','2012-05-10 09:47:04'),
  (11251,'sqj','192.168.0.192','2012-05-10 09:47:04'),
  (11252,'admin','192.168.0.189','2012-05-10 09:54:40'),
  (11253,'admin','192.168.0.189','2012-05-10 09:54:43'),
  (11254,'sqj','192.168.0.192','2012-05-10 09:48:09'),
  (11255,'sqj','192.168.0.192','2012-05-10 09:49:53'),
  (11256,'sqj','192.168.0.192','2012-05-10 09:50:21'),
  (11257,'sqj','192.168.0.192','2012-05-10 09:51:23'),
  (11258,'sqj','192.168.0.192','2012-05-10 09:51:23'),
  (11259,'sqj','192.168.0.192','2012-05-10 09:56:54'),
  (11260,'sqj','192.168.0.192','2012-05-10 09:56:54'),
  (11261,'hmx','192.168.0.192','2012-05-10 10:00:07'),
  (11262,'hmx','192.168.0.192','2012-05-10 10:00:07'),
  (11263,'sqj','192.168.0.192','2012-05-10 10:01:00'),
  (11264,'sqj','192.168.0.192','2012-05-10 10:01:00'),
  (11265,'jmzd','192.168.0.191','2012-05-10 10:04:27'),
  (11266,'jmzd','192.168.0.191','2012-05-10 10:07:34'),
  (11267,'jmzd','192.168.0.191','2012-05-10 10:11:13'),
  (11268,'humanxing','192.168.0.189','2012-05-10 10:18:44'),
  (11269,'humanxing','192.168.0.189','2012-05-10 10:20:13'),
  (11270,'jmzd','192.168.0.191','2012-05-10 10:23:11'),
  (11271,'humanxing','192.168.0.196','2012-05-10 10:28:15'),
  (11272,'admin','192.168.0.196','2012-05-10 10:28:46'),
  (11273,'admin','192.168.0.196','2012-05-10 10:28:49'),
  (11274,'humanxing','192.168.0.189','2012-05-10 10:29:42'),
  (11275,'humanxing','192.168.0.196','2012-05-10 10:29:40'),
  (11276,'xiexin','192.168.0.189','2012-05-10 10:30:31'),
  (11277,'admin','192.168.0.192','2012-05-10 10:23:39'),
  (11278,'admin','192.168.0.192','2012-05-10 10:23:39'),
  (11279,'hmx','192.168.0.196','2012-05-10 10:30:34'),
  (11280,'x.xie','192.168.0.191','2012-05-10 10:26:01'),
  (11281,'x.xie','192.168.0.189','2012-05-10 10:31:43'),
  (11282,'x.xie','192.168.0.189','2012-05-10 10:32:41'),
  (11283,'jmzd','192.168.0.189','2012-05-10 10:33:11'),
  (11284,'jmzd','192.168.0.189','2012-05-10 10:33:19'),
  (11285,'jmzd','192.168.0.189','2012-05-10 10:33:57'),
  (11286,'admin','192.168.0.192','2012-05-10 10:28:34'),
  (11287,'songqj','192.168.0.189','2012-05-10 10:35:57'),
  (11288,'sqj','192.168.0.192','2012-05-10 10:28:58'),
  (11289,'sqj','192.168.0.192','2012-05-10 10:28:58'),
  (11290,'jmzd','192.168.0.191','2012-05-10 10:39:52'),
  (11291,'songqj','192.168.0.189','2012-05-10 10:51:01'),
  (11292,'jmzd','192.168.0.191','2012-05-10 10:48:33'),
  (11293,'x.xie','192.168.0.191','2012-05-10 10:50:01'),
  (11294,'songqingjun','192.168.0.189','2012-05-10 11:00:43'),
  (11295,'songqingjun','192.168.0.192','2012-05-10 10:59:11'),
  (11296,'songqingjun','192.168.0.192','2012-05-10 10:59:10');

COMMIT;

#
# Data for the `sa_logs` table  (LIMIT 500,500)
#

INSERT INTO `sa_logs` (`id`, `username`, `ip`, `logtime`) VALUES 
  (11297,'songqingjun','192.168.0.189','2012-05-10 11:07:26'),
  (11298,'xiexin','192.168.0.189','2012-05-10 11:08:20'),
  (11299,'songqingjun','192.168.0.192','2012-05-10 11:01:55'),
  (11300,'songqingjun','192.168.0.189','2012-05-10 11:09:27'),
  (11301,'jmzd','192.168.0.191','2012-05-10 11:04:09'),
  (11302,'sqj','192.168.0.189','2012-05-10 11:10:22'),
  (11303,'x.xie','192.168.0.191','2012-05-10 11:05:20'),
  (11304,'songqingjun','192.168.0.192','2012-05-10 11:03:39'),
  (11305,'songqingjun','192.168.0.192','2012-05-10 11:03:39'),
  (11306,'sqj','192.168.0.189','2012-05-10 11:11:06'),
  (11307,'jmzd','192.168.0.191','2012-05-10 11:08:10'),
  (11308,'humanxing','192.168.0.189','2012-05-10 11:16:57'),
  (11309,'humanxing','192.168.0.196','2012-05-10 11:18:11'),
  (11310,'jmzd','192.168.0.191','2012-05-10 11:13:11'),
  (11311,'hmx','192.168.0.189','2012-05-10 11:18:30'),
  (11312,'x.xie','192.168.0.191','2012-05-10 11:17:44'),
  (11313,'jmzd','192.168.0.191','2012-05-10 11:41:14'),
  (11314,'jmzd','192.168.0.191','2012-05-10 11:41:14'),
  (11315,'x.xie','192.168.0.191','2012-05-10 11:42:19'),
  (11316,'hmx','192.168.0.191','2012-05-10 11:44:25'),
  (11317,'jmzd','192.168.0.191','2012-05-10 11:44:58'),
  (11318,'jmzd','192.168.0.191','2012-05-10 11:55:13'),
  (11319,'jmzd','192.168.0.191','2012-05-10 11:58:06'),
  (11320,'jmzd','192.168.0.191','2012-05-10 11:59:55'),
  (11321,'jmzd','192.168.0.191','2012-05-10 12:03:15'),
  (11322,'x.xie','192.168.0.191','2012-05-10 12:04:12'),
  (11323,'hmx','192.168.0.191','2012-05-10 12:05:16'),
  (11324,'jmzd','192.168.0.191','2012-05-10 12:05:40'),
  (11325,'xiexin','192.168.0.191','2012-05-10 12:08:38'),
  (11326,'xiexin','192.168.0.191','2012-05-10 12:09:50'),
  (11327,'hmx','192.168.0.191','2012-05-10 12:11:43'),
  (11328,'admin','192.168.0.193','2012-05-10 12:37:00'),
  (11329,'admin','192.168.0.196','2012-05-10 12:38:15'),
  (11330,'admin','192.168.0.196','2012-05-10 12:38:21'),
  (11331,'admin','192.168.0.196','2012-05-10 12:40:56'),
  (11332,'admin','192.168.0.196','2012-05-10 12:42:54'),
  (11333,'admin','192.168.0.196','2012-05-10 12:44:06'),
  (11334,'x.xie','192.168.0.191','2012-05-10 12:40:00'),
  (11335,'admin','192.168.0.196','2012-05-10 12:45:09'),
  (11336,'admin','192.168.0.196','2012-05-10 12:45:12'),
  (11337,'jmzd','192.168.0.191','2012-05-10 12:41:11'),
  (11338,'jmzd','192.168.0.196','2012-05-10 12:46:49'),
  (11339,'xiexin','192.168.0.196','2012-05-10 12:47:08'),
  (11340,'sqj','192.168.0.196','2012-05-10 12:47:28'),
  (11341,'xiexin','192.168.0.196','2012-05-10 12:47:48'),
  (11342,'xiexin','192.168.0.191','2012-05-10 12:46:35'),
  (11343,'hmx','192.168.0.196','2012-05-10 12:56:54'),
  (11344,'hmx','192.168.0.196','2012-05-10 13:04:50'),
  (11345,'humanxing','192.168.0.196','2012-05-10 13:09:03'),
  (11346,'xiexin','192.168.0.182','2012-05-10 13:42:51'),
  (11347,'admin','192.168.0.192','2012-05-10 13:55:33'),
  (11348,'admin','192.168.0.192','2012-05-10 13:55:33'),
  (11349,'admin','192.168.0.192','2012-05-10 13:55:55'),
  (11350,'admin','192.168.0.192','2012-05-10 13:56:02'),
  (11351,'admin','192.168.0.192','2012-05-10 13:56:05'),
  (11352,'hmx','192.168.0.189','2012-05-10 14:03:36'),
  (11353,'hmx','192.168.0.192','2012-05-10 14:09:53'),
  (11354,'hmx','192.168.0.192','2012-05-10 14:09:53'),
  (11355,'sqj','192.168.0.192','2012-05-10 14:11:33'),
  (11356,'sqj','192.168.0.192','2012-05-10 14:11:33'),
  (11357,'admin','192.168.0.196','2012-05-10 14:20:36'),
  (11358,'sqj','192.168.0.192','2012-05-10 14:18:33'),
  (11359,'sqj','192.168.0.192','2012-05-10 14:18:33'),
  (11360,'admin','192.168.0.191','2012-05-10 14:24:32'),
  (11361,'admin','192.168.0.191','2012-05-10 14:25:46'),
  (11362,'xiexin','192.168.0.191','2012-05-10 14:32:42'),
  (11363,'sqj','192.168.0.192','2012-05-10 14:32:39'),
  (11364,'sqj','192.168.0.192','2012-05-10 14:32:39'),
  (11365,'hmx','192.168.0.192','2012-05-10 14:36:52'),
  (11366,'hmx','192.168.0.192','2012-05-10 14:36:52'),
  (11367,'sqj','192.168.0.192','2012-05-10 14:37:20'),
  (11368,'sqj','192.168.0.192','2012-05-10 14:37:20'),
  (11369,'admin','192.168.0.196','2012-05-10 14:45:32'),
  (11370,'admin','192.168.0.196','2012-05-10 15:00:39'),
  (11371,'admin','192.168.0.196','2012-05-10 15:03:03'),
  (11372,'sqj','192.168.0.192','2012-05-10 15:02:26'),
  (11373,'sqj','192.168.0.192','2012-05-10 15:02:26'),
  (11374,'sqj','192.168.0.192','2012-05-10 15:02:28'),
  (11375,'humanxing','192.168.0.192','2012-05-10 15:03:02'),
  (11376,'humanxing','192.168.0.192','2012-05-10 15:03:02'),
  (11377,'admin','192.168.0.193','2012-05-10 15:13:14'),
  (11378,'admin','192.168.0.196','2012-05-10 15:17:02'),
  (11379,'admin','192.168.0.192','2012-05-10 15:11:10'),
  (11380,'admin','192.168.0.192','2012-05-10 15:11:10'),
  (11381,'admin','192.168.0.193','2012-05-10 15:31:35'),
  (11382,'xiexin','192.168.0.191','2012-05-10 15:35:34'),
  (11383,'xiexin','192.168.0.191','2012-05-10 15:35:36'),
  (11384,'admin','192.168.0.192','2012-05-10 15:34:24'),
  (11385,'sqj','192.168.0.192','2012-05-10 15:36:05'),
  (11386,'sqj','192.168.0.192','2012-05-10 15:36:05'),
  (11387,'hmx','192.168.0.192','2012-05-10 15:36:45'),
  (11388,'hmx','192.168.0.192','2012-05-10 15:36:45'),
  (11389,'admin','192.168.0.196','2012-05-10 15:47:47'),
  (11390,'jmzd','192.168.0.191','2012-05-10 15:46:10'),
  (11391,'sqj','192.168.0.192','2012-05-10 15:47:54'),
  (11392,'sqj','192.168.0.192','2012-05-10 15:47:54'),
  (11393,'xiexin','192.168.0.191','2012-05-10 15:58:23'),
  (11394,'hmx','192.168.0.192','2012-05-10 15:56:47'),
  (11395,'hmx','192.168.0.192','2012-05-10 15:56:47'),
  (11396,'jmzd','192.168.0.191','2012-05-10 16:00:48'),
  (11397,'hmx','192.168.0.192','2012-05-10 16:10:26'),
  (11398,'sqj','192.168.0.192','2012-05-10 16:11:06'),
  (11399,'sqj','192.168.0.192','2012-05-10 16:11:06'),
  (11400,'admin','192.168.0.196','2012-05-10 16:32:59'),
  (11401,'jmzd','192.168.0.191','2012-05-10 16:28:43'),
  (11402,'hmx','192.168.0.191','2012-05-10 16:54:09'),
  (11403,'humanxing','192.168.0.191','2012-05-10 16:54:22'),
  (11404,'admin','192.168.0.193','2012-05-10 16:59:55'),
  (11405,'admin','192.168.0.193','2012-05-10 17:00:31'),
  (11406,'admin','192.168.0.193','2012-05-10 17:01:55'),
  (11407,'xiexin','192.168.0.191','2012-05-10 16:57:17'),
  (11408,'jmzd','192.168.0.191','2012-05-10 16:58:40'),
  (11409,'xiexin','192.168.0.191','2012-05-10 17:21:05'),
  (11410,'humanxing','192.168.0.192','2012-05-10 17:26:50'),
  (11411,'humanxing','192.168.0.192','2012-05-10 17:26:50'),
  (11412,'hmx','192.168.0.192','2012-05-10 17:27:13'),
  (11413,'sqj','192.168.0.192','2012-05-10 17:27:54'),
  (11414,'sqj','192.168.0.192','2012-05-10 17:27:54'),
  (11415,'admin','192.168.0.193','2012-05-10 17:35:48'),
  (11416,'xiexin','192.168.0.191','2012-05-10 17:33:10'),
  (11417,'songqj','192.168.0.192','2012-05-10 17:34:16'),
  (11418,'songqj','192.168.0.192','2012-05-10 17:34:16'),
  (11419,'sqj','192.168.0.192','2012-05-10 17:34:54'),
  (11420,'sqj','192.168.0.192','2012-05-10 17:34:54'),
  (11421,'jmzd','192.168.0.196','2012-05-10 17:42:53'),
  (11422,'admin','192.168.0.193','2012-05-10 17:44:25'),
  (11423,'songqj','192.168.0.192','2012-05-10 17:36:49'),
  (11424,'songqj','192.168.0.192','2012-05-10 17:36:49'),
  (11425,'sqj','192.168.0.192','2012-05-10 17:37:31'),
  (11426,'sqj','192.168.0.192','2012-05-10 17:37:31'),
  (11427,'sqj','192.168.0.192','2012-05-10 17:37:39'),
  (11428,'jmzd','192.168.0.196','2012-05-10 17:45:14'),
  (11429,'xiexin','192.168.0.191','2012-05-10 17:43:46'),
  (11430,'xiexin','192.168.0.191','2012-05-10 17:43:46'),
  (11431,'jmzd','192.168.0.191','2012-05-10 17:45:01'),
  (11432,'hmx','192.168.0.192','2012-05-10 17:43:10'),
  (11433,'hmx','192.168.0.192','2012-05-10 17:43:10'),
  (11434,'sqj','192.168.0.192','2012-05-10 17:43:32'),
  (11435,'sqj','192.168.0.192','2012-05-10 17:43:32'),
  (11436,'admin','192.168.0.196','2012-05-10 17:52:19'),
  (11437,'admin','192.168.0.196','2012-05-10 17:52:23'),
  (11438,'admin','192.168.0.196','2012-05-10 17:54:16'),
  (11439,'admin','192.168.0.193','2012-05-10 17:56:19'),
  (11440,'sqj','192.168.0.196','2012-05-10 17:56:04'),
  (11441,'sqj','192.168.0.196','2012-05-10 17:56:39'),
  (11442,'sqj','192.168.0.196','2012-05-10 17:57:35'),
  (11443,'sqj','192.168.0.196','2012-05-10 17:58:04'),
  (11444,'xiexin','192.168.0.191','2012-05-10 17:54:01'),
  (11445,'sqj','192.168.0.196','2012-05-10 17:59:32'),
  (11446,'songqingjun','192.168.0.192','2012-05-10 17:52:11'),
  (11447,'songqingjun','192.168.0.192','2012-05-10 17:52:11'),
  (11448,'admin','192.168.0.196','2012-05-10 18:00:23'),
  (11449,'admin','192.168.0.196','2012-05-10 18:00:28'),
  (11450,'sqj','192.168.0.196','2012-05-10 18:01:46'),
  (11451,'sqj','192.168.0.196','2012-05-10 18:07:46'),
  (11452,'sqj','192.168.0.192','2012-05-10 18:04:53'),
  (11453,'sqj','192.168.0.192','2012-05-10 18:04:53'),
  (11454,'admin','192.168.0.193','2012-05-10 18:13:07'),
  (11455,'admin','192.168.0.193','2012-05-10 18:13:07'),
  (11456,'hmx','192.168.0.192','2012-05-10 18:05:30'),
  (11457,'hmx','192.168.0.192','2012-05-10 18:05:30'),
  (11458,'sqj','192.168.0.192','2012-05-10 18:05:50'),
  (11459,'sqj','192.168.0.192','2012-05-10 18:05:50'),
  (11460,'hmx','192.168.0.191','2012-05-10 18:09:32'),
  (11461,'hmx','192.168.0.192','2012-05-10 18:11:12'),
  (11462,'hmx','192.168.0.192','2012-05-10 18:11:12'),
  (11463,'sqj','192.168.0.192','2012-05-10 18:11:48'),
  (11464,'sqj','192.168.0.192','2012-05-10 18:11:48'),
  (11465,'hmx','192.168.0.191','2012-05-10 18:15:23'),
  (11466,'hmx','192.168.0.191','2012-05-10 18:18:19'),
  (11467,'xiexin','192.168.0.191','2012-05-10 18:19:24'),
  (11468,'humanxing','192.168.0.192','2012-05-10 18:18:00'),
  (11469,'humanxing','192.168.0.192','2012-05-10 18:18:00'),
  (11470,'hmx','192.168.0.192','2012-05-10 18:18:15'),
  (11471,'hmx','192.168.0.192','2012-05-10 18:18:15'),
  (11472,'sqj','192.168.0.192','2012-05-10 18:18:53'),
  (11473,'sqj','192.168.0.192','2012-05-10 18:18:53'),
  (11474,'hmx','192.168.0.192','2012-05-10 18:19:14'),
  (11475,'hmx','192.168.0.192','2012-05-10 18:19:14'),
  (11476,'hmx','192.168.0.191','2012-05-10 18:24:50'),
  (11477,'jmzd','192.168.0.191','2012-05-10 18:26:08'),
  (11478,'admin','192.168.0.193','2012-05-10 18:33:17'),
  (11479,'sqj','192.168.0.196','2012-05-10 18:36:52'),
  (11480,'sqj','192.168.0.196','2012-05-10 18:54:17'),
  (11481,'songqingjun','192.168.0.192','2012-05-10 18:47:58'),
  (11482,'songqingjun','192.168.0.192','2012-05-10 18:47:58'),
  (11483,'sqj','192.168.0.192','2012-05-10 18:50:12'),
  (11484,'sqj','192.168.0.192','2012-05-10 18:50:12'),
  (11485,'sqj','192.168.0.192','2012-05-10 18:51:42'),
  (11486,'sqj','192.168.0.192','2012-05-10 18:52:22'),
  (11487,'sqj','192.168.0.192','2012-05-10 18:52:46'),
  (11488,'sqj','192.168.0.192','2012-05-10 18:52:46'),
  (11489,'sqj','192.168.0.196','2012-05-10 19:00:21'),
  (11490,'sqj','192.168.0.196','2012-05-10 19:02:48'),
  (11491,'hmx','192.168.0.196','2012-05-10 19:04:14'),
  (11492,'sqj','192.168.0.196','2012-05-10 19:04:54'),
  (11493,'humanxing','192.168.0.192','2012-05-10 18:57:51'),
  (11494,'humanxing','192.168.0.192','2012-05-10 18:57:51'),
  (11495,'sqj','192.168.0.196','2012-05-10 19:19:48'),
  (11496,'admin','192.168.0.196','2012-05-10 19:20:37'),
  (11497,'admin','192.168.0.196','2012-05-10 19:20:40'),
  (11498,'admin','192.168.0.196','2012-05-10 19:39:15'),
  (11499,'sqj','192.168.0.196','2012-05-10 19:39:51'),
  (11500,'sqj','192.168.0.196','2012-05-10 19:53:12'),
  (11501,'hmx','192.168.0.192','2012-05-11 09:31:37'),
  (11502,'hmx','192.168.0.192','2012-05-11 09:31:37'),
  (11503,'sqj','192.168.0.192','2012-05-11 09:34:19'),
  (11504,'sqj','192.168.0.192','2012-05-11 09:34:19'),
  (11505,'hmx','192.168.0.198','2012-05-11 09:42:34'),
  (11506,'xiexin','192.168.0.191','2012-05-11 09:37:54'),
  (11507,'jmzd','192.168.0.191','2012-05-11 09:40:14'),
  (11508,'humanxing','192.168.0.192','2012-05-11 09:40:56'),
  (11509,'humanxing','192.168.0.192','2012-05-11 09:40:56'),
  (11510,'sqj','192.168.0.198','2012-05-11 09:55:49'),
  (11511,'humanxing','192.168.0.192','2012-05-11 09:56:01'),
  (11512,'humanxing','192.168.0.192','2012-05-11 09:56:01'),
  (11513,'jmzd','192.168.0.191','2012-05-11 10:00:33'),
  (11514,'admin','192.168.0.189','2012-05-11 10:14:12'),
  (11515,'admin','192.168.0.189','2012-05-11 10:14:13'),
  (11516,'admin','192.168.0.189','2012-05-11 10:34:31'),
  (11517,'sqj','192.168.0.192','2012-05-11 10:42:42'),
  (11518,'sqj','192.168.0.192','2012-05-11 10:42:42'),
  (11519,'jmzd','192.168.0.191','2012-05-11 10:47:33'),
  (11520,'admin','192.168.0.198','2012-05-11 10:54:18'),
  (11521,'sqj','192.168.0.192','2012-05-11 10:47:00'),
  (11522,'sqj','192.168.0.192','2012-05-11 10:47:00'),
  (11523,'sqj','192.168.0.192','2012-05-11 10:47:03'),
  (11524,'sqj','192.168.0.192','2012-05-11 10:47:03'),
  (11525,'songqj','192.168.0.192','2012-05-11 10:47:50'),
  (11526,'sqj','192.168.0.192','2012-05-11 10:49:06'),
  (11527,'sqj','192.168.0.192','2012-05-11 10:49:06'),
  (11528,'admin','192.168.0.198','2012-05-11 11:01:31'),
  (11529,'admin','192.168.0.191','2012-05-11 11:05:33'),
  (11530,'admin','192.168.0.191','2012-05-11 11:05:37'),
  (11531,'jmzd','192.168.0.191','2012-05-11 11:07:00'),
  (11532,'admin','192.168.0.189','2012-05-11 11:14:11'),
  (11533,'sqj','192.168.0.189','2012-05-11 11:15:04'),
  (11534,'jmzd','192.168.0.191','2012-05-11 11:17:07'),
  (11535,'hmx','192.168.0.191','2012-05-11 11:19:17'),
  (11536,'jmzd','192.168.0.191','2012-05-11 11:19:51'),
  (11537,'sqj','192.168.0.192','2012-05-11 11:24:01'),
  (11538,'sqj','192.168.0.192','2012-05-11 11:27:23'),
  (11539,'sqj','192.168.0.192','2012-05-11 11:27:23'),
  (11540,'jmzd','192.168.0.191','2012-05-11 11:30:11'),
  (11541,'admin','192.168.0.191','2012-05-11 11:36:03'),
  (11542,'admin','192.168.0.191','2012-05-11 11:36:08'),
  (11543,'x.xie','192.168.0.191','2012-05-11 11:37:07'),
  (11544,'sqj','192.168.0.192','2012-05-11 13:30:50'),
  (11545,'sqj','192.168.0.192','2012-05-11 13:30:50'),
  (11546,'jmzd','192.168.0.191','2012-05-11 13:37:27'),
  (11547,'x.xie','192.168.0.191','2012-05-11 13:37:55'),
  (11548,'sqj','192.168.0.192','2012-05-11 14:02:48'),
  (11549,'admin','192.168.0.198','2012-05-11 14:15:09'),
  (11550,'admin','192.168.0.198','2012-05-11 14:15:11'),
  (11551,'x.xie','192.168.0.191','2012-05-11 14:17:12'),
  (11552,'x.xie','192.168.0.191','2012-05-11 14:18:58'),
  (11553,'admin','192.168.0.192','2012-05-11 14:30:08'),
  (11554,'admin','192.168.0.192','2012-05-11 14:30:08'),
  (11555,'sqj','192.168.0.192','2012-05-11 14:31:00'),
  (11556,'sqj','192.168.0.192','2012-05-11 14:31:00'),
  (11557,'x.xie','192.168.0.191','2012-05-11 14:42:26'),
  (11558,'hmx','192.168.0.189','2012-05-11 14:50:40'),
  (11559,'sqj','192.168.0.192','2012-05-11 14:44:21'),
  (11560,'sqj','192.168.0.192','2012-05-11 14:44:21'),
  (11561,'x.xie','192.168.0.191','2012-05-11 14:56:37'),
  (11562,'x.xie','192.168.0.191','2012-05-11 15:01:50'),
  (11563,'sqj','192.168.0.189','2012-05-11 15:09:03'),
  (11564,'admin','192.168.0.198','2012-05-11 15:09:23'),
  (11565,'admin','192.168.0.198','2012-05-11 15:09:24'),
  (11566,'admin','192.168.0.198','2012-05-11 15:20:39'),
  (11567,'admin','192.168.0.198','2012-05-11 15:20:41'),
  (11568,'x.xie','192.168.0.191','2012-05-11 15:16:28'),
  (11569,'admin','192.168.0.198','2012-05-11 15:23:42'),
  (11570,'admin','192.168.0.198','2012-05-11 15:23:45'),
  (11571,'x.xie','192.168.0.191','2012-05-11 15:21:20'),
  (11572,'admin','192.168.0.198','2012-05-11 15:27:31'),
  (11573,'admin','192.168.0.198','2012-05-11 15:27:38'),
  (11574,'jmzd','192.168.0.191','2012-05-11 15:22:40'),
  (11575,'admin','192.168.0.192','2012-05-11 15:20:49'),
  (11576,'admin','192.168.0.192','2012-05-11 15:20:49'),
  (11577,'sqj','192.168.0.192','2012-05-11 15:21:33'),
  (11578,'sqj','192.168.0.192','2012-05-11 15:21:33'),
  (11579,'admin','192.168.0.198','2012-05-11 15:29:25'),
  (11580,'admin','192.168.0.198','2012-05-11 15:29:28'),
  (11581,'x.xie','192.168.0.191','2012-05-11 15:53:28'),
  (11582,'jmzd','192.168.0.191','2012-05-11 15:53:55'),
  (11583,'jmzd','192.168.0.191','2012-05-11 15:54:56'),
  (11584,'x.xie','192.168.0.191','2012-05-11 15:55:13'),
  (11585,'jmzd','192.168.0.191','2012-05-11 15:56:17'),
  (11586,'x.xie','192.168.0.191','2012-05-11 15:56:40'),
  (11587,'hmx','192.168.0.191','2012-05-11 15:57:11'),
  (11588,'x.xie','192.168.0.191','2012-05-11 15:58:22'),
  (11589,'jmzd','192.168.0.191','2012-05-11 15:58:53'),
  (11590,'x.xie','192.168.0.191','2012-05-11 15:59:35'),
  (11591,'sqj','192.168.0.192','2012-05-11 16:04:30'),
  (11592,'sqj','192.168.0.192','2012-05-11 16:04:31'),
  (11593,'sqj','192.168.0.192','2012-05-11 16:06:55'),
  (11594,'sqj','192.168.0.192','2012-05-11 16:06:55'),
  (11595,'sqj','192.168.0.192','2012-05-11 16:09:07'),
  (11596,'sqj','192.168.0.192','2012-05-11 16:12:41'),
  (11597,'admin','192.168.0.198','2012-05-11 16:22:48'),
  (11598,'admin','192.168.0.198','2012-05-11 16:22:50'),
  (11599,'x.xie','192.168.0.191','2012-05-11 16:25:31'),
  (11600,'admin','192.168.0.198','2012-05-11 16:32:10'),
  (11601,'admin','192.168.0.198','2012-05-11 16:40:19'),
  (11602,'admin','192.168.0.198','2012-05-11 16:40:36'),
  (11603,'admin','192.168.0.198','2012-05-11 16:40:41'),
  (11604,'admin','192.168.0.198','2012-05-11 16:41:09'),
  (11605,'admin','192.168.0.191','2012-05-11 16:36:20'),
  (11606,'admin','192.168.0.191','2012-05-11 16:36:24'),
  (11607,'hmx','192.168.0.198','2012-05-11 16:43:42'),
  (11608,'humanxing','192.168.0.198','2012-05-11 16:43:56'),
  (11609,'x.xie','192.168.0.191','2012-05-11 16:39:33'),
  (11610,'sqj','192.168.0.192','2012-05-11 16:46:24'),
  (11611,'sqj','192.168.0.192','2012-05-11 16:46:24'),
  (11612,'x.xie','192.168.0.191','2012-05-11 16:49:39'),
  (11613,'humanxing','192.168.0.198','2012-05-11 16:57:15'),
  (11614,'x.xie','192.168.0.191','2012-05-11 16:56:51'),
  (11615,'admin','192.168.0.193','2012-05-11 17:03:01'),
  (11616,'admin','192.168.0.193','2012-05-11 17:09:28'),
  (11617,'admin','192.168.0.193','2012-05-11 17:10:30'),
  (11618,'admin','192.168.0.193','2012-05-11 17:10:58'),
  (11619,'admin','192.168.0.193','2012-05-11 17:12:24'),
  (11620,'x.xie','192.168.0.191','2012-05-11 17:13:45'),
  (11621,'admin','192.168.0.193','2012-05-11 17:21:31'),
  (11622,'admin','192.168.0.193','2012-05-11 17:23:33'),
  (11623,'sqj','192.168.0.192','2012-05-11 17:16:19'),
  (11624,'sqj','192.168.0.192','2012-05-11 17:16:19'),
  (11625,'admin','192.168.0.193','2012-05-11 17:24:17'),
  (11626,'admin','192.168.0.193','2012-05-11 17:25:07'),
  (11627,'admin','192.168.0.193','2012-05-11 17:27:49'),
  (11628,'admin','192.168.0.198','2012-05-11 17:29:59'),
  (11629,'admin','192.168.0.198','2012-05-11 17:31:39'),
  (11630,'sqj','192.168.0.192','2012-05-11 17:29:16'),
  (11631,'admin','192.168.0.198','2012-05-11 17:37:37'),
  (11632,'hmx','192.168.0.192','2012-05-11 17:36:43'),
  (11633,'hmx','192.168.0.192','2012-05-11 17:36:43'),
  (11634,'x.xie','192.168.0.191','2012-05-11 17:39:49'),
  (11635,'admin','192.168.0.198','2012-05-11 17:49:26'),
  (11636,'admin','192.168.0.198','2012-05-11 17:54:20'),
  (11637,'admin','192.168.0.198','2012-05-11 17:54:51'),
  (11638,'admin','192.168.0.198','2012-05-11 17:55:04'),
  (11639,'x.xie','192.168.0.191','2012-05-11 17:49:56'),
  (11640,'x.xie','192.168.0.191','2012-05-11 17:55:52'),
  (11641,'x.xie','192.168.0.191','2012-05-11 18:02:43'),
  (11642,'x.xie','192.168.0.191','2012-05-11 18:04:05'),
  (11643,'x.xie','192.168.0.191','2012-05-11 18:13:22'),
  (11644,'hmx','192.168.0.192','2012-05-11 18:11:30'),
  (11645,'hmx','192.168.0.192','2012-05-11 18:11:30'),
  (11646,'admin','192.168.0.198','2012-05-11 18:21:00'),
  (11647,'admin','192.168.0.191','2012-05-11 18:17:34'),
  (11648,'admin','192.168.0.191','2012-05-11 18:17:37'),
  (11649,'admin','192.168.0.198','2012-05-11 18:44:02'),
  (11650,'admin','192.168.0.198','2012-05-11 18:47:46'),
  (11651,'sqj','192.168.0.192','2012-05-11 18:41:21'),
  (11652,'sqj','192.168.0.192','2012-05-11 18:41:21'),
  (11653,'hmx','192.168.0.192','2012-05-11 18:43:50'),
  (11654,'hmx','192.168.0.192','2012-05-11 18:43:50'),
  (11655,'hmx','192.168.0.192','2012-05-11 18:48:11'),
  (11656,'admin','192.168.0.198','2012-05-12 08:55:09'),
  (11657,'admin','192.168.0.198','2012-05-12 08:58:13'),
  (11658,'sqj','192.168.0.189','2012-05-12 09:08:05'),
  (11659,'hmx','192.168.0.189','2012-05-12 09:09:21'),
  (11660,'hmx','192.168.0.192','2012-05-12 09:04:43'),
  (11661,'admin','192.168.0.198','2012-05-12 09:14:42'),
  (11662,'admin','192.168.0.198','2012-05-12 09:14:45'),
  (11663,'admin','192.168.0.192','2012-05-12 09:16:31'),
  (11664,'admin','192.168.0.192','2012-05-12 09:16:31'),
  (11665,'admin','192.168.0.192','2012-05-12 09:16:39'),
  (11666,'song','192.168.0.192','2012-05-12 09:26:56'),
  (11667,'song','192.168.0.192','2012-05-12 09:26:56'),
  (11668,'song','192.168.0.192','2012-05-12 09:27:01'),
  (11669,'song','192.168.0.192','2012-05-12 09:27:06'),
  (11670,'sqj','192.168.0.189','2012-05-12 09:38:44'),
  (11671,'hmx','192.168.0.189','2012-05-12 09:39:26'),
  (11672,'song','192.168.0.192','2012-05-12 09:32:38'),
  (11673,'sqj','192.168.0.189','2012-05-12 09:40:15'),
  (11674,'admin','192.168.0.192','2012-05-12 09:33:14'),
  (11675,'admin','192.168.0.192','2012-05-12 09:33:14'),
  (11676,'admin','192.168.0.192','2012-05-12 09:35:08'),
  (11677,'admin','192.168.0.198','2012-05-12 09:42:23'),
  (11678,'admin','192.168.0.198','2012-05-12 09:42:57'),
  (11679,'admin','192.168.0.198','2012-05-12 09:43:42'),
  (11680,'admin','192.168.0.198','2012-05-12 09:44:20'),
  (11681,'admin','192.168.0.198','2012-05-12 09:45:50'),
  (11682,'admin','192.168.0.192','2012-05-12 09:43:56'),
  (11683,'song','192.168.0.192','2012-05-12 09:45:53'),
  (11684,'song','192.168.0.192','2012-05-12 09:45:53'),
  (11685,'song','192.168.0.192','2012-05-12 09:46:13'),
  (11686,'admin','192.168.0.198','2012-05-12 10:32:33'),
  (11687,'admin','192.168.0.198','2012-05-12 10:45:07'),
  (11688,'admin','192.168.0.198','2012-05-12 10:48:00'),
  (11689,'admin','192.168.0.198','2012-05-12 10:49:00'),
  (11690,'admin','192.168.0.198','2012-05-12 10:50:16'),
  (11691,'admin','192.168.0.198','2012-05-12 10:52:36'),
  (11692,'admin','192.168.0.198','2012-05-12 11:06:15'),
  (11693,'admin','192.168.0.198','2012-05-12 11:06:54'),
  (11694,'admin','192.168.0.198','2012-05-12 11:07:50'),
  (11695,'admin','192.168.0.198','2012-05-12 11:13:22'),
  (11696,'admin','192.168.0.198','2012-05-12 11:13:50'),
  (11697,'admin','192.168.0.198','2012-05-12 11:14:04'),
  (11698,'admin','192.168.0.198','2012-05-12 11:21:54'),
  (11699,'admin','192.168.0.198','2012-05-12 11:22:48'),
  (11700,'admin','192.168.0.198','2012-05-12 11:24:42'),
  (11701,'admin','192.168.0.198','2012-05-12 11:25:05'),
  (11702,'admin','192.168.0.198','2012-05-12 11:26:05'),
  (11703,'admin','192.168.0.198','2012-05-12 11:26:26'),
  (11704,'sqj','192.168.0.192','2012-05-12 11:28:10'),
  (11705,'sqj','192.168.0.192','2012-05-12 11:28:10'),
  (11706,'sqj','192.168.0.192','2012-05-12 11:29:25'),
  (11707,'admin','192.168.0.198','2012-05-12 11:41:57'),
  (11708,'admin','192.168.0.198','2012-05-12 12:41:25'),
  (11709,'admin','192.168.0.198','2012-05-12 13:31:01'),
  (11710,'sqj','192.168.0.192','2012-05-12 13:30:40'),
  (11711,'sqj','192.168.0.192','2012-05-12 13:30:40'),
  (11712,'admin','192.168.0.198','2012-05-12 13:48:43'),
  (11713,'song','192.168.0.192','2012-05-12 13:42:07'),
  (11714,'song','192.168.0.192','2012-05-12 13:42:07'),
  (11715,'song','192.168.0.192','2012-05-12 13:46:33'),
  (11716,'song','192.168.0.192','2012-05-12 14:09:04'),
  (11717,'song','192.168.0.192','2012-05-12 14:09:04'),
  (11718,'song','192.168.0.192','2012-05-12 14:13:43'),
  (11719,'song','192.168.0.192','2012-05-12 14:13:43'),
  (11720,'hmx','192.168.0.192','2012-05-12 14:41:41'),
  (11721,'hmx','192.168.0.192','2012-05-12 14:41:41'),
  (11722,'song','192.168.0.192','2012-05-12 14:42:55'),
  (11723,'song','192.168.0.192','2012-05-12 14:42:55'),
  (11724,'admin','192.168.0.198','2012-05-12 14:58:37'),
  (11725,'sqj','192.168.0.189','2012-05-12 15:06:00'),
  (11726,'admin','192.168.0.198','2012-05-12 15:43:32'),
  (11727,'song','192.168.0.192','2012-05-12 16:03:47'),
  (11728,'song','192.168.0.192','2012-05-12 16:03:47'),
  (11729,'song','192.168.0.192','2012-05-12 16:18:28'),
  (11730,'song','192.168.0.192','2012-05-12 16:18:28'),
  (11731,'song','192.168.0.192','2012-05-12 16:31:41'),
  (11732,'song','192.168.0.192','2012-05-12 16:31:41'),
  (11733,'song','192.168.0.192','2012-05-12 16:31:50'),
  (11734,'song','192.168.0.192','2012-05-12 16:32:18'),
  (11735,'song','192.168.0.192','2012-05-12 16:33:05'),
  (11736,'song','192.168.0.192','2012-05-12 16:35:15'),
  (11737,'song','192.168.0.192','2012-05-12 16:35:28'),
  (11738,'song','192.168.0.192','2012-05-12 16:37:12'),
  (11739,'song','192.168.0.192','2012-05-12 16:39:08'),
  (11740,'song','192.168.0.192','2012-05-12 16:39:08'),
  (11741,'admin','192.168.0.198','2012-05-12 16:49:36'),
  (11742,'song','192.168.0.192','2012-05-12 16:44:11'),
  (11743,'song','192.168.0.192','2012-05-12 16:44:11'),
  (11744,'song','192.168.0.192','2012-05-12 16:52:18'),
  (11745,'song','192.168.0.192','2012-05-12 16:54:40'),
  (11746,'song','192.168.0.192','2012-05-12 16:55:33'),
  (11747,'song','192.168.0.192','2012-05-12 16:58:20'),
  (11748,'song','192.168.0.192','2012-05-12 17:03:34'),
  (11749,'song','192.168.0.198','2012-05-12 17:13:37'),
  (11750,'song','192.168.0.198','2012-05-12 17:17:34'),
  (11751,'song','192.168.0.192','2012-05-12 17:10:49'),
  (11752,'song','192.168.0.192','2012-05-12 17:10:49'),
  (11753,'song','192.168.0.192','2012-05-12 17:12:16'),
  (11754,'song','192.168.0.192','2012-05-12 17:12:16'),
  (11755,'admin','192.168.0.198','2012-05-12 17:20:44'),
  (11756,'song','192.168.0.192','2012-05-12 17:14:22'),
  (11757,'song','192.168.0.192','2012-05-12 17:14:30'),
  (11758,'song','192.168.0.192','2012-05-12 17:15:12'),
  (11759,'song','192.168.0.192','2012-05-12 17:15:12'),
  (11760,'song','192.168.0.192','2012-05-12 17:16:10'),
  (11761,'song','192.168.0.192','2012-05-12 17:16:23'),
  (11762,'song','192.168.0.192','2012-05-12 17:17:13'),
  (11763,'song','192.168.0.192','2012-05-12 17:17:13'),
  (11764,'admin','192.168.0.198','2012-05-12 17:24:52'),
  (11765,'admin','192.168.0.198','2012-05-12 17:25:56'),
  (11766,'song','192.168.0.192','2012-05-12 17:19:54'),
  (11767,'admin','192.168.0.198','2012-05-12 17:31:16'),
  (11768,'song','192.168.0.192','2012-05-12 17:28:40'),
  (11769,'hmx','192.168.0.198','2012-05-12 17:45:15'),
  (11770,'song','192.168.0.192','2012-05-12 17:50:04'),
  (11771,'song','192.168.0.192','2012-05-12 17:50:04'),
  (11772,'hmx','192.168.0.198','2012-05-12 18:09:02'),
  (11773,'hmx','192.168.0.198','2012-05-12 18:09:04'),
  (11774,'humanxing','192.168.0.198','2012-05-12 18:09:16'),
  (11775,'song','192.168.0.192','2012-05-12 18:02:22'),
  (11776,'hmx','192.168.0.198','2012-05-12 18:11:41'),
  (11777,'song','192.168.0.192','2012-05-12 18:05:50'),
  (11778,'hmx','192.168.0.198','2012-05-12 18:30:23'),
  (11779,'sqj','192.168.0.192','2012-05-12 18:22:58'),
  (11780,'sqj','192.168.0.192','2012-05-12 18:22:58'),
  (11781,'sqj','192.168.0.192','2012-05-12 18:23:17'),
  (11782,'song','192.168.0.192','2012-05-12 18:35:28'),
  (11783,'song','192.168.0.192','2012-05-12 18:35:28'),
  (11784,'sqj','192.168.0.192','2012-05-12 18:36:21'),
  (11785,'sqj','192.168.0.192','2012-05-12 18:36:21'),
  (11786,'song','192.168.0.192','2012-05-12 18:47:47'),
  (11787,'song','192.168.0.192','2012-05-12 18:51:00'),
  (11788,'song','192.168.0.192','2012-05-13 13:22:24'),
  (11789,'song','192.168.0.192','2012-05-13 13:22:24'),
  (11790,'admin','192.168.0.198','2012-05-13 13:38:08'),
  (11791,'xiexin','192.168.0.191','2012-05-13 13:44:12'),
  (11792,'sqj','192.168.0.192','2012-05-13 13:42:34'),
  (11793,'sqj','192.168.0.192','2012-05-13 13:42:34'),
  (11794,'xiexin','192.168.0.191','2012-05-13 13:46:26'),
  (11795,'x.xie','192.168.0.191','2012-05-13 13:47:36'),
  (11796,'sqj','192.168.0.192','2012-05-13 13:46:04');

COMMIT;

#
# Data for the `sa_logs` table  (LIMIT 1000,500)
#

INSERT INTO `sa_logs` (`id`, `username`, `ip`, `logtime`) VALUES 
  (11797,'sqj','192.168.0.192','2012-05-13 13:46:04'),
  (11798,'xiexin','192.168.0.191','2012-05-13 13:47:57'),
  (11799,'sqj','192.168.0.192','2012-05-13 13:50:33'),
  (11800,'sqj','192.168.0.192','2012-05-13 13:50:33'),
  (11801,'humanxing','192.168.0.198','2012-05-13 13:57:52'),
  (11802,'hmx','192.168.0.191','2012-05-13 13:55:02'),
  (11803,'admin','192.168.0.198','2012-05-13 14:09:44'),
  (11804,'admin','192.168.0.198','2012-05-13 14:09:46'),
  (11805,'jmzd','192.168.0.191','2012-05-13 14:16:12'),
  (11806,'hmx','192.168.0.198','2012-05-13 14:22:47'),
  (11807,'xiexin','192.168.0.191','2012-05-13 14:20:50'),
  (11808,'hmx','192.168.0.191','2012-05-13 14:26:42'),
  (11809,'xiexin','192.168.0.191','2012-05-13 14:29:18'),
  (11810,'admin','192.168.0.192','2012-05-13 14:30:05'),
  (11811,'admin','192.168.0.192','2012-05-13 14:30:05'),
  (11812,'admin','192.168.0.192','2012-05-13 14:30:09'),
  (11813,'admin','192.168.0.192','2012-05-13 14:30:09'),
  (11814,'sqj','192.168.0.192','2012-05-13 14:37:14'),
  (11815,'sqj','192.168.0.192','2012-05-13 14:37:14'),
  (11816,'xiexin','192.168.0.191','2012-05-13 14:39:16'),
  (11817,'hmx','192.168.0.191','2012-05-13 14:54:06'),
  (11818,'x.xie','192.168.0.191','2012-05-13 14:59:46'),
  (11819,'xiexin','192.168.0.191','2012-05-13 15:09:43'),
  (11820,'sqj','192.168.0.192','2012-05-13 15:09:24'),
  (11821,'jmzd','192.168.0.189','2012-05-13 15:19:11'),
  (11822,'jmzd','192.168.0.189','2012-05-13 15:19:14'),
  (11823,'sqj','192.168.0.192','2012-05-13 15:12:23'),
  (11824,'x.xie','192.168.0.191','2012-05-13 15:14:51'),
  (11825,'hmx','192.168.0.189','2012-05-13 15:29:23'),
  (11826,'jmzd','192.168.0.191','2012-05-13 15:34:05'),
  (11827,'x.xie','192.168.0.191','2012-05-13 15:36:49'),
  (11828,'hmx','192.168.0.198','2012-05-13 15:44:50'),
  (11829,'hmx','192.168.0.191','2012-05-13 15:40:59'),
  (11830,'hmx','192.168.0.192','2012-05-13 15:40:42'),
  (11831,'hmx','192.168.0.192','2012-05-13 15:40:42'),
  (11832,'hmx','192.168.0.198','2012-05-13 15:49:39'),
  (11833,'hmx','192.168.0.192','2012-05-13 15:42:56'),
  (11834,'hmx','192.168.0.192','2012-05-13 15:42:56'),
  (11835,'jmzd','192.168.0.191','2012-05-13 15:46:53'),
  (11836,'x.xie','192.168.0.191','2012-05-13 15:47:59'),
  (11837,'admin','192.168.0.191','2012-05-13 15:50:38'),
  (11838,'admin','192.168.0.191','2012-05-13 15:50:43'),
  (11839,'x.xie','192.168.0.191','2012-05-13 15:51:54'),
  (11840,'sqj','192.168.0.192','2012-05-13 15:56:33'),
  (11841,'sqj','192.168.0.192','2012-05-13 15:56:33'),
  (11842,'jmzd','192.168.0.191','2012-05-13 16:10:21'),
  (11843,'sqj','192.168.0.192','2012-05-13 16:11:27'),
  (11844,'sqj','192.168.0.192','2012-05-13 16:14:35'),
  (11845,'xiexin','192.168.0.192','2012-05-13 16:15:15'),
  (11846,'xiexin','192.168.0.192','2012-05-13 16:15:15'),
  (11847,'admin','192.168.0.189','2012-05-13 16:25:07'),
  (11848,'admin','192.168.0.189','2012-05-13 16:26:07'),
  (11849,'hmx','192.168.0.192','2012-05-13 16:29:39'),
  (11850,'hmx','192.168.0.192','2012-05-13 16:29:39'),
  (11851,'song','192.168.0.192','2012-05-13 16:33:14'),
  (11852,'song','192.168.0.192','2012-05-13 16:33:14'),
  (11853,'sqj','192.168.0.198','2012-05-13 16:46:36'),
  (11854,'hmx','192.168.0.198','2012-05-13 16:48:39'),
  (11855,'hmx','192.168.0.198','2012-05-13 16:52:05'),
  (11856,'sqj','192.168.0.192','2012-05-13 16:57:46'),
  (11857,'sqj','192.168.0.192','2012-05-13 16:57:46'),
  (11858,'sqj','192.168.0.198','2012-05-13 17:25:27'),
  (11859,'hmx','192.168.0.198','2012-05-13 17:27:27'),
  (11860,'xiexin','192.168.0.198','2012-05-13 17:29:09'),
  (11861,'xiexin','192.168.0.198','2012-05-13 17:29:09'),
  (11862,'jmzd','192.168.0.198','2012-05-13 17:30:55'),
  (11863,'humanxing','192.168.0.198','2012-05-13 17:32:21'),
  (11864,'hmx','192.168.0.198','2012-05-13 17:33:51'),
  (11865,'hmx','192.168.0.198','2012-05-13 17:36:53'),
  (11866,'hmx','192.168.0.198','2012-05-13 17:37:47'),
  (11867,'x.xie','192.168.0.198','2012-05-13 17:38:50'),
  (11868,'humanxing','192.168.0.198','2012-05-13 17:46:23'),
  (11869,'hmx','192.168.0.198','2012-05-13 17:47:49'),
  (11870,'jmzd','192.168.0.198','2012-05-13 17:50:50'),
  (11871,'x.xie','192.168.0.198','2012-05-13 18:20:05'),
  (11872,'x.xie','192.168.0.198','2012-05-13 18:22:01'),
  (11873,'jmzd','192.168.0.198','2012-05-13 18:23:04'),
  (11874,'jmzd','192.168.0.198','2012-05-13 18:23:29'),
  (11875,'humanxing','192.168.0.198','2012-05-13 18:28:06'),
  (11876,'xiexin','192.168.0.191','2012-05-14 09:03:18'),
  (11877,'sqj','192.168.0.192','2012-05-14 09:03:57'),
  (11878,'sqj','192.168.0.192','2012-05-14 09:03:57'),
  (11879,'xiexin','192.168.0.191','2012-05-14 09:06:10'),
  (11880,'hmx','192.168.0.196','2012-05-14 09:16:28'),
  (11881,'sqj','192.168.0.189','2012-05-14 09:19:38'),
  (11882,'sqj','192.168.0.189','2012-05-14 09:19:38'),
  (11883,'sqj','192.168.0.189','2012-05-14 09:19:38'),
  (11884,'sqj','192.168.0.189','2012-05-14 09:19:38'),
  (11885,'sqj','192.168.0.189','2012-05-14 09:19:38'),
  (11886,'sqj','192.168.0.189','2012-05-14 09:19:38'),
  (11887,'sqj','192.168.0.189','2012-05-14 09:19:38'),
  (11888,'sqj','192.168.0.189','2012-05-14 09:20:39'),
  (11889,'hmx','192.168.0.196','2012-05-14 09:21:15'),
  (11890,'sqj','192.168.0.192','2012-05-14 09:25:01'),
  (11891,'sqj','192.168.0.192','2012-05-14 09:25:01'),
  (11892,'sqj','192.168.0.192','2012-05-14 09:25:41'),
  (11893,'sqj','192.168.0.192','2012-05-14 09:25:41'),
  (11894,'sqj','192.168.0.192','2012-05-14 09:27:03'),
  (11895,'humanxing','192.168.0.196','2012-05-14 09:36:37'),
  (11896,'admin','192.168.0.193','2012-05-14 09:36:58'),
  (11897,'xiexin','192.168.0.191','2012-05-14 09:34:38'),
  (11898,'sqj','192.168.0.192','2012-05-14 09:34:07'),
  (11899,'humanxing','192.168.0.196','2012-05-14 09:45:52'),
  (11900,'humanxing','192.168.0.196','2012-05-14 09:50:39'),
  (11901,'hmx','192.168.0.192','2012-05-14 09:43:17'),
  (11902,'hmx','192.168.0.192','2012-05-14 09:43:17'),
  (11903,'sqj','192.168.0.192','2012-05-14 09:44:14'),
  (11904,'sqj','192.168.0.192','2012-05-14 09:44:14'),
  (11905,'hmx','192.168.0.196','2012-05-14 09:54:58'),
  (11906,'sqj','192.168.0.192','2012-05-14 09:48:01'),
  (11907,'jmzd','192.168.0.191','2012-05-14 09:52:13'),
  (11908,'humanxing','192.168.0.196','2012-05-14 09:57:53'),
  (11909,'sqj','192.168.0.192','2012-05-14 09:53:43'),
  (11910,'x.xie','192.168.0.191','2012-05-14 09:57:10'),
  (11911,'jmzd','192.168.0.191','2012-05-14 10:06:48'),
  (11912,'sqj','192.168.0.192','2012-05-14 10:05:40'),
  (11913,'sqj','192.168.0.192','2012-05-14 10:05:53'),
  (11914,'sqj','192.168.0.192','2012-05-14 10:06:38'),
  (11915,'x.xie','192.168.0.191','2012-05-14 10:09:10'),
  (11916,'admin','192.168.0.193','2012-05-14 10:24:02'),
  (11917,'admin','192.168.0.193','2012-05-14 10:27:28'),
  (11918,'admin','192.168.0.193','2012-05-14 10:28:03'),
  (11919,'jmzd','192.168.0.191','2012-05-14 10:22:36'),
  (11920,'admin','192.168.0.193','2012-05-14 10:29:45'),
  (11921,'x.xie','192.168.0.191','2012-05-14 10:24:38'),
  (11922,'admin','192.168.0.193','2012-05-14 10:30:32'),
  (11923,'admin','192.168.0.193','2012-05-14 10:31:58'),
  (11924,'admin','192.168.0.193','2012-05-14 10:32:37'),
  (11925,'admin','192.168.0.193','2012-05-14 10:33:03'),
  (11926,'admin','192.168.0.193','2012-05-14 10:37:45'),
  (11927,'admin','192.168.0.193','2012-05-14 10:38:54'),
  (11928,'sqj','192.168.0.192','2012-05-14 10:31:35'),
  (11929,'admin','192.168.0.193','2012-05-14 10:39:04'),
  (11930,'admin','192.168.0.193','2012-05-14 10:39:23'),
  (11931,'admin','192.168.0.193','2012-05-14 10:39:54'),
  (11932,'admin','192.168.0.193','2012-05-14 10:40:20'),
  (11933,'admin','192.168.0.193','2012-05-14 10:42:45'),
  (11934,'admin','192.168.0.193','2012-05-14 10:43:16'),
  (11935,'admin','192.168.0.193','2012-05-14 10:44:23'),
  (11936,'admin','192.168.0.193','2012-05-14 10:45:42'),
  (11937,'admin','192.168.0.193','2012-05-14 10:45:50'),
  (11938,'admin','192.168.0.193','2012-05-14 10:46:02'),
  (11939,'x.xie','192.168.0.191','2012-05-14 10:40:33'),
  (11940,'admin','192.168.0.193','2012-05-14 10:46:34'),
  (11941,'admin','192.168.0.193','2012-05-14 10:50:29'),
  (11942,'admin','192.168.0.193','2012-05-14 10:51:10'),
  (11943,'admin','192.168.0.193','2012-05-14 10:51:23'),
  (11944,'admin','192.168.0.193','2012-05-14 10:51:59'),
  (11945,'admin','192.168.0.193','2012-05-14 10:52:19'),
  (11946,'admin','192.168.0.193','2012-05-14 10:52:38'),
  (11947,'admin','192.168.0.193','2012-05-14 10:53:16'),
  (11948,'admin','192.168.0.193','2012-05-14 10:53:26'),
  (11949,'sqj','192.168.0.192','2012-05-14 10:50:31'),
  (11950,'sqj','192.168.0.192','2012-05-14 10:50:31'),
  (11951,'hmx','192.168.0.192','2012-05-14 10:50:41'),
  (11952,'hmx','192.168.0.192','2012-05-14 10:50:41'),
  (11953,'sqj','192.168.0.192','2012-05-14 10:51:04'),
  (11954,'sqj','192.168.0.192','2012-05-14 10:51:04'),
  (11955,'admin','192.168.0.193','2012-05-14 10:58:35'),
  (11956,'admin','192.168.0.193','2012-05-14 10:59:39'),
  (11957,'x.xie','192.168.0.191','2012-05-14 10:56:49'),
  (11958,'humanxing','192.168.0.196','2012-05-14 11:09:23'),
  (11959,'admin','192.168.0.193','2012-05-14 11:09:46'),
  (11960,'admin','192.168.0.193','2012-05-14 11:10:02'),
  (11961,'admin','192.168.0.193','2012-05-14 11:10:18'),
  (11962,'hmx','192.168.0.191','2012-05-14 11:04:54'),
  (11963,'admin','192.168.0.193','2012-05-14 11:10:31'),
  (11964,'admin','192.168.0.193','2012-05-14 11:10:43'),
  (11965,'admin','192.168.0.193','2012-05-14 11:10:57'),
  (11966,'hmx','192.168.0.196','2012-05-14 11:13:03'),
  (11967,'admin','192.168.0.193','2012-05-14 11:13:53'),
  (11968,'sqj','192.168.0.192','2012-05-14 11:06:31'),
  (11969,'sqj','192.168.0.192','2012-05-14 11:06:31'),
  (11970,'hmx','192.168.0.192','2012-05-14 11:07:01'),
  (11971,'hmx','192.168.0.192','2012-05-14 11:07:01'),
  (11972,'sqj','192.168.0.192','2012-05-14 11:08:09'),
  (11973,'sqj','192.168.0.192','2012-05-14 11:08:09'),
  (11974,'hmx','192.168.0.192','2012-05-14 11:08:57'),
  (11975,'sqj','192.168.0.192','2012-05-14 11:09:24'),
  (11976,'sqj','192.168.0.192','2012-05-14 11:09:24'),
  (11977,'songqj','192.168.0.192','2012-05-14 11:11:38'),
  (11978,'songqj','192.168.0.192','2012-05-14 11:11:38'),
  (11979,'sqj','192.168.0.192','2012-05-14 11:12:30'),
  (11980,'sqj','192.168.0.192','2012-05-14 11:12:30'),
  (11981,'humanxing','192.168.0.192','2012-05-14 11:14:05'),
  (11982,'humanxing','192.168.0.192','2012-05-14 11:14:05'),
  (11983,'jmzd','192.168.0.191','2012-05-14 11:17:50'),
  (11984,'admin','192.168.0.193','2012-05-14 11:25:51'),
  (11985,'humanxing','192.168.0.192','2012-05-14 11:20:44'),
  (11986,'humanxing','192.168.0.192','2012-05-14 11:20:44'),
  (11987,'hmx','192.168.0.196','2012-05-14 12:01:50'),
  (11988,'hmx','192.168.0.196','2012-05-14 12:43:39'),
  (11989,'humanxing','192.168.0.196','2012-05-14 12:45:23'),
  (11990,'hmx','192.168.0.196','2012-05-14 12:46:14'),
  (11991,'hmx','192.168.0.196','2012-05-14 12:49:19'),
  (11992,'hmx','192.168.0.196','2012-05-14 13:26:04'),
  (11993,'jmzd','192.168.0.191','2012-05-14 13:35:06'),
  (11994,'humanxing','192.168.0.192','2012-05-14 13:33:50'),
  (11995,'humanxing','192.168.0.192','2012-05-14 13:33:50'),
  (11996,'humanxing','192.168.0.192','2012-05-14 13:33:55'),
  (11997,'humanxing','192.168.0.192','2012-05-14 13:37:33'),
  (11998,'song','192.168.0.192','2012-05-14 13:42:51'),
  (11999,'song','192.168.0.192','2012-05-14 13:42:51'),
  (12000,'admin','192.168.0.193','2012-05-14 13:53:46'),
  (12001,'admin','192.168.0.193','2012-05-14 13:55:00'),
  (12002,'admin','192.168.0.193','2012-05-14 13:56:24'),
  (12003,'song','192.168.0.192','2012-05-14 13:50:11'),
  (12004,'song','192.168.0.192','2012-05-14 13:50:11'),
  (12005,'song','192.168.0.192','2012-05-14 13:50:11'),
  (12006,'song','192.168.0.192','2012-05-14 13:50:11'),
  (12007,'admin','192.168.0.193','2012-05-14 13:58:12'),
  (12008,'admin','192.168.0.193','2012-05-14 14:00:06'),
  (12009,'admin','192.168.0.193','2012-05-14 14:00:43'),
  (12010,'sqj','192.168.0.189','2012-05-14 14:00:37'),
  (12011,'sqj','192.168.0.189','2012-05-14 14:00:37'),
  (12012,'admin','192.168.0.193','2012-05-14 14:00:59'),
  (12013,'xiexin','192.168.0.191','2012-05-14 13:56:05'),
  (12014,'admin','192.168.0.193','2012-05-14 14:03:29'),
  (12015,'admin','192.168.0.193','2012-05-14 14:04:04'),
  (12016,'admin','192.168.0.189','2012-05-14 14:04:18'),
  (12017,'admin','192.168.0.193','2012-05-14 14:04:45'),
  (12018,'admin','192.168.0.193','2012-05-14 14:05:00'),
  (12019,'admin','192.168.0.193','2012-05-14 14:05:35'),
  (12020,'sqj','192.168.0.192','2012-05-14 13:59:01'),
  (12021,'sqj','192.168.0.192','2012-05-14 13:59:01'),
  (12022,'jmzd','192.168.0.191','2012-05-14 14:01:17'),
  (12023,'xiexin','192.168.0.191','2012-05-14 14:02:15'),
  (12024,'admin','192.168.0.193','2012-05-14 14:07:57'),
  (12025,'admin','192.168.0.193','2012-05-14 14:09:13'),
  (12026,'song','192.168.0.192','2012-05-14 14:04:08'),
  (12027,'song','192.168.0.192','2012-05-14 14:04:08'),
  (12028,'humanxing','192.168.0.192','2012-05-14 14:04:53'),
  (12029,'humanxing','192.168.0.192','2012-05-14 14:04:53'),
  (12030,'admin','192.168.0.193','2012-05-14 14:14:46'),
  (12031,'song','192.168.0.192','2012-05-14 14:08:15'),
  (12032,'song','192.168.0.192','2012-05-14 14:08:15'),
  (12033,'admin','192.168.0.193','2012-05-14 14:18:05'),
  (12034,'humanxing','192.168.0.192','2012-05-14 14:10:35'),
  (12035,'humanxing','192.168.0.192','2012-05-14 14:10:36'),
  (12036,'admin','192.168.0.193','2012-05-14 14:19:46'),
  (12037,'hmx','192.168.0.196','2012-05-14 14:20:46'),
  (12038,'x.xie','192.168.0.191','2012-05-14 14:15:23'),
  (12039,'jmzd','192.168.0.191','2012-05-14 14:15:59'),
  (12040,'song','192.168.0.192','2012-05-14 14:14:48'),
  (12041,'song','192.168.0.192','2012-05-14 14:14:48'),
  (12042,'admin','192.168.0.193','2012-05-14 14:23:08'),
  (12043,'xiexin','192.168.0.196','2012-05-14 14:23:36'),
  (12044,'hmx','192.168.0.191','2012-05-14 14:18:19'),
  (12045,'song','192.168.0.192','2012-05-14 14:16:15'),
  (12046,'song','192.168.0.192','2012-05-14 14:16:15'),
  (12047,'admin','192.168.0.193','2012-05-14 14:24:00'),
  (12048,'jmzd','192.168.0.191','2012-05-14 14:18:55'),
  (12049,'admin','192.168.0.193','2012-05-14 14:27:14'),
  (12050,'xiexin','192.168.0.191','2012-05-14 14:24:12'),
  (12051,'admin','192.168.0.193','2012-05-14 14:31:06'),
  (12052,'sqj','192.168.0.192','2012-05-14 14:23:57'),
  (12053,'sqj','192.168.0.192','2012-05-14 14:23:57'),
  (12054,'hmx','192.168.0.196','2012-05-14 14:31:53'),
  (12055,'admin','192.168.0.193','2012-05-14 14:32:02'),
  (12056,'admin','192.168.0.193','2012-05-14 14:32:24'),
  (12057,'admin','192.168.0.191','2012-05-14 14:33:09'),
  (12058,'admin','192.168.0.191','2012-05-14 14:33:18'),
  (12059,'humanxing','192.168.0.191','2012-05-14 14:34:10'),
  (12060,'admin','192.168.0.193','2012-05-14 14:40:16'),
  (12061,'admin','192.168.0.193','2012-05-14 14:41:03'),
  (12062,'xiexin','192.168.0.196','2012-05-14 14:42:18'),
  (12063,'hmx','192.168.0.196','2012-05-14 14:45:08'),
  (12064,'hmx','192.168.0.196','2012-05-14 14:49:40'),
  (12065,'hmx','192.168.0.196','2012-05-14 14:51:30'),
  (12066,'xiexin','192.168.0.196','2012-05-14 14:56:47'),
  (12067,'humanxing','192.168.0.191','2012-05-14 14:52:19'),
  (12068,'song','192.168.0.192','2012-05-14 14:50:33'),
  (12069,'song','192.168.0.192','2012-05-14 14:50:33'),
  (12070,'song','192.168.0.192','2012-05-14 14:51:45'),
  (12071,'song','192.168.0.192','2012-05-14 14:51:45'),
  (12072,'admin','192.168.0.193','2012-05-14 15:00:11'),
  (12073,'admin','192.168.0.193','2012-05-14 15:00:27'),
  (12074,'hmx','192.168.0.196','2012-05-14 15:00:58'),
  (12075,'admin','192.168.0.193','2012-05-14 15:03:00'),
  (12076,'admin','192.168.0.193','2012-05-14 15:03:45'),
  (12077,'song','192.168.0.192','2012-05-14 14:58:17'),
  (12078,'admin','192.168.0.193','2012-05-14 15:06:34'),
  (12079,'xiexin','192.168.0.196','2012-05-14 15:06:42'),
  (12080,'xiexin','192.168.0.196','2012-05-14 15:07:09'),
  (12081,'xiexin','192.168.0.196','2012-05-14 15:07:11'),
  (12082,'admin','192.168.0.193','2012-05-14 15:07:15'),
  (12083,'hmx','192.168.0.196','2012-05-14 15:07:23'),
  (12084,'admin','192.168.0.193','2012-05-14 15:11:30'),
  (12085,'admin','192.168.0.193','2012-05-14 15:11:50'),
  (12086,'admin','192.168.0.193','2012-05-14 15:12:22'),
  (12087,'admin','192.168.0.193','2012-05-14 15:13:30'),
  (12088,'admin','192.168.0.193','2012-05-14 15:14:45'),
  (12089,'admin','192.168.0.193','2012-05-14 15:15:01'),
  (12090,'humanxing','192.168.0.191','2012-05-14 15:09:36'),
  (12091,'admin','192.168.0.193','2012-05-14 15:15:13'),
  (12092,'admin','192.168.0.193','2012-05-14 15:15:28'),
  (12093,'admin','192.168.0.193','2012-05-14 15:15:42'),
  (12094,'admin','192.168.0.193','2012-05-14 15:16:18'),
  (12095,'admin','192.168.0.193','2012-05-14 15:16:36'),
  (12096,'admin','192.168.0.193','2012-05-14 15:16:55'),
  (12097,'humanxing','192.168.0.191','2012-05-14 15:11:35'),
  (12098,'admin','192.168.0.193','2012-05-14 15:17:52'),
  (12099,'admin','192.168.0.193','2012-05-14 15:18:12'),
  (12100,'x.xie','192.168.0.191','2012-05-14 15:16:50'),
  (12101,'admin','192.168.0.193','2012-05-14 15:25:13'),
  (12102,'humanxing','192.168.0.191','2012-05-14 15:21:03'),
  (12103,'admin','192.168.0.193','2012-05-14 15:26:43'),
  (12104,'admin','192.168.0.193','2012-05-14 15:27:02'),
  (12105,'admin','192.168.0.193','2012-05-14 15:27:23'),
  (12106,'admin','192.168.0.193','2012-05-14 15:30:47'),
  (12107,'admin','192.168.0.193','2012-05-14 15:31:04'),
  (12108,'admin','192.168.0.193','2012-05-14 15:31:26'),
  (12109,'admin','192.168.0.193','2012-05-14 15:32:08'),
  (12110,'admin','192.168.0.193','2012-05-14 15:32:45'),
  (12111,'admin','192.168.0.193','2012-05-14 15:33:42'),
  (12112,'sqj','192.168.0.189','2012-05-14 15:34:17'),
  (12113,'humanxing','192.168.0.191','2012-05-14 15:30:24'),
  (12114,'admin','192.168.0.193','2012-05-14 15:37:18'),
  (12115,'admin','192.168.0.193','2012-05-14 15:37:35'),
  (12116,'admin','192.168.0.193','2012-05-14 15:38:03'),
  (12117,'admin','192.168.0.193','2012-05-14 15:38:22'),
  (12118,'hmx','192.168.0.191','2012-05-14 15:33:02'),
  (12119,'admin','192.168.0.193','2012-05-14 15:38:44'),
  (12120,'admin','192.168.0.193','2012-05-14 15:38:56'),
  (12121,'admin','192.168.0.193','2012-05-14 15:39:28'),
  (12122,'admin','192.168.0.193','2012-05-14 15:39:39'),
  (12123,'admin','192.168.0.193','2012-05-14 15:39:43'),
  (12124,'admin','192.168.0.193','2012-05-14 15:40:27'),
  (12125,'admin','192.168.0.193','2012-05-14 15:44:49'),
  (12126,'humanxing','192.168.0.189','2012-05-14 15:45:18'),
  (12127,'humanxing','192.168.0.191','2012-05-14 15:49:05'),
  (12128,'xiexin','192.168.0.196','2012-05-14 15:57:08'),
  (12129,'hmx','192.168.0.196','2012-05-14 15:58:13'),
  (12130,'humanxing','192.168.0.189','2012-05-14 15:59:57'),
  (12131,'xiexin','192.168.0.196','2012-05-14 16:00:28'),
  (12132,'xiexin','192.168.0.196','2012-05-14 16:14:54'),
  (12133,'hmx','192.168.0.196','2012-05-14 16:15:41'),
  (12134,'song','192.168.0.192','2012-05-14 16:11:01'),
  (12135,'song','192.168.0.192','2012-05-14 16:11:01'),
  (12136,'hmx','192.168.0.191','2012-05-14 16:13:41'),
  (12137,'admin','192.168.0.193','2012-05-14 16:21:08'),
  (12138,'humanxing','192.168.0.196','2012-05-14 16:21:42'),
  (12139,'hmx','192.168.0.196','2012-05-14 16:22:32'),
  (12140,'song','192.168.0.192','2012-05-14 16:18:40'),
  (12141,'song','192.168.0.192','2012-05-14 16:21:06'),
  (12142,'song','192.168.0.192','2012-05-14 16:21:06'),
  (12143,'song','192.168.0.192','2012-05-14 16:25:27'),
  (12144,'song','192.168.0.192','2012-05-14 16:25:27'),
  (12145,'hmx','192.168.0.196','2012-05-14 16:35:10'),
  (12146,'song','192.168.0.192','2012-05-14 16:27:45'),
  (12147,'song','192.168.0.192','2012-05-14 16:27:45'),
  (12148,'song','192.168.0.192','2012-05-14 16:31:05'),
  (12149,'song','192.168.0.192','2012-05-14 16:31:37'),
  (12150,'humanxing','192.168.0.191','2012-05-14 16:41:12'),
  (12151,'song','192.168.0.192','2012-05-14 16:40:40'),
  (12152,'song','192.168.0.192','2012-05-14 16:40:40'),
  (12153,'song','192.168.0.192','2012-05-14 16:46:46'),
  (12154,'song','192.168.0.192','2012-05-14 16:49:46'),
  (12155,'song','192.168.0.192','2012-05-14 16:54:06'),
  (12156,'humanxing','192.168.0.191','2012-05-14 17:00:38'),
  (12157,'song','192.168.0.192','2012-05-14 16:56:00'),
  (12158,'song','192.168.0.192','2012-05-14 17:06:33'),
  (12159,'song','192.168.0.192','2012-05-14 17:06:33'),
  (12160,'admin','192.168.0.193','2012-05-14 17:16:03'),
  (12161,'song','192.168.0.192','2012-05-14 17:12:37'),
  (12162,'song','192.168.0.192','2012-05-14 17:12:37'),
  (12163,'humanxing','192.168.0.189','2012-05-14 17:20:56'),
  (12164,'song','192.168.0.192','2012-05-14 17:17:23'),
  (12165,'song','192.168.0.192','2012-05-14 17:17:23'),
  (12166,'xiexin','192.168.0.196','2012-05-14 17:29:07'),
  (12167,'hmx','192.168.0.196','2012-05-14 17:29:49'),
  (12168,'hmx','192.168.0.196','2012-05-14 17:36:49'),
  (12169,'xiexin','192.168.0.196','2012-05-14 17:38:31'),
  (12170,'song','192.168.0.192','2012-05-14 17:32:17'),
  (12171,'admin','192.168.0.189','2012-05-14 17:40:26'),
  (12172,'xiexin','192.168.0.196','2012-05-14 17:48:25'),
  (12173,'sqj','192.168.0.192','2012-05-14 17:41:58'),
  (12174,'sqj','192.168.0.192','2012-05-14 17:41:58'),
  (12175,'sqj','192.168.0.192','2012-05-14 17:45:10'),
  (12176,'sqj','192.168.0.192','2012-05-14 17:45:10'),
  (12177,'song','192.168.0.192','2012-05-14 17:50:03'),
  (12178,'song','192.168.0.192','2012-05-14 17:50:03'),
  (12179,'xiexin','192.168.0.196','2012-05-14 17:58:40'),
  (12180,'humanxing','192.168.0.191','2012-05-14 18:04:59'),
  (12181,'hmx','192.168.0.196','2012-05-14 18:07:38'),
  (12182,'song','192.168.0.192','2012-05-14 18:00:08'),
  (12183,'hmx','192.168.0.196','2012-05-14 18:09:46'),
  (12184,'humanxing','192.168.0.191','2012-05-14 18:07:49'),
  (12185,'xiexin','192.168.0.196','2012-05-14 18:11:21'),
  (12186,'xiexin','192.168.0.196','2012-05-14 18:15:22'),
  (12187,'sqj','192.168.0.192','2012-05-14 18:09:19'),
  (12188,'song','192.168.0.192','2012-05-14 18:09:47'),
  (12189,'song','192.168.0.192','2012-05-14 18:09:47'),
  (12190,'hmx','192.168.0.196','2012-05-14 18:29:40'),
  (12191,'xiexin','192.168.0.196','2012-05-14 18:30:52'),
  (12192,'hmx','192.168.0.196','2012-05-14 18:31:53'),
  (12193,'xiexin','192.168.0.196','2012-05-14 18:32:31'),
  (12194,'xiexin','192.168.0.196','2012-05-14 18:33:28'),
  (12195,'hmx','192.168.0.196','2012-05-14 18:33:59'),
  (12196,'xiexin','192.168.0.196','2012-05-14 18:34:41'),
  (12197,'song','192.168.0.192','2012-05-14 18:31:18'),
  (12198,'sqj','192.168.0.192','2012-05-14 18:32:03'),
  (12199,'sqj','192.168.0.192','2012-05-14 18:32:03'),
  (12200,'songqingjun','192.168.0.192','2012-05-14 18:35:34'),
  (12201,'songqingjun','192.168.0.192','2012-05-14 18:35:34'),
  (12202,'xiexin','192.168.0.196','2012-05-14 18:44:21'),
  (12203,'song','192.168.0.192','2012-05-14 18:36:41'),
  (12204,'song','192.168.0.192','2012-05-14 18:36:41'),
  (12205,'hmx','192.168.0.196','2012-05-14 18:45:06'),
  (12206,'song','192.168.0.192','2012-05-14 18:37:32'),
  (12207,'xiexin','192.168.0.196','2012-05-14 18:46:13'),
  (12208,'sqj','192.168.0.192','2012-05-14 18:39:48'),
  (12209,'sqj','192.168.0.192','2012-05-14 18:39:48'),
  (12210,'sqj','192.168.0.192','2012-05-14 18:42:35'),
  (12211,'sqj','192.168.0.192','2012-05-14 18:42:35'),
  (12212,'song','192.168.0.192','2012-05-14 18:46:16'),
  (12213,'song','192.168.0.192','2012-05-14 18:46:16'),
  (12214,'jmzd','192.168.0.191','2012-05-14 19:03:28'),
  (12215,'xiexin','192.168.0.196','2012-05-14 19:06:47'),
  (12216,'hmx','192.168.0.196','2012-05-14 19:07:19'),
  (12217,'xiexin','192.168.0.196','2012-05-14 19:07:54'),
  (12218,'x.xie','192.168.0.191','2012-05-14 19:06:29'),
  (12219,'song','192.168.0.192','2012-05-14 19:00:40'),
  (12220,'sqj','192.168.0.192','2012-05-15 09:30:48'),
  (12221,'sqj','192.168.0.192','2012-05-15 09:30:48'),
  (12222,'humanxing','192.168.0.191','2012-05-15 09:37:47'),
  (12223,'humanxing','192.168.0.191','2012-05-15 09:39:49'),
  (12224,'admin','192.168.0.191','2012-05-15 09:40:08'),
  (12225,'admin','192.168.0.191','2012-05-15 09:40:12'),
  (12226,'humanxing','192.168.0.191','2012-05-15 09:40:51'),
  (12227,'humanxing','192.168.0.191','2012-05-15 09:44:47'),
  (12228,'song','192.168.0.192','2012-05-15 09:39:16'),
  (12229,'song','192.168.0.192','2012-05-15 09:39:16'),
  (12230,'humanxing','192.168.0.191','2012-05-15 09:51:21'),
  (12231,'song','192.168.0.192','2012-05-15 09:51:31'),
  (12232,'song','192.168.0.192','2012-05-15 09:51:31'),
  (12233,'song','192.168.0.192','2012-05-15 09:52:25'),
  (12234,'song','192.168.0.192','2012-05-15 09:55:03'),
  (12235,'song','192.168.0.192','2012-05-15 09:55:03'),
  (12236,'song','192.168.0.192','2012-05-15 09:57:18'),
  (12237,'song','192.168.0.192','2012-05-15 10:02:42'),
  (12238,'song','192.168.0.192','2012-05-15 10:02:42'),
  (12239,'humanxing','192.168.0.191','2012-05-15 10:11:07'),
  (12240,'song','192.168.0.192','2012-05-15 10:28:53'),
  (12241,'song','192.168.0.192','2012-05-15 10:28:53'),
  (12242,'humanxing','192.168.0.191','2012-05-15 10:38:05'),
  (12243,'hmx','192.168.0.170','2012-05-15 10:39:50'),
  (12244,'hmx','192.168.0.170','2012-05-15 10:41:51'),
  (12245,'humanxing','192.168.0.191','2012-05-15 10:43:21'),
  (12246,'xiexin','192.168.0.170','2012-05-15 10:44:10'),
  (12247,'hmx','192.168.0.170','2012-05-15 10:45:31'),
  (12248,'song','192.168.0.192','2012-05-15 10:41:01'),
  (12249,'song','192.168.0.192','2012-05-15 10:42:15'),
  (12250,'xiexin','192.168.0.170','2012-05-15 10:50:04'),
  (12251,'song','192.168.0.192','2012-05-15 10:44:29'),
  (12252,'song','192.168.0.192','2012-05-15 10:44:29'),
  (12253,'hmx','192.168.0.170','2012-05-15 10:52:57'),
  (12254,'song','192.168.0.192','2012-05-15 10:46:25'),
  (12255,'xiexin','192.168.0.170','2012-05-15 10:54:15'),
  (12256,'song','192.168.0.192','2012-05-15 10:54:32'),
  (12257,'song','192.168.0.192','2012-05-15 10:54:32'),
  (12258,'hmx','192.168.0.170','2012-05-15 11:06:13'),
  (12259,'xiexin','192.168.0.170','2012-05-15 11:06:59'),
  (12260,'hmx','192.168.0.170','2012-05-15 11:08:24'),
  (12261,'x.xie','192.168.0.191','2012-05-15 11:15:04'),
  (12262,'humanxing','192.168.0.191','2012-05-15 11:15:37'),
  (12263,'humanxing','192.168.0.191','2012-05-15 11:21:44'),
  (12264,'song','192.168.0.192','2012-05-15 11:16:53'),
  (12265,'song','192.168.0.192','2012-05-15 11:16:53'),
  (12266,'sqj','192.168.0.192','2012-05-15 11:17:51'),
  (12267,'sqj','192.168.0.192','2012-05-15 11:17:51'),
  (12268,'humanxing','192.168.0.191','2012-05-15 11:26:16'),
  (12269,'song','192.168.0.192','2012-05-15 11:19:05'),
  (12270,'song','192.168.0.192','2012-05-15 11:19:05'),
  (12271,'xiexin','192.168.0.170','2012-05-15 11:28:13'),
  (12272,'admin','192.168.0.170','2012-05-15 12:19:32'),
  (12273,'admin','192.168.0.170','2012-05-15 12:21:16'),
  (12274,'xiexin','192.168.0.170','2012-05-15 12:32:44'),
  (12275,'hmx','192.168.0.170','2012-05-15 13:36:03'),
  (12276,'song','192.168.0.192','2012-05-15 13:31:20'),
  (12277,'song','192.168.0.192','2012-05-15 13:31:21'),
  (12278,'xiexin','192.168.0.170','2012-05-15 13:41:55'),
  (12279,'humanxing','192.168.0.191','2012-05-15 13:44:05'),
  (12280,'song','192.168.0.192','2012-05-15 13:48:09'),
  (12281,'song','192.168.0.192','2012-05-15 13:48:09'),
  (12282,'sqj','192.168.0.192','2012-05-15 13:48:57'),
  (12283,'sqj','192.168.0.192','2012-05-15 13:48:57'),
  (12284,'song','192.168.0.192','2012-05-15 13:49:39'),
  (12285,'song','192.168.0.192','2012-05-15 13:49:39'),
  (12286,'song','192.168.0.192','2012-05-15 13:50:29'),
  (12287,'song','192.168.0.192','2012-05-15 13:50:30'),
  (12288,'song','192.168.0.192','2012-05-15 13:52:31'),
  (12289,'song','192.168.0.192','2012-05-15 13:52:31'),
  (12290,'humanxing','192.168.0.191','2012-05-15 14:11:28'),
  (12291,'humanxing','192.168.0.191','2012-05-15 14:18:38'),
  (12292,'humanxing','192.168.0.191','2012-05-15 14:27:27'),
  (12293,'song','192.168.0.192','2012-05-15 14:19:24'),
  (12294,'song','192.168.0.192','2012-05-15 14:21:01'),
  (12295,'song','192.168.0.192','2012-05-15 14:21:01'),
  (12296,'song','192.168.0.192','2012-05-15 14:21:58');

COMMIT;

#
# Data for the `sa_logs` table  (LIMIT 1500,500)
#

INSERT INTO `sa_logs` (`id`, `username`, `ip`, `logtime`) VALUES 
  (12297,'song','192.168.0.192','2012-05-15 14:23:16'),
  (12298,'song','192.168.0.192','2012-05-15 14:35:06'),
  (12299,'song','192.168.0.192','2012-05-15 14:35:06'),
  (12300,'humanxing','192.168.0.191','2012-05-15 14:46:44'),
  (12301,'xiexin','192.168.0.170','2012-05-15 14:58:47'),
  (12302,'song','192.168.0.192','2012-05-15 14:50:54'),
  (12303,'song','192.168.0.192','2012-05-15 14:50:54'),
  (12304,'hmx','192.168.0.170','2012-05-15 15:05:45'),
  (12305,'xiexin','192.168.0.170','2012-05-15 15:10:03'),
  (12306,'song','192.168.0.192','2012-05-15 15:03:09'),
  (12307,'hmx','192.168.0.170','2012-05-15 15:13:35'),
  (12308,'xiexin','192.168.0.170','2012-05-15 15:14:26'),
  (12309,'xiexin','192.168.0.170','2012-05-15 15:15:43'),
  (12310,'hmx','192.168.0.170','2012-05-15 15:16:03'),
  (12311,'sqj','192.168.239.1','2012-05-15 15:21:12'),
  (12312,'sqj','192.168.239.1','2012-05-15 15:22:06'),
  (12313,'jmzd','192.168.239.1','2012-05-15 15:22:55'),
  (12314,'jmzd','192.168.239.1','2012-05-15 15:25:02'),
  (12315,'jmzd','192.168.239.1','2012-05-15 15:28:34'),
  (12316,'hmx','192.168.0.191','2012-05-15 15:36:34'),
  (12317,'xiexin','192.168.0.170','2012-05-15 15:37:12'),
  (12318,'hmx','192.168.0.170','2012-05-15 15:39:55'),
  (12319,'xiexin','192.168.0.170','2012-05-15 15:42:55'),
  (12320,'hmx','192.168.0.170','2012-05-15 15:47:24'),
  (12321,'xiexin','192.168.0.170','2012-05-15 15:48:07'),
  (12322,'hmx','192.168.0.170','2012-05-15 15:48:57'),
  (12323,'xiexin','192.168.0.170','2012-05-15 15:52:34'),
  (12324,'humanxing','192.168.0.191','2012-05-15 15:58:51'),
  (12325,'hmx','192.168.0.170','2012-05-15 16:00:13'),
  (12326,'song','192.168.0.192','2012-05-15 15:59:45'),
  (12327,'song','192.168.0.192','2012-05-15 15:59:45'),
  (12328,'xiexin','192.168.0.170','2012-05-15 16:09:16'),
  (12329,'song','192.168.0.192','2012-05-15 16:04:36'),
  (12330,'song','192.168.0.192','2012-05-15 16:04:36'),
  (12331,'xiexin','192.168.0.170','2012-05-15 16:16:29'),
  (12332,'humanxing','192.168.0.191','2012-05-15 16:18:33'),
  (12333,'xiexin','192.168.0.170','2012-05-15 16:17:22'),
  (12334,'hmx','192.168.0.170','2012-05-15 16:17:36'),
  (12335,'xiexin','192.168.0.170','2012-05-15 16:19:07'),
  (12336,'hmx','192.168.0.170','2012-05-15 16:20:38'),
  (12337,'sqj','192.168.0.170','2012-05-15 16:27:55'),
  (12338,'admin','192.168.0.191','2012-05-15 16:31:10'),
  (12339,'admin','192.168.0.191','2012-05-15 16:31:16'),
  (12340,'humanxing','192.168.0.191','2012-05-15 16:32:38'),
  (12341,'song','192.168.0.192','2012-05-15 16:26:13'),
  (12342,'song','192.168.0.192','2012-05-15 16:26:13'),
  (12343,'humanxing','192.168.0.191','2012-05-15 16:40:19'),
  (12344,'song','192.168.0.192','2012-05-15 16:34:03'),
  (12345,'song','192.168.0.192','2012-05-15 16:34:03'),
  (12346,'humanxing','192.168.0.191','2012-05-15 16:49:04'),
  (12347,'humanxing','192.168.0.191','2012-05-15 16:55:33'),
  (12348,'hmx','192.168.0.170','2012-05-15 17:10:05'),
  (12349,'sqj','192.168.0.170','2012-05-15 17:11:02'),
  (12350,'song','192.168.0.192','2012-05-15 17:07:01'),
  (12351,'hmx','192.168.0.170','2012-05-15 17:15:33'),
  (12352,'humanxing','192.168.0.191','2012-05-15 17:17:08'),
  (12353,'humanxing','192.168.0.191','2012-05-15 17:18:32'),
  (12354,'humanxing','192.168.0.191','2012-05-15 17:20:39'),
  (12355,'sqj','192.168.0.170','2012-05-15 17:20:05'),
  (12356,'hmx','192.168.0.170','2012-05-15 17:21:09'),
  (12357,'song','192.168.0.192','2012-05-15 17:14:24'),
  (12358,'song','192.168.0.192','2012-05-15 17:14:24'),
  (12359,'humanxing','192.168.0.191','2012-05-15 17:29:06'),
  (12360,'xiexin','192.168.0.170','2012-05-15 17:59:01'),
  (12361,'xiexin','192.168.0.170','2012-05-15 18:00:19'),
  (12362,'xiexin','192.168.0.170','2012-05-15 18:00:21'),
  (12363,'hmx','192.168.0.170','2012-05-15 18:01:01'),
  (12364,'hmx','192.168.0.170','2012-05-15 18:01:35'),
  (12365,'xiexin','192.168.0.170','2012-05-15 18:01:48'),
  (12366,'humanxing','192.168.0.191','2012-05-16 09:12:37'),
  (12367,'x.xie','192.168.0.191','2012-05-16 09:13:59'),
  (12368,'humanxing','192.168.0.191','2012-05-16 09:14:32'),
  (12369,'song','192.168.0.192','2012-05-16 09:08:23'),
  (12370,'song','192.168.0.192','2012-05-16 09:08:23'),
  (12371,'admin','192.168.0.170','2012-05-16 09:16:40'),
  (12372,'xiexin','192.168.0.170','2012-05-16 09:22:48'),
  (12373,'hmx','192.168.0.170','2012-05-16 09:23:18'),
  (12374,'song','192.168.0.192','2012-05-16 09:36:36'),
  (12375,'song','192.168.0.192','2012-05-16 09:40:50'),
  (12376,'song','192.168.0.192','2012-05-16 09:40:50'),
  (12377,'song','192.168.0.192','2012-05-16 09:48:02'),
  (12378,'song','192.168.0.192','2012-05-16 09:48:02'),
  (12379,'xiexin','192.168.0.170','2012-05-16 09:57:05'),
  (12380,'song','192.168.0.192','2012-05-16 09:51:24'),
  (12381,'song','192.168.0.192','2012-05-16 09:51:24'),
  (12382,'xiexin','192.168.0.170','2012-05-16 10:02:10'),
  (12383,'hmx','192.168.0.170','2012-05-16 10:03:26'),
  (12384,'xiexin','192.168.0.170','2012-05-16 10:05:56'),
  (12385,'hmx','192.168.0.170','2012-05-16 10:06:16'),
  (12386,'sqj','192.168.0.170','2012-05-16 10:07:15'),
  (12387,'humanxing','192.168.0.191','2012-05-16 10:11:43'),
  (12388,'sqj','192.168.0.170','2012-05-16 10:10:03'),
  (12389,'hmx','192.168.0.170','2012-05-16 10:10:12'),
  (12390,'song','192.168.0.192','2012-05-16 10:05:40'),
  (12391,'song','192.168.0.192','2012-05-16 10:05:40'),
  (12392,'jmzd','192.168.0.170','2012-05-16 10:13:04'),
  (12393,'hmx','192.168.0.170','2012-05-16 10:14:22'),
  (12394,'song','192.168.0.192','2012-05-16 10:07:33'),
  (12395,'song','192.168.0.192','2012-05-16 10:07:33'),
  (12396,'jmzd','192.168.0.170','2012-05-16 10:15:04'),
  (12397,'jmzd','192.168.0.170','2012-05-16 10:35:44'),
  (12398,'hmx','192.168.0.170','2012-05-16 10:37:04'),
  (12399,'xiexin','192.168.0.170','2012-05-16 10:44:33'),
  (12400,'sqj','192.168.0.170','2012-05-16 10:50:06'),
  (12401,'humanxing','192.168.0.191','2012-05-16 10:57:36'),
  (12402,'song','192.168.0.192','2012-05-16 10:52:46'),
  (12403,'humanxing','192.168.0.191','2012-05-16 11:03:17'),
  (12404,'song','192.168.0.192','2012-05-16 10:54:26'),
  (12405,'hmx','192.168.0.170','2012-05-16 11:02:38'),
  (12406,'humanxing','192.168.0.191','2012-05-16 11:06:28'),
  (12407,'sqj','192.168.0.170','2012-05-16 11:04:46'),
  (12408,'jmzd','192.168.0.170','2012-05-16 11:05:28'),
  (12409,'x.xie','192.168.0.191','2012-05-16 11:08:48'),
  (12410,'humanxing','192.168.0.191','2012-05-16 11:09:28'),
  (12411,'admin','192.168.0.192','2012-05-16 11:01:24'),
  (12412,'admin','192.168.0.192','2012-05-16 11:01:24'),
  (12413,'admin','192.168.0.192','2012-05-16 11:01:28'),
  (12414,'xiexin','192.168.0.170','2012-05-16 11:12:31'),
  (12415,'hmx','192.168.0.170','2012-05-16 11:13:37'),
  (12416,'xiexin','192.168.0.170','2012-05-16 11:14:32'),
  (12417,'hmx','192.168.0.170','2012-05-16 11:14:39'),
  (12418,'admin','192.168.0.192','2012-05-16 11:08:57'),
  (12419,'song','192.168.0.192','2012-05-16 11:09:26'),
  (12420,'song','192.168.0.192','2012-05-16 11:09:26'),
  (12421,'song','192.168.0.192','2012-05-16 11:13:27'),
  (12422,'xiexin','192.168.0.170','2012-05-16 11:25:26'),
  (12423,'xiexin','192.168.0.170','2012-05-16 11:25:26'),
  (12424,'song','192.168.0.192','2012-05-16 11:18:24'),
  (12425,'hmx','192.168.0.170','2012-05-16 11:26:04'),
  (12426,'xiexin','192.168.0.170','2012-05-16 11:26:34'),
  (12427,'hmx','192.168.0.170','2012-05-16 11:27:01'),
  (12428,'jmzd','192.168.0.170','2012-05-16 11:29:20'),
  (12429,'song','192.168.0.192','2012-05-16 11:23:22'),
  (12430,'song','192.168.0.192','2012-05-16 11:29:38'),
  (12431,'song','192.168.0.192','2012-05-16 11:29:38'),
  (12432,'jmzd','192.168.0.170','2012-05-16 11:38:11'),
  (12433,'jmzd','192.168.0.170','2012-05-16 11:38:13'),
  (12434,'hmx','192.168.0.170','2012-05-16 11:39:41'),
  (12435,'jmzd','192.168.0.170','2012-05-16 11:40:15'),
  (12436,'hmx','192.168.0.170','2012-05-16 11:40:34'),
  (12437,'humanxing','192.168.0.191','2012-05-16 12:28:23'),
  (12438,'sqj','192.168.0.170','2012-05-16 13:29:09'),
  (12439,'hmx','192.168.0.170','2012-05-16 13:34:31'),
  (12440,'sqj','192.168.0.170','2012-05-16 13:35:11'),
  (12441,'hmx','192.168.0.170','2012-05-16 13:37:40'),
  (12442,'sqj','192.168.0.170','2012-05-16 13:38:07'),
  (12443,'humanxing','192.168.0.191','2012-05-16 13:41:24'),
  (12444,'hmx','192.168.0.170','2012-05-16 13:40:47'),
  (12445,'sqj','192.168.0.170','2012-05-16 13:42:08'),
  (12446,'song','192.168.0.192','2012-05-16 13:41:49'),
  (12447,'song','192.168.0.192','2012-05-16 13:41:49'),
  (12448,'song','192.168.0.192','2012-05-16 13:54:48'),
  (12449,'humanxing','192.168.0.191','2012-05-16 14:06:40'),
  (12450,'hmx','192.168.0.192','2012-05-16 13:58:14'),
  (12451,'hmx','192.168.0.192','2012-05-16 13:58:14'),
  (12452,'song','192.168.0.192','2012-05-16 13:59:03'),
  (12453,'song','192.168.0.192','2012-05-16 13:59:03'),
  (12454,'humanxing','192.168.0.191','2012-05-16 14:12:53'),
  (12455,'sqj','192.168.0.170','2012-05-16 14:13:44'),
  (12456,'sqj','192.168.0.170','2012-05-16 14:13:48'),
  (12457,'sqj','192.168.0.170','2012-05-16 14:13:49'),
  (12458,'sqj','192.168.0.170','2012-05-16 14:14:01'),
  (12459,'hmx','192.168.0.170','2012-05-16 14:16:18'),
  (12460,'sqj','192.168.0.170','2012-05-16 14:17:27'),
  (12461,'hmx','192.168.0.170','2012-05-16 14:17:52'),
  (12462,'sqj','192.168.0.170','2012-05-16 14:18:08'),
  (12463,'songqingjun','192.168.0.170','2012-05-16 14:20:46'),
  (12464,'humanxing','192.168.0.170','2012-05-16 14:23:54'),
  (12465,'admin','192.168.0.170','2012-05-16 14:24:21'),
  (12466,'admin','192.168.0.170','2012-05-16 14:24:25'),
  (12467,'humanxing','192.168.0.170','2012-05-16 14:25:05'),
  (12468,'song','192.168.0.192','2012-05-16 14:24:32'),
  (12469,'hmx','192.168.0.192','2012-05-16 14:27:21'),
  (12470,'hmx','192.168.0.192','2012-05-16 14:27:21'),
  (12471,'song','192.168.0.192','2012-05-16 14:27:55'),
  (12472,'song','192.168.0.192','2012-05-16 14:27:55'),
  (12473,'humanxing','192.168.0.170','2012-05-16 14:36:01'),
  (12474,'humanxing','192.168.0.191','2012-05-16 14:42:47'),
  (12475,'song','192.168.0.192','2012-05-16 14:34:17'),
  (12476,'song','192.168.0.192','2012-05-16 14:34:17'),
  (12477,'hmx','192.168.0.192','2012-05-16 14:34:31'),
  (12478,'hmx','192.168.0.192','2012-05-16 14:34:31'),
  (12479,'song','192.168.0.192','2012-05-16 14:35:08'),
  (12480,'song','192.168.0.192','2012-05-16 14:35:08'),
  (12481,'song','192.168.0.192','2012-05-16 14:44:22'),
  (12482,'song','192.168.0.192','2012-05-16 14:44:22'),
  (12483,'humanxing','192.168.0.191','2012-05-16 14:57:25'),
  (12484,'song','192.168.0.192','2012-05-16 14:50:18'),
  (12485,'song','192.168.0.192','2012-05-16 14:52:44'),
  (12486,'song','192.168.0.192','2012-05-16 14:52:46'),
  (12487,'song','192.168.0.192','2012-05-16 14:55:35'),
  (12488,'song','192.168.0.192','2012-05-16 15:02:09'),
  (12489,'song','192.168.0.192','2012-05-16 15:03:34'),
  (12490,'song','192.168.0.192','2012-05-16 15:03:34'),
  (12491,'song','192.168.0.192','2012-05-16 15:11:40'),
  (12492,'song','192.168.0.192','2012-05-16 15:11:39'),
  (12493,'humanxing','192.168.0.191','2012-05-16 15:21:25'),
  (12494,'hmx','192.168.0.192','2012-05-16 15:12:47'),
  (12495,'hmx','192.168.0.192','2012-05-16 15:12:48'),
  (12496,'song','192.168.0.192','2012-05-16 15:13:25'),
  (12497,'song','192.168.0.192','2012-05-16 15:13:25'),
  (12498,'hmx','192.168.0.191','2012-05-16 15:25:26'),
  (12499,'admin','192.168.0.191','2012-05-16 15:26:07'),
  (12500,'admin','192.168.0.191','2012-05-16 15:26:13'),
  (12501,'hmx','192.168.0.192','2012-05-16 15:20:43'),
  (12502,'hmx','192.168.0.192','2012-05-16 15:20:43'),
  (12503,'song','192.168.0.192','2012-05-16 15:21:38'),
  (12504,'song','192.168.0.192','2012-05-16 15:21:38'),
  (12505,'humanxing','192.168.0.191','2012-05-16 15:33:42'),
  (12506,'song','192.168.0.192','2012-05-16 15:27:00'),
  (12507,'song','192.168.0.192','2012-05-16 15:34:07'),
  (12508,'song','192.168.0.192','2012-05-16 15:34:07'),
  (12509,'admin','192.168.0.170','2012-05-16 15:44:28'),
  (12510,'admin','192.168.0.170','2012-05-16 15:45:09'),
  (12511,'song','192.168.0.192','2012-05-16 15:39:53'),
  (12512,'song','192.168.0.192','2012-05-16 15:39:53'),
  (12513,'humanxing','192.168.0.191','2012-05-16 15:50:12'),
  (12514,'humanxing','192.168.0.170','2012-05-16 15:49:22'),
  (12515,'hmx','192.168.0.170','2012-05-16 15:49:38'),
  (12516,'humanxing','192.168.0.191','2012-05-16 15:56:50'),
  (12517,'humanxing','192.168.0.191','2012-05-16 16:00:12'),
  (12518,'humanxing','192.168.0.191','2012-05-16 16:00:12'),
  (12519,'humanxing','192.168.0.191','2012-05-16 16:01:00'),
  (12520,'hmx','192.168.0.191','2012-05-16 16:01:38'),
  (12521,'hmx','192.168.0.170','2012-05-16 16:02:39'),
  (12522,'song','192.168.0.192','2012-05-16 16:08:40'),
  (12523,'song','192.168.0.192','2012-05-16 16:08:40'),
  (12524,'hmx','192.168.0.170','2012-05-16 16:19:49'),
  (12525,'hmx','192.168.0.191','2012-05-16 16:23:46'),
  (12526,'song','192.168.0.192','2012-05-16 16:14:56'),
  (12527,'hmx','192.168.0.170','2012-05-16 16:24:08'),
  (12528,'song','192.168.0.192','2012-05-16 16:17:06'),
  (12529,'song','192.168.0.192','2012-05-16 16:17:06'),
  (12530,'hmx','192.168.0.192','2012-05-16 16:18:00'),
  (12531,'hmx','192.168.0.192','2012-05-16 16:18:00'),
  (12532,'song','192.168.0.192','2012-05-16 16:18:32'),
  (12533,'song','192.168.0.192','2012-05-16 16:18:32'),
  (12534,'hmx','192.168.0.170','2012-05-16 16:28:42'),
  (12535,'humanxing','192.168.0.191','2012-05-16 16:33:22'),
  (12536,'hmx','192.168.0.191','2012-05-16 16:33:38'),
  (12537,'song','192.168.0.192','2012-05-16 16:23:34'),
  (12538,'hmx','192.168.0.191','2012-05-16 17:06:21'),
  (12539,'song','192.168.0.192','2012-05-16 16:58:26'),
  (12540,'sqj','192.168.0.192','2012-05-16 16:58:53'),
  (12541,'sqj','192.168.0.192','2012-05-16 16:58:53'),
  (12542,'hmx','192.168.0.191','2012-05-16 17:09:30'),
  (12543,'hmx','192.168.0.192','2012-05-16 17:01:33'),
  (12544,'hmx','192.168.0.192','2012-05-16 17:01:33'),
  (12545,'sqj','192.168.0.192','2012-05-16 17:02:04'),
  (12546,'sqj','192.168.0.192','2012-05-16 17:02:04'),
  (12547,'hmx','192.168.0.191','2012-05-16 17:13:35'),
  (12548,'song','192.168.0.192','2012-05-16 17:09:05'),
  (12549,'song','192.168.0.192','2012-05-16 17:09:05'),
  (12550,'song','192.168.0.192','2012-05-16 17:11:07'),
  (12551,'hmx','192.168.0.192','2012-05-16 17:12:26'),
  (12552,'hmx','192.168.0.192','2012-05-16 17:12:26'),
  (12553,'song','192.168.0.192','2012-05-16 17:13:01'),
  (12554,'song','192.168.0.192','2012-05-16 17:13:01'),
  (12555,'song','192.168.0.192','2012-05-16 17:17:51'),
  (12556,'song','192.168.0.192','2012-05-16 17:20:22'),
  (12557,'hmx','192.168.0.170','2012-05-16 17:28:24'),
  (12558,'hmx','192.168.0.170','2012-05-16 17:29:00'),
  (12559,'hmx','192.168.0.170','2012-05-16 17:29:30'),
  (12560,'hmx','192.168.0.170','2012-05-16 17:31:54'),
  (12561,'hmx','192.168.0.170','2012-05-16 17:32:10'),
  (12562,'hmx','192.168.0.170','2012-05-16 17:32:49'),
  (12563,'hmx','192.168.0.170','2012-05-16 17:33:55'),
  (12564,'hmx','192.168.0.170','2012-05-16 17:35:04'),
  (12565,'hmx','192.168.0.170','2012-05-16 17:35:07'),
  (12566,'hmx','192.168.0.170','2012-05-16 17:36:06'),
  (12567,'hmx','192.168.0.170','2012-05-16 17:36:23'),
  (12568,'song','192.168.0.192','2012-05-16 17:30:15'),
  (12569,'hmx','192.168.0.170','2012-05-16 17:38:01'),
  (12570,'hmx','192.168.0.170','2012-05-16 17:38:09'),
  (12571,'hmx','192.168.0.170','2012-05-16 17:38:32'),
  (12572,'hmx','192.168.0.170','2012-05-16 17:40:12'),
  (12573,'hmx','192.168.0.170','2012-05-16 17:41:52'),
  (12574,'hmx','192.168.0.170','2012-05-16 17:44:50'),
  (12575,'hmx','192.168.0.170','2012-05-16 17:45:01'),
  (12576,'hmx','192.168.0.170','2012-05-17 08:53:51'),
  (12577,'humanxing','192.168.0.170','2012-05-17 08:56:01'),
  (12578,'song','192.168.0.192','2012-05-17 08:56:48'),
  (12579,'song','192.168.0.192','2012-05-17 08:56:48'),
  (12580,'humanxing','192.168.0.170','2012-05-17 09:05:40'),
  (12581,'hmx','192.168.0.191','2012-05-17 09:08:43'),
  (12582,'hmx','192.168.0.170','2012-05-17 09:07:01'),
  (12583,'humanxing','192.168.0.191','2012-05-17 09:09:38'),
  (12584,'hmx','192.168.0.191','2012-05-17 09:13:00'),
  (12585,'hmx','192.168.0.191','2012-05-17 09:13:57'),
  (12586,'hmx','192.168.0.191','2012-05-17 09:17:11'),
  (12587,'song','192.168.0.192','2012-05-17 09:10:00'),
  (12588,'song','192.168.0.192','2012-05-17 09:10:00'),
  (12589,'hmx','192.168.0.192','2012-05-17 09:11:32'),
  (12590,'hmx','192.168.0.192','2012-05-17 09:11:32'),
  (12591,'song','192.168.0.192','2012-05-17 09:12:07'),
  (12592,'song','192.168.0.192','2012-05-17 09:12:07'),
  (12593,'hmx','192.168.0.170','2012-05-17 09:26:01'),
  (12594,'hmx','192.168.0.170','2012-05-17 09:30:30'),
  (12595,'song','192.168.0.192','2012-05-17 09:25:10'),
  (12596,'song','192.168.0.192','2012-05-17 09:28:02'),
  (12597,'song','192.168.0.192','2012-05-17 09:28:02'),
  (12598,'hmx','192.168.0.170','2012-05-17 09:36:39'),
  (12599,'hmx','192.168.0.170','2012-05-17 09:40:58'),
  (12600,'song','192.168.0.192','2012-05-17 09:35:41'),
  (12601,'hmx','192.168.0.192','2012-05-17 09:36:58'),
  (12602,'hmx','192.168.0.192','2012-05-17 09:36:58'),
  (12603,'song','192.168.0.192','2012-05-17 09:39:18'),
  (12604,'song','192.168.0.192','2012-05-17 09:39:18'),
  (12605,'hmx','192.168.0.192','2012-05-17 09:40:55'),
  (12606,'hmx','192.168.0.192','2012-05-17 09:40:55'),
  (12607,'hmx','192.168.0.170','2012-05-17 09:49:57'),
  (12608,'song','192.168.0.192','2012-05-17 09:43:30'),
  (12609,'song','192.168.0.192','2012-05-17 09:43:30'),
  (12610,'song','192.168.0.192','2012-05-17 09:46:19'),
  (12611,'sqj','192.168.0.192','2012-05-17 09:46:48'),
  (12612,'sqj','192.168.0.192','2012-05-17 09:46:48'),
  (12613,'hmx','192.168.0.192','2012-05-17 09:48:33'),
  (12614,'hmx','192.168.0.192','2012-05-17 09:48:33'),
  (12615,'sqj','192.168.0.192','2012-05-17 09:49:14'),
  (12616,'sqj','192.168.0.192','2012-05-17 09:49:14'),
  (12617,'sqj','192.168.0.192','2012-05-17 09:50:43'),
  (12618,'hmx','192.168.0.192','2012-05-17 09:55:50'),
  (12619,'hmx','192.168.0.192','2012-05-17 09:55:50'),
  (12620,'sqj','192.168.0.192','2012-05-17 09:58:28'),
  (12621,'hmx','192.168.0.192','2012-05-17 09:59:22'),
  (12622,'hmx','192.168.0.192','2012-05-17 09:59:22'),
  (12623,'sqj','192.168.0.192','2012-05-17 09:59:45'),
  (12624,'sqj','192.168.0.192','2012-05-17 09:59:45'),
  (12625,'sqj','192.168.0.192','2012-05-17 10:00:18'),
  (12626,'sqj','192.168.0.192','2012-05-17 10:00:33'),
  (12627,'hmx','192.168.0.192','2012-05-17 10:01:35'),
  (12628,'hmx','192.168.0.192','2012-05-17 10:01:35'),
  (12629,'songqingjun','192.168.0.192','2012-05-17 10:05:57'),
  (12630,'songqingjun','192.168.0.192','2012-05-17 10:05:57'),
  (12631,'hmx','192.168.0.192','2012-05-17 10:07:18'),
  (12632,'hmx','192.168.0.192','2012-05-17 10:07:18'),
  (12633,'songqingjun','192.168.0.192','2012-05-17 10:07:49'),
  (12634,'songqingjun','192.168.0.192','2012-05-17 10:07:50'),
  (12635,'hmx','192.168.0.192','2012-05-17 10:09:20'),
  (12636,'hmx','192.168.0.192','2012-05-17 10:09:20'),
  (12637,'songqingjun','192.168.0.192','2012-05-17 10:09:45'),
  (12638,'songqingjun','192.168.0.192','2012-05-17 10:09:45'),
  (12639,'hmx','192.168.0.191','2012-05-17 10:25:19'),
  (12640,'hmx','192.168.0.191','2012-05-17 10:28:58'),
  (12641,'hmx','192.168.0.170','2012-05-17 10:27:11'),
  (12642,'songqingjun','192.168.0.192','2012-05-17 10:22:58'),
  (12643,'songqingjun','192.168.0.192','2012-05-17 10:22:58'),
  (12644,'hmx','192.168.0.170','2012-05-17 10:30:00'),
  (12645,'hmx','192.168.0.191','2012-05-17 10:37:58'),
  (12646,'hmx','192.168.0.191','2012-05-17 10:43:18'),
  (12647,'hmx','192.168.0.170','2012-05-17 10:40:35'),
  (12648,'humanxing','192.168.0.191','2012-05-17 10:49:45'),
  (12649,'xiexin','192.168.0.192','2012-05-17 10:40:27'),
  (12650,'xiexin','192.168.0.192','2012-05-17 10:40:27'),
  (12651,'xiexin','192.168.0.192','2012-05-17 10:40:50'),
  (12652,'xiexin','192.168.0.192','2012-05-17 10:41:12'),
  (12653,'xiexin','192.168.0.192','2012-05-17 10:41:12'),
  (12654,'hmx','192.168.0.170','2012-05-17 10:51:03'),
  (12655,'hmx','192.168.0.170','2012-05-17 10:52:17'),
  (12656,'humanxing','192.168.0.191','2012-05-17 10:55:48'),
  (12657,'hmx','192.168.0.170','2012-05-17 10:53:07'),
  (12658,'hmx','192.168.0.191','2012-05-17 10:56:47'),
  (12659,'songqingjun','192.168.0.192','2012-05-17 10:47:34'),
  (12660,'songqingjun','192.168.0.192','2012-05-17 10:47:34'),
  (12661,'songqingjun','192.168.0.192','2012-05-17 10:54:07'),
  (12662,'songqingjun','192.168.0.192','2012-05-17 10:55:37'),
  (12663,'hmx','192.168.0.170','2012-05-17 11:02:55'),
  (12664,'songqingjun','192.168.0.192','2012-05-17 10:58:39'),
  (12665,'songqingjun','192.168.0.192','2012-05-17 10:58:39'),
  (12666,'songqingjun','192.168.0.192','2012-05-17 10:58:43'),
  (12667,'hmx','192.168.0.170','2012-05-17 11:06:19'),
  (12668,'hmx','192.168.0.170','2012-05-17 11:07:02'),
  (12669,'hmx','192.168.0.191','2012-05-17 11:13:07'),
  (12670,'hmx','192.168.0.170','2012-05-17 11:10:25'),
  (12671,'hmx','192.168.0.170','2012-05-17 11:11:40'),
  (12672,'hmx','192.168.0.170','2012-05-17 11:18:35'),
  (12673,'hmx','192.168.0.170','2012-05-17 11:19:15'),
  (12674,'hmx','192.168.0.170','2012-05-17 11:22:46'),
  (12675,'hmx','192.168.0.170','2012-05-17 11:26:52'),
  (12676,'hmx','192.168.0.170','2012-05-17 11:27:57'),
  (12677,'hmx','192.168.0.191','2012-05-17 11:32:24'),
  (12678,'hmx','192.168.0.170','2012-05-17 11:32:08'),
  (12679,'hmx','192.168.0.191','2012-05-17 11:37:53'),
  (12680,'hmx','192.168.0.170','2012-05-17 12:21:53'),
  (12681,'hmx','192.168.0.170','2012-05-17 12:23:58'),
  (12682,'hmx','192.168.0.170','2012-05-17 12:25:41'),
  (12683,'hmx','192.168.0.170','2012-05-17 12:26:21'),
  (12684,'hmx','192.168.0.170','2012-05-17 12:39:30'),
  (12685,'hmx','192.168.0.170','2012-05-17 12:41:31'),
  (12686,'hmx','192.168.0.170','2012-05-17 12:43:03'),
  (12687,'hmx','192.168.0.170','2012-05-17 12:47:39'),
  (12688,'hmx','192.168.0.170','2012-05-17 12:49:56'),
  (12689,'hmx','192.168.0.170','2012-05-17 13:12:36'),
  (12690,'hmx','192.168.0.170','2012-05-17 13:15:32'),
  (12691,'hmx','192.168.0.170','2012-05-17 13:22:18'),
  (12692,'hmx','192.168.0.170','2012-05-17 13:23:55'),
  (12693,'hmx','192.168.0.170','2012-05-17 13:26:17'),
  (12694,'hmx','192.168.0.170','2012-05-17 13:27:35'),
  (12695,'hmx','192.168.0.170','2012-05-17 13:34:13'),
  (12696,'songqingjun','192.168.0.192','2012-05-17 13:35:22'),
  (12697,'songqingjun','192.168.0.192','2012-05-17 13:35:22'),
  (12698,'humanxing','192.168.0.191','2012-05-17 13:39:51'),
  (12699,'hmx','192.168.0.170','2012-05-17 13:57:12'),
  (12700,'hmx','192.168.0.170','2012-05-17 13:58:07'),
  (12701,'hmx','192.168.0.170','2012-05-17 14:02:28'),
  (12702,'hmx','192.168.0.170','2012-05-17 14:06:07'),
  (12703,'hmx','192.168.0.170','2012-05-17 14:06:29'),
  (12704,'hmx','192.168.0.170','2012-05-17 14:07:30'),
  (12705,'hmx','192.168.0.170','2012-05-17 14:12:11'),
  (12706,'hmx','192.168.0.170','2012-05-17 14:12:42'),
  (12707,'hmx','192.168.0.170','2012-05-17 14:14:00'),
  (12708,'hmx','192.168.0.170','2012-05-17 14:15:33'),
  (12709,'hmx','192.168.0.170','2012-05-17 14:17:14'),
  (12710,'hmx','192.168.0.170','2012-05-17 14:20:04'),
  (12711,'songqingjun','192.168.0.192','2012-05-17 14:24:23'),
  (12712,'songqingjun','192.168.0.192','2012-05-17 14:24:38'),
  (12713,'songqingjun','192.168.0.192','2012-05-17 14:25:25'),
  (12714,'songqingjun','192.168.0.192','2012-05-17 14:25:25'),
  (12715,'hmx','192.168.0.191','2012-05-17 14:29:42'),
  (12716,'hmx','192.168.0.170','2012-05-17 14:28:03'),
  (12717,'songqingjun','192.168.0.192','2012-05-17 14:30:45'),
  (12718,'humanxing','192.168.0.191','2012-05-17 14:33:30'),
  (12719,'songqingjun','192.168.0.192','2012-05-17 14:33:13'),
  (12720,'songqingjun','192.168.0.192','2012-05-17 14:34:10'),
  (12721,'songqingjun','192.168.0.192','2012-05-17 14:39:18'),
  (12722,'hmx','192.168.0.170','2012-05-17 14:44:58'),
  (12723,'songqingjun','192.168.0.192','2012-05-17 14:49:00'),
  (12724,'songqingjun','192.168.0.192','2012-05-17 14:50:42'),
  (12725,'humanxing','192.168.0.191','2012-05-17 14:55:55'),
  (12726,'hmx','192.168.0.170','2012-05-17 14:58:19'),
  (12727,'songqingjun','192.168.0.192','2012-05-17 14:58:57'),
  (12728,'hmx','192.168.0.170','2012-05-17 14:59:44'),
  (12729,'songqingjun','192.168.0.192','2012-05-17 15:00:51'),
  (12730,'hmx','192.168.0.170','2012-05-17 15:00:31'),
  (12731,'hmx','192.168.0.170','2012-05-17 15:02:13'),
  (12732,'songqingjun','192.168.0.192','2012-05-17 15:04:44'),
  (12733,'hmx','192.168.0.170','2012-05-17 15:04:51'),
  (12734,'songqingjun','192.168.0.192','2012-05-17 15:05:31'),
  (12735,'songqingjun','192.168.0.192','2012-05-17 15:07:38'),
  (12736,'songqingjun','192.168.0.192','2012-05-17 15:08:46'),
  (12737,'songqingjun','192.168.0.192','2012-05-17 15:08:46'),
  (12738,'songqingjun','192.168.0.192','2012-05-17 15:12:21'),
  (12739,'humanxing','192.168.0.191','2012-05-17 15:15:24'),
  (12740,'songqingjun','192.168.0.192','2012-05-17 15:13:16'),
  (12741,'songqingjun','192.168.0.192','2012-05-17 15:13:16'),
  (12742,'hmx','192.168.0.170','2012-05-17 15:14:29'),
  (12743,'hmx','192.168.0.170','2012-05-17 15:19:14'),
  (12744,'songqingjun','192.168.0.192','2012-05-17 15:20:03'),
  (12745,'hmx','192.168.0.170','2012-05-17 15:19:59'),
  (12746,'songqingjun','192.168.0.192','2012-05-17 15:22:47'),
  (12747,'humanxing','192.168.0.191','2012-05-17 15:26:28'),
  (12748,'songqingjun','192.168.0.192','2012-05-17 15:25:02'),
  (12749,'hmx','192.168.0.170','2012-05-17 15:24:53'),
  (12750,'songqingjun','192.168.0.192','2012-05-17 15:30:51'),
  (12751,'songqingjun','192.168.0.192','2012-05-17 15:40:36'),
  (12752,'humanxing','192.168.0.191','2012-05-17 15:56:25'),
  (12753,'hmx','192.168.0.170','2012-05-17 15:56:15'),
  (12754,'hmx','192.168.0.170','2012-05-17 15:58:17'),
  (12755,'humanxing','192.168.0.191','2012-05-17 16:02:51'),
  (12756,'humanxing','192.168.0.191','2012-05-17 16:04:55'),
  (12757,'admin','192.168.0.170','2012-05-17 16:12:05'),
  (12758,'admin','192.168.0.170','2012-05-17 16:12:08'),
  (12759,'hmx','192.168.0.170','2012-05-17 16:14:30'),
  (12760,'hmx','192.168.0.192','2012-05-17 16:16:11'),
  (12761,'hmx','192.168.0.192','2012-05-17 16:16:11'),
  (12762,'songqingjun','192.168.0.192','2012-05-17 16:16:52'),
  (12763,'songqingjun','192.168.0.192','2012-05-17 16:16:52'),
  (12764,'songqingjun','192.168.0.192','2012-05-17 16:21:21'),
  (12765,'songqingjun','192.168.0.192','2012-05-17 16:21:21'),
  (12766,'song','192.168.0.192','2012-05-17 16:21:34'),
  (12767,'song','192.168.0.192','2012-05-17 16:21:34'),
  (12768,'jmzd','192.168.0.170','2012-05-17 16:22:01'),
  (12769,'hmx','192.168.0.170','2012-05-17 16:23:52'),
  (12770,'hmx','192.168.0.170','2012-05-17 16:38:07'),
  (12771,'song','192.168.0.192','2012-05-17 16:40:17'),
  (12772,'song','192.168.0.192','2012-05-17 16:40:17'),
  (12773,'humanxing','192.168.0.191','2012-05-17 16:43:07'),
  (12774,'hmx','192.168.0.191','2012-05-17 16:43:26'),
  (12775,'hmx','192.168.0.191','2012-05-17 16:45:39'),
  (12776,'humanxing','192.168.0.191','2012-05-17 16:46:02'),
  (12777,'humanxing','192.168.0.191','2012-05-17 16:48:21'),
  (12778,'song','192.168.0.192','2012-05-17 16:52:34'),
  (12779,'song','192.168.0.192','2012-05-17 16:53:19'),
  (12780,'song','192.168.0.192','2012-05-17 16:53:19'),
  (12781,'sqj','192.168.0.170','2012-05-17 16:55:40'),
  (12782,'hmx','192.168.0.191','2012-05-17 17:03:15'),
  (12783,'song','192.168.0.192','2012-05-17 17:13:00'),
  (12784,'song','192.168.0.192','2012-05-17 17:13:00'),
  (12785,'sqj','192.168.0.192','2012-05-17 17:15:02'),
  (12786,'sqj','192.168.0.192','2012-05-17 17:15:02'),
  (12787,'hmx','192.168.0.192','2012-05-17 17:15:34'),
  (12788,'hmx','192.168.0.192','2012-05-17 17:15:35'),
  (12789,'humanxing','192.168.0.191','2012-05-17 17:17:13'),
  (12790,'song','192.168.0.192','2012-05-18 08:58:20'),
  (12791,'song','192.168.0.192','2012-05-18 08:58:20'),
  (12792,'songqingjun','192.168.0.192','2012-05-18 09:02:35'),
  (12793,'songqingjun','192.168.0.192','2012-05-18 09:02:35'),
  (12794,'hmx','192.168.0.170','2012-05-18 09:07:51'),
  (12795,'songqingjun','192.168.0.192','2012-05-18 09:08:44'),
  (12796,'songqingjun','192.168.0.192','2012-05-18 09:08:44');

COMMIT;

#
# Data for the `sa_logs` table  (LIMIT 2000,500)
#

INSERT INTO `sa_logs` (`id`, `username`, `ip`, `logtime`) VALUES 
  (12797,'humanxing','192.168.0.191','2012-05-18 09:11:34'),
  (12798,'hmx','192.168.0.192','2012-05-18 09:18:11'),
  (12799,'hmx','192.168.0.192','2012-05-18 09:18:11'),
  (12800,'hmx','192.168.0.192','2012-05-18 09:23:13'),
  (12801,'hmx','192.168.0.191','2012-05-18 09:33:42'),
  (12802,'hmx','192.168.0.192','2012-05-18 09:38:52'),
  (12803,'hmx','192.168.0.191','2012-05-18 09:46:16'),
  (12804,'humanxing','192.168.0.191','2012-05-18 09:46:44'),
  (12805,'humanxing','192.168.0.191','2012-05-18 09:48:35'),
  (12806,'hmx','192.168.0.191','2012-05-18 09:48:47'),
  (12807,'songqingjun','192.168.0.192','2012-05-18 09:47:49'),
  (12808,'songqingjun','192.168.0.192','2012-05-18 09:47:49'),
  (12809,'humanxing','192.168.0.191','2012-05-18 09:50:28'),
  (12810,'hmx','192.168.0.170','2012-05-18 09:48:23'),
  (12811,'hmx','192.168.0.191','2012-05-18 09:51:28'),
  (12812,'songqingjun','192.168.0.192','2012-05-18 09:50:17'),
  (12813,'humanxing','192.168.0.191','2012-05-18 09:52:47'),
  (12814,'hmx','192.168.0.192','2012-05-18 09:51:50'),
  (12815,'hmx','192.168.0.192','2012-05-18 09:51:50'),
  (12816,'songqingjun','192.168.0.192','2012-05-18 09:52:26'),
  (12817,'songqingjun','192.168.0.192','2012-05-18 09:52:26'),
  (12818,'hmx','192.168.0.170','2012-05-18 09:52:07'),
  (12819,'hmx','192.168.0.192','2012-05-18 09:52:48'),
  (12820,'songqingjun','192.168.0.192','2012-05-18 09:53:33'),
  (12821,'songqingjun','192.168.0.192','2012-05-18 09:53:33'),
  (12822,'hmx','192.168.0.170','2012-05-18 09:54:15'),
  (12823,'hmx','192.168.0.191','2012-05-18 10:09:30'),
  (12824,'admin','192.168.0.170','2012-05-18 10:06:49'),
  (12825,'admin','192.168.0.170','2012-05-18 10:06:55'),
  (12826,'hmx','192.168.0.170','2012-05-18 10:09:43'),
  (12827,'humanxing','192.168.0.191','2012-05-18 10:15:09'),
  (12828,'jmzd','192.168.0.191','2012-05-18 10:15:54'),
  (12829,'humanxing','192.168.0.191','2012-05-18 10:23:49'),
  (12830,'admin','192.168.0.191','2012-05-18 10:56:55'),
  (12831,'admin','192.168.0.191','2012-05-18 10:57:03'),
  (12832,'hmx','192.168.0.170','2012-05-18 10:56:17'),
  (12833,'hmx','192.168.0.170','2012-05-18 10:57:28'),
  (12834,'hmx','192.168.0.191','2012-05-18 11:00:37'),
  (12835,'hmx','192.168.0.170','2012-05-18 11:04:31'),
  (12836,'hmx','192.168.0.170','2012-05-18 11:06:43'),
  (12837,'hmx','192.168.0.191','2012-05-18 11:12:06'),
  (12838,'hmx','192.168.0.191','2012-05-18 11:26:01'),
  (12839,'hmx','192.168.0.191','2012-05-18 11:30:57'),
  (12840,'hmx','192.168.0.170','2012-05-18 13:36:13'),
  (12841,'songqingjun','192.168.0.192','2012-05-18 14:05:46'),
  (12842,'songqingjun','192.168.0.192','2012-05-18 14:05:46'),
  (12843,'songqingjun','192.168.0.192','2012-05-18 14:06:57'),
  (12844,'hmx','192.168.0.170','2012-05-18 14:09:48'),
  (12845,'songqingjun','192.168.0.192','2012-05-18 14:10:40'),
  (12846,'songqingjun','192.168.0.192','2012-05-18 14:12:26'),
  (12847,'songqingjun','192.168.0.192','2012-05-18 14:12:26'),
  (12848,'songqingjun','192.168.0.192','2012-05-18 14:13:50'),
  (12849,'songqingjun','192.168.0.192','2012-05-18 14:20:09'),
  (12850,'songqingjun','192.168.0.192','2012-05-18 14:26:39'),
  (12851,'songqingjun','192.168.0.192','2012-05-18 14:29:25'),
  (12852,'songqingjun','192.168.0.192','2012-05-18 14:36:16'),
  (12853,'songqingjun','192.168.0.192','2012-05-18 14:36:16'),
  (12854,'songqingjun','192.168.0.192','2012-05-18 14:40:19'),
  (12855,'songqingjun','192.168.0.192','2012-05-18 14:45:41'),
  (12856,'songqingjun','192.168.0.192','2012-05-18 14:45:41'),
  (12857,'hmx','192.168.0.170','2012-05-18 14:46:12'),
  (12858,'hmx','192.168.0.170','2012-05-18 14:46:53'),
  (12859,'hmx','192.168.0.170','2012-05-18 14:52:23'),
  (12860,'songqingjun','192.168.0.192','2012-05-18 14:56:33'),
  (12861,'songqingjun','192.168.0.192','2012-05-18 15:10:53'),
  (12862,'songqingjun','192.168.0.192','2012-05-18 15:12:04'),
  (12863,'hmx','192.168.0.191','2012-05-18 15:19:21'),
  (12864,'hmx','192.168.0.191','2012-05-18 15:22:13'),
  (12865,'hmx','192.168.0.191','2012-05-18 15:23:55'),
  (12866,'hmx','192.168.0.191','2012-05-18 15:25:09'),
  (12867,'hmx','192.168.0.170','2012-05-18 15:24:08'),
  (12868,'song','192.168.0.192','2012-05-18 15:29:29'),
  (12869,'song','192.168.0.192','2012-05-18 15:29:30'),
  (12870,'hmx','192.168.0.170','2012-05-18 15:30:44'),
  (12871,'hmx','192.168.0.170','2012-05-18 15:33:19'),
  (12872,'hmx','192.168.0.170','2012-05-18 15:35:27'),
  (12873,'hmx','192.168.0.170','2012-05-18 15:36:58'),
  (12874,'hmx','192.168.0.170','2012-05-18 15:37:37'),
  (12875,'hmx','192.168.0.170','2012-05-18 15:41:30'),
  (12876,'hmx','192.168.0.191','2012-05-18 16:02:24'),
  (12877,'hmx','192.168.0.191','2012-05-18 16:07:02'),
  (12878,'sqj','192.168.0.170','2012-05-18 16:04:11'),
  (12879,'admin','192.168.0.170','2012-05-18 16:07:03'),
  (12880,'admin','192.168.0.170','2012-05-18 16:07:05'),
  (12881,'sqj','192.168.0.170','2012-05-18 16:07:38'),
  (12882,'hmx','192.168.0.191','2012-05-18 16:13:55'),
  (12883,'sqj','192.168.0.170','2012-05-18 16:11:31'),
  (12884,'song','192.168.0.192','2012-05-18 16:19:09'),
  (12885,'song','192.168.0.192','2012-05-18 16:19:09'),
  (12886,'song','192.168.0.192','2012-05-18 16:19:21'),
  (12887,'hmx','192.168.0.191','2012-05-18 16:22:45'),
  (12888,'song','192.168.0.192','2012-05-18 16:20:24'),
  (12889,'song','192.168.0.192','2012-05-18 16:20:24'),
  (12890,'song','192.168.0.192','2012-05-18 16:24:26'),
  (12891,'hmx','192.168.0.191','2012-05-18 16:42:55'),
  (12892,'hmx','192.168.0.191','2012-05-18 16:58:26'),
  (12893,'song','192.168.0.192','2012-05-18 16:58:39'),
  (12894,'song','192.168.0.192','2012-05-18 16:58:39'),
  (12895,'songqingjun','192.168.0.192','2012-05-18 17:02:59'),
  (12896,'songqingjun','192.168.0.192','2012-05-18 17:02:59'),
  (12897,'hmx','192.168.0.191','2012-05-18 17:05:45'),
  (12898,'hmx','192.168.0.170','2012-05-18 17:35:24'),
  (12899,'hmx','192.168.0.170','2012-05-18 18:54:44'),
  (12900,'hmx','192.168.0.170','2012-05-18 19:02:29'),
  (12901,'hmx','192.168.0.170','2012-05-18 19:04:10'),
  (12902,'hmx','192.168.0.170','2012-05-18 19:05:53'),
  (12903,'hmx','192.168.0.170','2012-05-18 19:07:22'),
  (12904,'hmx','192.168.0.170','2012-05-18 19:09:30'),
  (12905,'hmx','192.168.0.192','2012-05-19 13:18:21'),
  (12906,'hmx','192.168.0.192','2012-05-19 13:18:21'),
  (12907,'hmx','192.168.0.170','2012-05-19 13:29:28'),
  (12908,'songqingjun','192.168.0.192','2012-05-19 13:30:06'),
  (12909,'songqingjun','192.168.0.192','2012-05-19 13:30:06'),
  (12910,'song','192.168.0.192','2012-05-19 13:39:09'),
  (12911,'song','192.168.0.192','2012-05-19 13:39:09'),
  (12912,'admin','192.168.0.189','2012-05-19 13:45:07'),
  (12913,'hmx','192.168.0.192','2012-05-19 14:03:29'),
  (12914,'hmx','192.168.0.192','2012-05-19 14:03:29'),
  (12915,'song','192.168.0.192','2012-05-19 14:04:08'),
  (12916,'song','192.168.0.192','2012-05-19 14:04:08'),
  (12917,'hmx','192.168.0.192','2012-05-19 14:04:57'),
  (12918,'hmx','192.168.0.192','2012-05-19 14:04:57'),
  (12919,'song','192.168.0.192','2012-05-19 14:12:13'),
  (12920,'song','192.168.0.192','2012-05-19 14:12:13'),
  (12921,'hmx','192.168.0.192','2012-05-19 14:13:19'),
  (12922,'hmx','192.168.0.192','2012-05-19 14:13:19'),
  (12923,'admin','192.168.0.192','2012-05-19 14:15:34'),
  (12924,'admin','192.168.0.192','2012-05-19 14:15:34'),
  (12925,'admin','192.168.0.192','2012-05-19 14:15:39'),
  (12926,'hmx','192.168.0.189','2012-05-19 14:19:25'),
  (12927,'hmx','192.168.0.192','2012-05-19 14:21:46'),
  (12928,'hmx','192.168.0.192','2012-05-19 14:21:46'),
  (12929,'sqj','192.168.0.170','2012-05-19 14:28:23'),
  (12930,'song','192.168.0.170','2012-05-19 14:28:47'),
  (12931,'song','192.168.0.192','2012-05-19 14:49:41'),
  (12932,'song','192.168.0.192','2012-05-19 14:49:41'),
  (12933,'hmx','192.168.0.192','2012-05-19 14:50:32'),
  (12934,'hmx','192.168.0.192','2012-05-19 14:50:32'),
  (12935,'hmx','192.168.0.192','2012-05-19 14:55:18'),
  (12936,'hmx','192.168.0.192','2012-05-19 14:55:18'),
  (12937,'hmx','192.168.0.192','2012-05-19 15:01:06'),
  (12938,'hmx','192.168.0.192','2012-05-19 15:01:23'),
  (12939,'hmx','192.168.0.192','2012-05-19 15:01:23'),
  (12940,'hmx','192.168.0.192','2012-05-19 15:04:32'),
  (12941,'hmx','192.168.0.192','2012-05-19 15:04:33'),
  (12942,'hmx','192.168.0.192','2012-05-19 15:47:24'),
  (12943,'hmx','192.168.0.192','2012-05-19 15:47:24'),
  (12944,'hmx','192.168.0.192','2012-05-19 15:51:30'),
  (12945,'hmx','192.168.0.192','2012-05-19 15:51:30'),
  (12946,'hmx','192.168.0.192','2012-05-19 15:55:32'),
  (12947,'hmx','192.168.0.192','2012-05-19 15:55:32'),
  (12948,'hmx','192.168.0.192','2012-05-19 15:59:00'),
  (12949,'hmx','192.168.0.192','2012-05-19 16:14:23'),
  (12950,'hmx','192.168.0.192','2012-05-19 16:27:53'),
  (12951,'hmx','192.168.0.192','2012-05-19 16:27:53'),
  (12952,'hmx','192.168.0.170','2012-05-15 12:36:22'),
  (12953,'hmx','192.168.0.192','2012-05-19 16:44:31'),
  (12954,'hmx','192.168.0.192','2012-05-19 16:46:09'),
  (12955,'song','192.168.0.192','2012-05-19 16:46:59'),
  (12956,'song','192.168.0.192','2012-05-19 16:46:59'),
  (12957,'hmx','192.168.0.192','2012-05-19 16:47:32'),
  (12958,'hmx','192.168.0.192','2012-05-19 16:47:32'),
  (12959,'hmx','192.168.0.192','2012-05-19 16:47:36'),
  (12960,'song','192.168.0.192','2012-05-19 16:48:15'),
  (12961,'song','192.168.0.192','2012-05-19 16:48:15'),
  (12962,'hmx','192.168.0.192','2012-05-19 16:48:46'),
  (12963,'hmx','192.168.0.192','2012-05-19 16:48:46'),
  (12964,'hmx','192.168.0.192','2012-05-19 16:50:00'),
  (12965,'hmx','192.168.0.192','2012-05-19 16:52:01'),
  (12966,'hmx','192.168.0.192','2012-05-19 16:52:33'),
  (12967,'song','192.168.0.192','2012-05-19 16:52:58'),
  (12968,'song','192.168.0.192','2012-05-19 16:52:58'),
  (12969,'hmx','192.168.0.192','2012-05-19 16:53:32'),
  (12970,'hmx','192.168.0.192','2012-05-19 16:53:32'),
  (12971,'hmx','192.168.0.192','2012-05-19 16:54:57'),
  (12972,'hmx','192.168.0.192','2012-05-19 16:58:45'),
  (12973,'song','192.168.0.192','2012-05-19 16:59:02'),
  (12974,'song','192.168.0.192','2012-05-19 16:59:02'),
  (12975,'song','192.168.0.192','2012-05-19 16:59:24'),
  (12976,'hmx','192.168.0.192','2012-05-19 17:00:34'),
  (12977,'hmx','192.168.0.192','2012-05-19 17:00:34'),
  (12978,'hmx','192.168.0.192','2012-05-19 17:00:34'),
  (12979,'hmx','192.168.0.192','2012-05-19 17:00:34'),
  (12980,'hmx','192.168.0.192','2012-05-19 17:00:34'),
  (12981,'hmx','192.168.0.192','2012-05-19 17:01:17'),
  (12982,'hmx','192.168.0.192','2012-05-19 17:05:13'),
  (12983,'hmx','192.168.0.192','2012-05-19 17:05:13'),
  (12984,'hmx','192.168.0.192','2012-05-19 17:05:13'),
  (12985,'hmx','192.168.0.192','2012-05-19 17:05:13'),
  (12986,'hmx','192.168.0.192','2012-05-19 17:05:24'),
  (12987,'hmx','192.168.0.192','2012-05-19 17:06:34'),
  (12988,'song','192.168.0.192','2012-05-19 17:06:47'),
  (12989,'song','192.168.0.192','2012-05-19 17:06:47'),
  (12990,'sqj','192.168.0.192','2012-05-19 17:07:00'),
  (12991,'sqj','192.168.0.192','2012-05-19 17:07:00'),
  (12992,'song','192.168.0.192','2012-05-19 17:07:30'),
  (12993,'song','192.168.0.192','2012-05-19 17:07:30'),
  (12994,'hmx','192.168.0.192','2012-05-19 17:08:02'),
  (12995,'hmx','192.168.0.192','2012-05-19 17:08:02'),
  (12996,'hmx','192.168.0.192','2012-05-19 17:10:07'),
  (12997,'hmx','192.168.0.192','2012-05-19 17:13:45'),
  (12998,'song','192.168.0.192','2012-05-19 17:16:23'),
  (12999,'song','192.168.0.192','2012-05-19 17:16:23'),
  (13000,'sqj','192.168.0.192','2012-05-19 17:18:28'),
  (13001,'sqj','192.168.0.192','2012-05-19 17:18:28'),
  (13002,'songqingjun','192.168.0.192','2012-05-19 17:19:02'),
  (13003,'songqingjun','192.168.0.192','2012-05-19 17:19:02'),
  (13004,'admin','192.168.0.189','2012-05-19 17:22:30'),
  (13005,'song','192.168.0.192','2012-05-19 17:23:24'),
  (13006,'song','192.168.0.192','2012-05-19 17:23:24'),
  (13007,'songqingjun','192.168.0.192','2012-05-19 17:25:08'),
  (13008,'songqingjun','192.168.0.192','2012-05-19 17:25:08'),
  (13009,'admin','192.168.0.189','2012-05-19 17:25:36'),
  (13010,'songqingjun','192.168.0.189','2012-05-19 17:26:45'),
  (13011,'admin','192.168.0.189','2012-05-19 17:27:48'),
  (13012,'admin','192.168.0.189','2012-05-19 17:27:57'),
  (13013,'songqingjun','192.168.0.189','2012-05-19 17:31:08'),
  (13014,'songqj','192.168.0.189','2012-05-19 17:35:41'),
  (13015,'songqingjun','192.168.0.189','2012-05-19 17:36:59'),
  (13016,'song','192.168.0.192','2012-05-19 17:42:02'),
  (13017,'song','192.168.0.192','2012-05-19 17:42:02'),
  (13018,'song','192.168.0.192','2012-05-19 17:42:15'),
  (13019,'song','192.168.0.192','2012-05-19 17:43:04'),
  (13020,'song','192.168.0.192','2012-05-19 17:43:04'),
  (13021,'songqingjun','192.168.0.192','2012-05-19 17:46:50'),
  (13022,'songqingjun','192.168.0.192','2012-05-19 17:46:50'),
  (13023,'song','192.168.0.192','2012-05-19 18:02:05'),
  (13024,'song','192.168.0.192','2012-05-19 18:02:05'),
  (13025,'songqingjun','192.168.0.192','2012-05-19 18:04:56'),
  (13026,'songqingjun','192.168.0.192','2012-05-19 18:04:56'),
  (13027,'song','192.168.0.192','2012-05-19 18:06:49'),
  (13028,'song','192.168.0.192','2012-05-19 18:06:49'),
  (13029,'song','192.168.0.192','2012-05-19 18:10:18'),
  (13030,'song','192.168.0.192','2012-05-19 18:10:47'),
  (13031,'songqingjun','192.168.0.192','2012-05-19 18:13:43'),
  (13032,'songqingjun','192.168.0.192','2012-05-19 18:13:43'),
  (13033,'sqj','192.168.0.170','2012-05-19 18:11:58'),
  (13034,'jmzd','192.168.0.170','2012-05-19 18:12:41'),
  (13035,'song','192.168.0.192','2012-05-19 18:15:43'),
  (13036,'song','192.168.0.192','2012-05-19 18:15:43'),
  (13037,'admin','192.168.0.189','2012-05-19 18:17:18'),
  (13038,'admin','192.168.0.189','2012-05-19 18:18:18'),
  (13039,'songqingjun','192.168.0.189','2012-05-19 18:19:36'),
  (13040,'hmx','192.168.0.189','2012-05-19 18:28:01'),
  (13041,'song','192.168.0.192','2012-05-19 18:29:08'),
  (13042,'song','192.168.0.192','2012-05-19 18:29:08'),
  (13043,'song','192.168.0.192','2012-05-19 18:35:19'),
  (13044,'song','192.168.0.192','2012-05-19 18:35:19'),
  (13045,'hmx','192.168.0.192','2012-05-19 18:37:13'),
  (13046,'hmx','192.168.0.192','2012-05-19 18:37:13'),
  (13047,'admin','192.168.0.170','2012-05-19 18:43:20'),
  (13048,'admin','192.168.0.170','2012-05-19 18:43:26'),
  (13049,'song','192.168.0.192','2012-05-19 18:48:54'),
  (13050,'admin','192.168.0.189','2012-05-20 13:38:57'),
  (13051,'admin','192.168.0.189','2012-05-20 13:39:32'),
  (13052,'sqj','192.168.0.189','2012-05-20 13:40:16'),
  (13053,'jmzd','192.168.0.170','2012-05-20 13:38:25'),
  (13054,'sqj','192.168.0.170','2012-05-20 13:39:12'),
  (13055,'sqj','192.168.0.192','2012-05-20 13:45:57'),
  (13056,'sqj','192.168.0.192','2012-05-20 13:45:57'),
  (13057,'hmx','192.168.0.192','2012-05-20 13:56:35'),
  (13058,'hmx','192.168.0.192','2012-05-20 13:56:35'),
  (13059,'sqj','192.168.0.192','2012-05-20 14:00:44'),
  (13060,'sqj','192.168.0.192','2012-05-20 14:00:44'),
  (13061,'hmx','192.168.0.170','2012-05-20 13:57:58'),
  (13062,'admin','192.168.0.192','2012-05-20 14:54:50'),
  (13063,'admin','192.168.0.192','2012-05-20 14:54:50'),
  (13064,'sqj','192.168.0.192','2012-05-20 15:01:53'),
  (13065,'sqj','192.168.0.192','2012-05-20 15:01:53'),
  (13066,'sqj','192.168.0.192','2012-05-20 15:02:03'),
  (13067,'songqingjun','192.168.0.192','2012-05-20 15:06:07'),
  (13068,'hmx','192.168.0.192','2012-05-20 15:10:49'),
  (13069,'hmx','192.168.0.192','2012-05-20 15:10:49'),
  (13070,'admin','192.168.0.192','2012-05-20 15:13:05'),
  (13071,'admin','192.168.0.192','2012-05-20 15:13:05'),
  (13072,'admin','192.168.0.192','2012-05-20 15:13:09'),
  (13073,'hmx','192.168.0.192','2012-05-20 15:14:50'),
  (13074,'hmx','192.168.0.192','2012-05-20 15:14:51'),
  (13075,'hmx','192.168.0.192','2012-05-20 15:20:58'),
  (13076,'hmx','192.168.0.192','2012-05-20 15:20:58'),
  (13077,'hmx','192.168.0.192','2012-05-20 15:59:44'),
  (13078,'hmx','192.168.0.192','2012-05-20 15:59:44'),
  (13079,'hmx','192.168.0.192','2012-05-20 16:03:36'),
  (13080,'hmx','192.168.0.192','2012-05-20 16:03:36'),
  (13081,'hmx','192.168.0.192','2012-05-20 16:08:22'),
  (13082,'hmx','192.168.0.192','2012-05-20 16:08:22'),
  (13083,'sqj','192.168.0.170','2012-05-20 16:07:28'),
  (13084,'hmx','192.168.0.192','2012-05-20 16:19:51'),
  (13085,'hmx','192.168.0.192','2012-05-20 16:19:51'),
  (13086,'hmx','192.168.0.192','2012-05-20 16:22:56'),
  (13087,'hmx','192.168.0.192','2012-05-20 16:24:26'),
  (13088,'hmx','192.168.0.192','2012-05-20 16:24:26'),
  (13089,'hmx','192.168.0.192','2012-05-20 16:27:24'),
  (13090,'hmx','192.168.0.192','2012-05-20 16:38:05'),
  (13091,'hmx','192.168.0.192','2012-05-20 16:40:25'),
  (13092,'hmx','192.168.0.192','2012-05-20 16:45:24'),
  (13093,'hmx','192.168.0.192','2012-05-20 16:45:24'),
  (13094,'hmx','192.168.0.192','2012-05-20 16:51:00'),
  (13095,'hmx','192.168.0.192','2012-05-20 16:51:19'),
  (13096,'hmx','192.168.0.192','2012-05-20 16:55:36'),
  (13097,'hmx','192.168.0.192','2012-05-20 16:57:18'),
  (13098,'hmx','192.168.0.192','2012-05-20 17:01:41'),
  (13099,'hmx','192.168.0.192','2012-05-20 17:01:41'),
  (13100,'song','192.168.0.192','2012-05-20 17:02:05'),
  (13101,'song','192.168.0.192','2012-05-20 17:02:05'),
  (13102,'hmx','192.168.0.192','2012-05-20 17:02:34'),
  (13103,'hmx','192.168.0.192','2012-05-20 17:02:34'),
  (13104,'hmx','192.168.0.192','2012-05-20 17:11:22'),
  (13105,'hmx','192.168.0.192','2012-05-20 17:11:22'),
  (13106,'song','192.168.0.192','2012-05-20 17:12:29'),
  (13107,'song','192.168.0.192','2012-05-20 17:12:29'),
  (13108,'hmx','192.168.0.192','2012-05-20 17:13:23'),
  (13109,'hmx','192.168.0.192','2012-05-20 17:13:23'),
  (13110,'hmx','192.168.0.192','2012-05-20 17:35:13'),
  (13111,'hmx','192.168.0.192','2012-05-20 17:35:13'),
  (13112,'admin','192.168.0.189','2012-05-20 17:40:46'),
  (13113,'admin','192.168.0.189','2012-05-20 17:40:51'),
  (13114,'hmx','192.168.0.192','2012-05-20 17:44:26'),
  (13115,'hmx','192.168.0.192','2012-05-20 17:44:26'),
  (13116,'hmx','192.168.0.192','2012-05-20 17:44:41'),
  (13117,'song','192.168.0.192','2012-05-20 17:45:31'),
  (13118,'song','192.168.0.192','2012-05-20 17:45:31'),
  (13119,'hmx','192.168.0.192','2012-05-20 17:46:07'),
  (13120,'hmx','192.168.0.192','2012-05-20 17:46:07'),
  (13121,'humanxing','192.168.0.189','2012-05-20 17:49:23'),
  (13122,'humanxing','192.168.0.189','2012-05-20 17:54:59'),
  (13123,'hmx','192.168.0.189','2012-05-20 17:55:16'),
  (13124,'jmzd','192.168.0.189','2012-05-20 17:58:47'),
  (13125,'jmzd','192.168.0.170','2012-05-21 00:26:16'),
  (13126,'hmx','192.168.0.170','2012-05-21 00:26:31'),
  (13127,'sqj','192.168.0.170','2012-05-21 00:27:01'),
  (13128,'hmx','192.168.0.191','2012-05-21 08:59:36'),
  (13129,'admin','192.168.0.189','2012-05-21 08:58:37'),
  (13130,'admin','192.168.0.189','2012-05-21 08:59:15'),
  (13131,'jmzd','192.168.0.189','2012-05-21 09:01:20'),
  (13132,'hmx','192.168.0.192','2012-05-21 09:03:40'),
  (13133,'hmx','192.168.0.192','2012-05-21 09:03:40'),
  (13134,'x.xie','192.168.0.189','2012-05-21 09:05:12'),
  (13135,'humanxing','192.168.0.189','2012-05-21 09:06:18'),
  (13136,'hmx','192.168.0.189','2012-05-21 09:10:46'),
  (13137,'hmx','192.168.0.192','2012-05-21 09:23:56'),
  (13138,'hmx','192.168.0.192','2012-05-21 09:23:56'),
  (13139,'song','192.168.0.192','2012-05-21 09:24:25'),
  (13140,'song','192.168.0.192','2012-05-21 09:24:25'),
  (13141,'hmx','192.168.0.192','2012-05-21 09:24:51'),
  (13142,'sqj','192.168.0.170','2012-05-21 14:48:40'),
  (13143,'jmzd','192.168.0.189','2012-05-21 09:27:45'),
  (13144,'hmx','192.168.0.192','2012-05-21 09:27:55'),
  (13145,'hmx','192.168.0.192','2012-05-21 09:28:23'),
  (13146,'hmx','192.168.0.192','2012-05-21 09:31:10'),
  (13147,'hmx','192.168.0.192','2012-05-21 09:33:51'),
  (13148,'hmx','192.168.0.192','2012-05-21 09:35:02'),
  (13149,'hmx','192.168.0.170','2012-05-21 14:57:03'),
  (13150,'hmx','192.168.0.192','2012-05-21 09:36:40'),
  (13151,'hmx','192.168.0.192','2012-05-21 09:37:37'),
  (13152,'hmx','192.168.0.192','2012-05-21 09:37:37'),
  (13153,'hmx','192.168.0.192','2012-05-21 09:38:48'),
  (13154,'hmx','192.168.0.192','2012-05-21 09:39:48'),
  (13155,'hmx','192.168.0.192','2012-05-21 09:39:48'),
  (13156,'hmx','192.168.0.192','2012-05-21 09:40:42'),
  (13157,'hmx','192.168.0.192','2012-05-21 09:45:31'),
  (13158,'hmx','192.168.0.170','2012-05-21 15:09:26'),
  (13159,'hmx','192.168.0.192','2012-05-21 09:48:06'),
  (13160,'hmx','192.168.0.192','2012-05-21 09:48:41'),
  (13161,'hmx','192.168.0.192','2012-05-21 09:49:11'),
  (13162,'jmzd','192.168.0.191','2012-05-21 09:52:02'),
  (13163,'hmx','192.168.0.192','2012-05-21 09:51:07'),
  (13164,'humanxing','192.168.0.191','2012-05-21 09:52:45'),
  (13165,'admin','192.168.0.189','2012-05-21 09:51:50'),
  (13166,'admin','192.168.0.189','2012-05-21 09:52:12'),
  (13167,'x.xie','192.168.0.189','2012-05-21 09:53:05'),
  (13168,'jmzd','192.168.0.189','2012-05-21 10:00:31'),
  (13169,'hmx','192.168.0.192','2012-05-21 10:15:44'),
  (13170,'sqj','192.168.0.192','2012-05-21 10:19:57'),
  (13171,'sqj','192.168.0.192','2012-05-21 10:19:57'),
  (13172,'humanxing','192.168.0.191','2012-05-21 10:27:46'),
  (13173,'sqj','192.168.0.192','2012-05-21 10:26:25'),
  (13174,'sqj','192.168.0.192','2012-05-21 10:26:43'),
  (13175,'sqj','192.168.0.192','2012-05-21 10:27:29'),
  (13176,'sqj','192.168.0.192','2012-05-21 10:27:29'),
  (13177,'humanxing','192.168.0.191','2012-05-21 10:30:14'),
  (13178,'song','192.168.0.192','2012-05-21 10:29:05'),
  (13179,'song','192.168.0.192','2012-05-21 10:29:05'),
  (13180,'song','192.168.0.192','2012-05-21 10:31:16'),
  (13181,'song','192.168.0.192','2012-05-21 10:31:16'),
  (13182,'hmx','192.168.0.192','2012-05-21 10:31:30'),
  (13183,'hmx','192.168.0.192','2012-05-21 10:31:30'),
  (13184,'song','192.168.0.192','2012-05-21 10:33:48'),
  (13185,'hmx','192.168.0.192','2012-05-21 10:36:50'),
  (13186,'hmx','192.168.0.192','2012-05-21 10:36:50'),
  (13187,'song','192.168.0.192','2012-05-21 10:41:43'),
  (13188,'song','192.168.0.192','2012-05-21 10:47:19'),
  (13189,'hmx','192.168.0.192','2012-05-21 10:49:31'),
  (13190,'hmx','192.168.0.192','2012-05-21 10:49:31'),
  (13191,'song','192.168.0.192','2012-05-21 10:50:09'),
  (13192,'song','192.168.0.192','2012-05-21 10:50:09'),
  (13193,'song','192.168.0.192','2012-05-21 10:52:31'),
  (13194,'humanxing','192.168.0.191','2012-05-21 10:55:08'),
  (13195,'hmx','192.168.0.192','2012-05-21 10:59:54'),
  (13196,'hmx','192.168.0.192','2012-05-21 10:59:55'),
  (13197,'song','192.168.0.192','2012-05-21 11:00:56'),
  (13198,'song','192.168.0.192','2012-05-21 11:00:56'),
  (13199,'hmx','192.168.0.192','2012-05-21 11:01:22'),
  (13200,'hmx','192.168.0.192','2012-05-21 11:01:22'),
  (13201,'song','192.168.0.192','2012-05-21 11:09:32'),
  (13202,'song','192.168.0.192','2012-05-21 11:09:32'),
  (13203,'hmx','192.168.0.192','2012-05-21 11:12:56'),
  (13204,'hmx','192.168.0.192','2012-05-21 11:12:56'),
  (13205,'song','192.168.0.192','2012-05-21 11:13:18'),
  (13206,'song','192.168.0.192','2012-05-21 11:13:18'),
  (13207,'hmx','192.168.0.192','2012-05-21 11:13:37'),
  (13208,'hmx','192.168.0.192','2012-05-21 11:13:37'),
  (13209,'song','192.168.0.192','2012-05-21 11:18:39'),
  (13210,'hmx','192.168.0.192','2012-05-21 11:19:11'),
  (13211,'hmx','192.168.0.192','2012-05-21 11:19:11'),
  (13212,'humanxing','192.168.0.191','2012-05-21 11:23:17'),
  (13213,'song','192.168.0.192','2012-05-21 11:23:04'),
  (13214,'song','192.168.0.192','2012-05-21 11:23:04'),
  (13215,'hmx','192.168.0.192','2012-05-21 11:24:23'),
  (13216,'hmx','192.168.0.192','2012-05-21 11:24:23'),
  (13217,'humanxing','192.168.0.191','2012-05-21 11:28:27'),
  (13218,'song','192.168.0.192','2012-05-21 11:32:27'),
  (13219,'song','192.168.0.192','2012-05-21 11:32:27'),
  (13220,'hmx','192.168.0.192','2012-05-21 11:32:53'),
  (13221,'hmx','192.168.0.192','2012-05-21 11:32:53'),
  (13222,'hmx','192.168.0.192','2012-05-21 11:34:56'),
  (13223,'hmx','192.168.0.170','2012-05-22 13:07:11'),
  (13224,'hmx','192.168.0.192','2012-05-21 13:37:23'),
  (13225,'hmx','192.168.0.192','2012-05-21 13:37:23'),
  (13226,'sqj','192.168.0.192','2012-05-21 13:43:14'),
  (13227,'sqj','192.168.0.192','2012-05-21 13:43:14'),
  (13228,'admin','192.168.0.192','2012-05-21 13:45:59'),
  (13229,'admin','192.168.0.192','2012-05-21 13:45:59'),
  (13230,'admin','192.168.0.192','2012-05-21 13:47:57'),
  (13231,'sqj','192.168.0.192','2012-05-21 13:50:24'),
  (13232,'sqj','192.168.0.192','2012-05-21 13:50:24'),
  (13233,'admin','192.168.0.192','2012-05-21 13:51:51'),
  (13234,'admin','192.168.0.192','2012-05-21 13:51:51'),
  (13235,'admin','192.168.0.192','2012-05-21 13:52:44'),
  (13236,'admin','192.168.0.192','2012-05-21 13:56:45'),
  (13237,'sqj','192.168.0.192','2012-05-21 14:05:30'),
  (13238,'admin','192.168.0.170','2012-05-25 00:16:50'),
  (13239,'admin','192.168.0.170','2012-05-25 00:17:08'),
  (13240,'admin','192.168.0.170','2012-05-25 00:19:28'),
  (13241,'admin','192.168.0.170','2012-05-25 00:19:39'),
  (13242,'admin','192.168.0.170','2012-05-25 00:19:42'),
  (13243,'songqj','192.168.0.170','2012-05-25 00:20:18'),
  (13244,'songqj','192.168.0.170','2012-05-25 00:21:13'),
  (13245,'songqj','192.168.0.170','2012-05-25 00:36:05'),
  (13246,'songqj','192.168.0.170','2012-05-25 00:53:34'),
  (13247,'songqj','192.168.0.170','2012-05-25 00:54:42'),
  (13248,'sqj','192.168.0.192','2012-05-21 14:52:17'),
  (13249,'sqj','192.168.0.192','2012-05-21 14:52:17'),
  (13250,'songqj','192.168.0.170','2012-05-25 00:57:15'),
  (13251,'songqj','192.168.0.170','2012-05-25 01:02:43'),
  (13252,'sqj','192.168.0.192','2012-05-21 15:00:25'),
  (13253,'admin','192.168.0.170','2012-05-25 01:03:15'),
  (13254,'admin','192.168.0.170','2012-05-25 01:03:18'),
  (13255,'sqj','192.168.0.192','2012-05-21 15:00:57'),
  (13256,'xiexin','192.168.0.170','2012-05-25 01:04:18'),
  (13257,'sqj','192.168.0.192','2012-05-21 15:02:39'),
  (13258,'humanxing','192.168.0.191','2012-05-21 15:11:41'),
  (13259,'humanxing','192.168.0.191','2012-05-21 15:13:05'),
  (13260,'sqj','192.168.0.192','2012-05-21 15:10:27'),
  (13261,'sqj','192.168.0.192','2012-05-21 15:10:27'),
  (13262,'humanxing','192.168.0.192','2012-05-21 15:15:38'),
  (13263,'admin','192.168.0.189','2012-05-21 15:16:34'),
  (13264,'sqj','192.168.0.192','2012-05-21 15:17:58'),
  (13265,'sqj','192.168.0.192','2012-05-21 15:17:58'),
  (13266,'humanxing','192.168.0.191','2012-05-21 15:39:53'),
  (13267,'humanxing','192.168.0.191','2012-05-21 15:43:03'),
  (13268,'humanxing','192.168.0.191','2012-05-21 15:47:38'),
  (13269,'sqj','192.168.0.192','2012-05-21 15:47:04'),
  (13270,'sqj','192.168.0.192','2012-05-21 15:47:04'),
  (13271,'xiexin','192.168.0.170','2012-05-26 00:10:02'),
  (13272,'humanxing','192.168.0.191','2012-05-21 15:52:41'),
  (13273,'humanxing','192.168.0.191','2012-05-21 15:58:31'),
  (13274,'humanxing','192.168.0.191','2012-05-21 16:03:28'),
  (13275,'songqj','192.168.0.170','2012-05-26 00:29:22'),
  (13276,'xiexin','192.168.0.170','2012-05-26 00:29:44'),
  (13277,'humanxing','192.168.0.191','2012-05-21 16:10:04'),
  (13278,'xiexin','192.168.0.170','2012-05-26 00:55:58'),
  (13279,'sqj','192.168.0.192','2012-05-21 16:41:25'),
  (13280,'jmzd','192.168.0.170','2012-05-26 01:06:05'),
  (13281,'humanxing','192.168.0.191','2012-05-21 16:46:46'),
  (13282,'admin','192.168.0.170','2012-05-26 01:06:31'),
  (13283,'admin','192.168.0.170','2012-05-26 01:06:33'),
  (13284,'jmzd','192.168.0.170','2012-05-26 01:09:26'),
  (13285,'humanxing','192.168.0.191','2012-05-21 16:52:05'),
  (13286,'sqj','192.168.0.192','2012-05-21 16:54:12'),
  (13287,'sqj','192.168.0.192','2012-05-21 16:56:12'),
  (13288,'sqj','192.168.0.192','2012-05-21 16:56:12'),
  (13289,'humanxing','192.168.0.191','2012-05-21 17:00:23'),
  (13290,'sqj','192.168.0.170','2012-05-26 01:20:56'),
  (13291,'admin','192.168.0.170','2012-05-26 01:21:20'),
  (13292,'admin','192.168.0.170','2012-05-26 01:21:27'),
  (13293,'admin','192.168.0.189','2012-05-21 17:01:37'),
  (13294,'sqj','192.168.0.189','2012-05-21 17:02:12'),
  (13295,'sqj','192.168.0.170','2012-05-26 01:24:26'),
  (13296,'humanxing','192.168.0.191','2012-05-21 17:16:57');

COMMIT;

#
# Data for the `sa_logs` table  (LIMIT 2500,500)
#

INSERT INTO `sa_logs` (`id`, `username`, `ip`, `logtime`) VALUES 
  (13297,'songqingjun','192.168.0.170','2012-05-26 01:37:02'),
  (13298,'admin','192.168.0.170','2012-05-26 01:37:27'),
  (13299,'admin','192.168.0.170','2012-05-26 01:37:30'),
  (13300,'humanxing','192.168.0.191','2012-05-21 17:18:38'),
  (13301,'songqingjun','192.168.0.170','2012-05-26 01:38:45'),
  (13302,'humanxing','192.168.0.191','2012-05-21 17:30:58'),
  (13303,'sqj','192.168.0.192','2012-05-21 18:22:14'),
  (13304,'sqj','192.168.0.192','2012-05-21 18:22:14'),
  (13305,'sqj','192.168.0.192','2012-05-21 18:47:00'),
  (13306,'sqj','192.168.0.192','2012-05-21 18:47:00'),
  (13307,'sqj','192.168.0.192','2012-05-21 18:47:59'),
  (13308,'sqj','192.168.0.192','2012-05-21 18:48:39'),
  (13309,'sqj','192.168.0.192','2012-05-21 18:48:39'),
  (13310,'sqj','192.168.0.192','2012-05-21 18:53:34'),
  (13311,'sqj','192.168.0.192','2012-05-21 18:53:34'),
  (13312,'sqj','192.168.0.192','2012-05-21 19:01:24'),
  (13313,'sqj','192.168.0.192','2012-05-21 19:01:24'),
  (13314,'sqj','192.168.0.192','2012-05-21 19:01:38'),
  (13315,'sqj','192.168.0.192','2012-05-21 19:14:33'),
  (13316,'sqj','192.168.0.192','2012-05-21 19:14:33'),
  (13317,'sqj','192.168.0.192','2012-05-21 19:15:38'),
  (13318,'sqj','192.168.0.192','2012-05-21 19:15:38'),
  (13319,'sqj','192.168.0.192','2012-05-21 19:18:28'),
  (13320,'sqj','192.168.0.192','2012-05-22 08:53:47'),
  (13321,'sqj','192.168.0.192','2012-05-22 08:53:47'),
  (13322,'humanxing','192.168.0.191','2012-05-22 09:03:05'),
  (13323,'humanxing','192.168.0.191','2012-05-22 09:31:26'),
  (13324,'sqj','192.168.0.192','2012-05-22 10:00:39'),
  (13325,'sqj','192.168.0.192','2012-05-22 10:00:39'),
  (13326,'songqj','192.168.0.170','2012-05-24 00:36:33'),
  (13327,'songqj','192.168.0.170','2012-05-24 00:37:44'),
  (13328,'admin','192.168.0.170','2012-05-24 00:38:02'),
  (13329,'xiexin','192.168.0.170','2012-05-24 00:39:40'),
  (13330,'jmzd','192.168.0.170','2012-05-24 00:40:51'),
  (13331,'jmzd','192.168.0.170','2012-05-24 00:44:04'),
  (13332,'hmx','192.168.0.170','2012-05-24 00:49:52'),
  (13333,'sqj','192.168.0.192','2012-05-22 10:22:20'),
  (13334,'sqj','192.168.0.192','2012-05-22 10:37:49'),
  (13335,'sqj','192.168.0.170','2012-05-24 01:14:00'),
  (13336,'x.xie','192.168.0.191','2012-05-22 10:44:24'),
  (13337,'sqj','192.168.0.192','2012-05-22 10:49:18'),
  (13338,'sqj','192.168.0.192','2012-05-22 10:49:18'),
  (13339,'sqj','192.168.0.192','2012-05-22 10:51:50'),
  (13340,'sqj','192.168.0.192','2012-05-22 10:54:59'),
  (13341,'sqj','192.168.0.192','2012-05-22 10:54:59'),
  (13342,'sqj','192.168.0.192','2012-05-22 10:55:42'),
  (13343,'sqj','192.168.0.192','2012-05-22 10:57:23'),
  (13344,'sqj','192.168.0.192','2012-05-22 10:57:23'),
  (13345,'sqj','192.168.0.192','2012-05-22 11:00:00'),
  (13346,'jmzd','192.168.0.191','2012-05-22 11:02:02'),
  (13347,'sqj','192.168.0.192','2012-05-22 11:07:05'),
  (13348,'sqj','192.168.0.192','2012-05-22 11:07:41'),
  (13349,'sqj','192.168.0.192','2012-05-22 11:07:41'),
  (13350,'sqj','192.168.0.192','2012-05-22 11:12:22'),
  (13351,'sqj','192.168.0.192','2012-05-22 11:12:22'),
  (13352,'xiexin','192.168.0.191','2012-05-22 11:13:11'),
  (13353,'sqj','192.168.0.192','2012-05-22 11:14:06'),
  (13354,'jmzd','192.168.0.191','2012-05-22 11:14:21'),
  (13355,'sqj','192.168.0.192','2012-05-22 11:17:59'),
  (13356,'sqj','192.168.0.192','2012-05-22 11:17:59'),
  (13357,'sqj','192.168.0.192','2012-05-22 11:22:47'),
  (13358,'jmzd','192.168.0.170','2012-05-27 04:07:13'),
  (13359,'sqj','192.168.0.192','2012-05-22 13:35:55'),
  (13360,'sqj','192.168.0.192','2012-05-22 13:35:55'),
  (13361,'xiexin','192.168.0.191','2012-05-22 13:37:33'),
  (13362,'jmzd','192.168.0.191','2012-05-22 13:39:36'),
  (13363,'sqj','192.168.0.192','2012-05-22 13:43:07'),
  (13364,'sqj','192.168.0.192','2012-05-22 13:44:59'),
  (13365,'sqj','192.168.0.192','2012-05-22 13:48:26'),
  (13366,'admin','192.168.0.170','2012-05-30 04:22:51'),
  (13367,'admin','192.168.0.170','2012-05-30 04:22:58'),
  (13368,'sqj','192.168.0.192','2012-05-22 13:51:53'),
  (13369,'sqj','192.168.0.192','2012-05-22 13:53:59'),
  (13370,'sqj','192.168.0.192','2012-05-22 13:55:44'),
  (13371,'xiexin','192.168.0.170','2012-05-30 04:30:45'),
  (13372,'sqj','192.168.0.192','2012-05-22 13:59:42'),
  (13373,'x.xie','192.168.0.191','2012-05-22 14:03:26'),
  (13374,'x.xie','192.168.0.191','2012-05-22 14:08:04'),
  (13375,'jmzd','192.168.0.170','2012-05-27 04:41:12'),
  (13376,'xiexin','192.168.0.170','2012-05-27 04:43:16'),
  (13377,'sqj','192.168.0.192','2012-05-22 14:13:02'),
  (13378,'sqj','192.168.0.192','2012-05-22 14:16:14'),
  (13379,'sqj','192.168.0.192','2012-05-22 14:19:32'),
  (13380,'jmzd','192.168.0.170','2012-05-27 00:01:33'),
  (13381,'xiexin','192.168.0.170','2012-05-27 00:02:44'),
  (13382,'jmzd','192.168.0.170','2012-05-27 00:03:13'),
  (13383,'jmzd','192.168.0.191','2012-05-22 14:29:43'),
  (13384,'jmzd','192.168.0.170','2012-05-27 00:09:40'),
  (13385,'sqj','192.168.0.192','2012-05-22 14:30:35'),
  (13386,'sqj','192.168.0.192','2012-05-22 14:35:01'),
  (13387,'sqj','192.168.0.192','2012-05-22 14:35:01'),
  (13388,'hmx','192.168.0.191','2012-05-22 14:40:24'),
  (13389,'jmzd','192.168.0.191','2012-05-22 14:41:01'),
  (13390,'jmzd','192.168.0.170','2012-05-25 00:21:04'),
  (13391,'hmx','192.168.0.191','2012-05-22 14:43:42'),
  (13392,'hmx','192.168.0.170','2012-05-25 00:23:34'),
  (13393,'sqj','192.168.0.192','2012-05-22 14:52:38'),
  (13394,'sqj','192.168.0.192','2012-05-22 14:52:38'),
  (13395,'sqj','192.168.0.192','2012-05-22 14:53:53'),
  (13396,'sqj','192.168.0.192','2012-05-22 14:53:53'),
  (13397,'sqj','192.168.0.192','2012-05-22 14:54:57'),
  (13398,'sqj','192.168.0.192','2012-05-22 14:56:27'),
  (13399,'jmzd','192.168.0.191','2012-05-22 15:16:36'),
  (13400,'sqj','192.168.0.192','2012-05-22 15:17:39'),
  (13401,'sqj','192.168.0.192','2012-05-22 15:17:39'),
  (13402,'jmzd','192.168.0.191','2012-05-22 15:22:04'),
  (13403,'jmzd','192.168.0.191','2012-05-22 15:23:09'),
  (13404,'sqj','192.168.0.192','2012-05-22 15:23:28'),
  (13405,'sqj','192.168.0.192','2012-05-22 15:23:28'),
  (13406,'jmzd','192.168.0.191','2012-05-22 15:28:03'),
  (13407,'jmzd','192.168.0.191','2012-05-22 15:31:38'),
  (13408,'jmzd','192.168.0.191','2012-05-22 15:43:39'),
  (13409,'jmzd','192.168.0.191','2012-05-22 15:47:22'),
  (13410,'jmzd','192.168.0.192','2012-05-22 15:50:03'),
  (13411,'sqj','192.168.0.192','2012-05-22 15:51:44'),
  (13412,'sqj','192.168.0.192','2012-05-22 15:51:44'),
  (13413,'sqj','192.168.0.192','2012-05-22 15:53:55'),
  (13414,'sqj','192.168.0.192','2012-05-22 15:53:55'),
  (13415,'admin','192.168.0.191','2012-05-22 16:03:14'),
  (13416,'admin','192.168.0.191','2012-05-22 16:03:22'),
  (13417,'sqj','192.168.0.192','2012-05-22 16:05:56'),
  (13418,'jmzd','192.168.0.191','2012-05-22 16:06:48'),
  (13419,'sqj','192.168.0.192','2012-05-22 16:09:12'),
  (13420,'sqj','192.168.0.192','2012-05-22 16:09:12'),
  (13421,'sqj','192.168.0.192','2012-05-22 16:11:01'),
  (13422,'x.xie','192.168.0.191','2012-05-22 16:10:40'),
  (13423,'sqj','192.168.0.192','2012-05-22 16:12:07'),
  (13424,'xiexin','192.168.0.191','2012-05-22 16:11:20'),
  (13425,'sqj','192.168.0.192','2012-05-22 16:18:54'),
  (13426,'sqj','192.168.0.192','2012-05-22 16:27:52'),
  (13427,'sqj','192.168.0.192','2012-05-22 16:27:52'),
  (13428,'sqj','192.168.0.192','2012-05-22 16:29:16'),
  (13429,'sqj','192.168.0.192','2012-05-22 16:36:18'),
  (13430,'sqj','192.168.0.192','2012-05-22 16:38:35'),
  (13431,'hmx','192.168.0.191','2012-05-22 16:37:41'),
  (13432,'admin','192.168.0.189','2012-05-22 16:37:39'),
  (13433,'jmzd','192.168.0.191','2012-05-22 16:38:40'),
  (13434,'jmzd','192.168.0.191','2012-05-22 16:39:23'),
  (13435,'xiexin','192.168.0.191','2012-05-22 16:48:46'),
  (13436,'x.xie','192.168.0.191','2012-05-22 16:51:00'),
  (13437,'xiexin','192.168.0.191','2012-05-22 16:52:02'),
  (13438,'xiexin','192.168.0.191','2012-05-22 16:54:18'),
  (13439,'sqj','192.168.0.192','2012-05-22 16:56:27'),
  (13440,'sqj','192.168.0.192','2012-05-22 16:56:27'),
  (13441,'xiexin','192.168.0.191','2012-05-22 16:56:51'),
  (13442,'sqj','192.168.0.192','2012-05-22 17:06:17'),
  (13443,'xiexin','192.168.0.191','2012-05-22 17:09:33'),
  (13444,'xiexin','192.168.0.191','2012-05-22 17:18:50'),
  (13445,'xiexin','192.168.0.191','2012-05-22 17:23:00'),
  (13446,'xiexin','192.168.0.191','2012-05-22 17:27:22'),
  (13447,'xiexin','192.168.0.191','2012-05-22 17:30:05'),
  (13448,'jmzd','192.168.0.191','2012-05-22 17:30:29'),
  (13449,'jmzd','192.168.0.191','2012-05-22 17:34:04'),
  (13450,'jmzd','192.168.0.191','2012-05-22 17:37:26'),
  (13451,'jmzd','192.168.0.191','2012-05-22 17:39:55'),
  (13452,'jmzd','192.168.0.191','2012-05-22 17:39:55'),
  (13453,'sqj','192.168.0.192','2012-05-22 17:44:08'),
  (13454,'sqj','192.168.0.192','2012-05-22 17:44:08'),
  (13455,'jmzd','192.168.0.170','2012-05-26 00:17:02'),
  (13456,'jmzd','192.168.0.191','2012-05-22 17:49:57'),
  (13457,'x.xie','192.168.0.191','2012-05-22 17:54:53'),
  (13458,'sqj','192.168.0.192','2012-05-22 18:04:07'),
  (13459,'sqj','192.168.0.192','2012-05-22 18:05:13'),
  (13460,'x.xie','192.168.0.191','2012-05-22 18:04:33'),
  (13461,'hmx','192.168.0.192','2012-05-22 18:14:06'),
  (13462,'hmx','192.168.0.192','2012-05-22 18:14:06'),
  (13463,'sqj','192.168.0.192','2012-05-22 18:14:57'),
  (13464,'sqj','192.168.0.192','2012-05-22 18:14:57'),
  (13465,'x.xie','192.168.0.191','2012-05-22 18:19:05'),
  (13466,'sqj','192.168.0.192','2012-05-22 18:20:48'),
  (13467,'x.xie','192.168.0.191','2012-05-22 18:34:21'),
  (13468,'sqj','192.168.0.192','2012-05-22 18:36:18'),
  (13469,'xiexin','192.168.0.191','2012-05-22 18:36:37'),
  (13470,'jmzd','192.168.0.191','2012-05-22 18:36:59'),
  (13471,'sqj','192.168.0.192','2012-05-22 18:48:43'),
  (13472,'sqj','192.168.0.192','2012-05-22 18:48:43'),
  (13473,'x.xie','192.168.0.191','2012-05-23 09:10:38'),
  (13474,'sqj','192.168.0.192','2012-05-23 09:12:12'),
  (13475,'sqj','192.168.0.192','2012-05-23 09:12:12'),
  (13476,'sqj','192.168.0.170','2012-05-23 09:22:18'),
  (13477,'sqj','192.168.0.192','2012-05-23 09:28:34'),
  (13478,'sqj','192.168.0.192','2012-05-23 09:33:42'),
  (13479,'sqj','192.168.0.192','2012-05-23 09:36:44'),
  (13480,'sqj','192.168.0.192','2012-05-23 09:38:50'),
  (13481,'sqj','192.168.0.192','2012-05-23 09:42:07'),
  (13482,'sqj','192.168.0.192','2012-05-23 09:43:02'),
  (13483,'sqj','192.168.0.192','2012-05-23 09:46:12'),
  (13484,'sqj','192.168.0.192','2012-05-23 09:52:03'),
  (13485,'sqj','192.168.0.192','2012-05-23 09:52:03'),
  (13486,'sqj','192.168.0.192','2012-05-23 09:56:50'),
  (13487,'admin','192.168.0.170','2012-05-23 09:57:33'),
  (13488,'admin','192.168.0.170','2012-05-23 09:57:45'),
  (13489,'x.xie','192.168.0.191','2012-05-23 10:21:51'),
  (13490,'sqj','192.168.0.170','2012-05-23 10:25:19'),
  (13491,'x.xie','192.168.0.191','2012-05-23 10:23:51'),
  (13492,'sqj','192.168.0.170','2012-05-23 10:26:26'),
  (13493,'x.xie','192.168.0.191','2012-05-23 10:25:34'),
  (13494,'sqj','192.168.0.170','2012-05-23 10:38:30'),
  (13495,'x.xie','192.168.0.191','2012-05-23 10:39:29'),
  (13496,'x.xie','192.168.0.191','2012-05-23 10:44:54'),
  (13497,'x.xie','192.168.0.191','2012-05-23 10:51:39'),
  (13498,'sqj','192.168.0.192','2012-05-23 10:54:12'),
  (13499,'jmzd','192.168.0.191','2012-05-23 10:53:40'),
  (13500,'xiexin','192.168.0.191','2012-05-23 10:54:14'),
  (13501,'sqj','192.168.0.192','2012-05-23 11:03:12'),
  (13502,'sqj','192.168.0.192','2012-05-23 11:03:12'),
  (13503,'sqj','192.168.0.192','2012-05-23 11:24:47'),
  (13504,'sqj','192.168.0.192','2012-05-23 11:26:16'),
  (13505,'sqj','192.168.0.192','2012-05-23 11:27:21'),
  (13506,'sqj','192.168.0.170','2012-05-23 12:27:45'),
  (13507,'admin','192.168.0.170','2012-05-23 12:32:17'),
  (13508,'sqj','192.168.0.170','2012-05-23 12:39:07'),
  (13509,'sqj','192.168.0.170','2012-05-23 12:45:25'),
  (13510,'sqj','192.168.0.170','2012-05-23 12:48:56'),
  (13511,'sqj','192.168.0.170','2012-05-23 12:51:01'),
  (13512,'sqj','192.168.0.170','2012-05-23 12:53:01'),
  (13513,'sqj','192.168.0.170','2012-05-23 13:07:04'),
  (13514,'sqj','192.168.0.170','2012-05-23 13:09:38'),
  (13515,'sqj','192.168.0.170','2012-05-23 13:13:18'),
  (13516,'sqj','192.168.0.192','2012-05-23 13:40:57'),
  (13517,'sqj','192.168.0.192','2012-05-23 13:40:57'),
  (13518,'sqj','192.168.0.192','2012-05-23 13:42:21'),
  (13519,'sqj','192.168.0.192','2012-05-23 13:42:21'),
  (13520,'sqj','192.168.0.192','2012-05-23 13:43:16'),
  (13521,'sqj','192.168.0.192','2012-05-23 13:59:31'),
  (13522,'sqj','192.168.0.192','2012-05-23 13:59:31'),
  (13523,'sqj','192.168.0.170','2012-05-23 14:02:21'),
  (13524,'sqj','192.168.0.170','2012-05-23 14:03:23'),
  (13525,'sqj','192.168.0.192','2012-05-23 14:02:59'),
  (13526,'sqj','192.168.0.192','2012-05-23 14:03:51'),
  (13527,'sqj','192.168.0.192','2012-05-23 14:03:51'),
  (13528,'x.xie','192.168.0.191','2012-05-23 14:06:28'),
  (13529,'sqj','192.168.0.192','2012-05-23 14:07:14'),
  (13530,'sqj','192.168.0.192','2012-05-23 14:14:09'),
  (13531,'sqj','192.168.0.192','2012-05-23 14:16:58'),
  (13532,'songqingjun','192.168.0.192','2012-05-23 14:22:44'),
  (13533,'songqingjun','192.168.0.192','2012-05-23 14:22:44'),
  (13534,'admin','192.168.0.192','2012-05-23 14:23:13'),
  (13535,'admin','192.168.0.192','2012-05-23 14:23:13'),
  (13536,'admin','192.168.0.192','2012-05-23 14:23:17'),
  (13537,'songqingjun','192.168.0.192','2012-05-23 14:25:10'),
  (13538,'songqingjun','192.168.0.192','2012-05-23 14:25:10'),
  (13539,'x.xie','192.168.0.191','2012-05-23 14:30:09'),
  (13540,'x.xie','192.168.0.191','2012-05-23 14:33:15'),
  (13541,'songqingjun','192.168.0.192','2012-05-23 14:36:27'),
  (13542,'songqingjun','192.168.0.192','2012-05-23 14:36:59'),
  (13543,'songqingjun','192.168.0.192','2012-05-23 14:42:15'),
  (13544,'songqingjun','192.168.0.192','2012-05-23 14:42:15'),
  (13545,'x.xie','192.168.0.191','2012-05-23 14:42:12'),
  (13546,'songqingjun','192.168.0.192','2012-05-23 14:44:31'),
  (13547,'songqingjun','192.168.0.192','2012-05-23 14:44:31'),
  (13548,'x.xie','192.168.0.191','2012-05-23 14:57:10'),
  (13549,'x.xie','192.168.0.191','2012-05-23 14:59:19'),
  (13550,'songqingjun','192.168.0.192','2012-05-23 15:01:42'),
  (13551,'songqingjun','192.168.0.192','2012-05-23 15:02:24'),
  (13552,'songqingjun','192.168.0.192','2012-05-23 15:02:37'),
  (13553,'songqingjun','192.168.0.192','2012-05-23 15:03:56'),
  (13554,'songqingjun','192.168.0.192','2012-05-23 15:04:47'),
  (13555,'songqingjun','192.168.0.192','2012-05-23 15:10:48'),
  (13556,'songqingjun','192.168.0.192','2012-05-23 15:12:52'),
  (13557,'songqingjun','192.168.0.192','2012-05-23 15:13:13'),
  (13558,'sqj','192.168.0.192','2012-05-23 15:14:25'),
  (13559,'sqj','192.168.0.192','2012-05-23 15:14:25'),
  (13560,'sqj','192.168.0.192','2012-05-23 15:15:26'),
  (13561,'x.xie','192.168.0.191','2012-05-23 15:16:10'),
  (13562,'sqj','192.168.0.192','2012-05-23 15:21:30'),
  (13563,'songqingjun','192.168.0.192','2012-05-23 15:22:55'),
  (13564,'songqingjun','192.168.0.192','2012-05-23 15:22:55'),
  (13565,'songqingjun','192.168.0.192','2012-05-23 15:23:32'),
  (13566,'sqj','192.168.0.170','2012-05-23 15:24:43'),
  (13567,'x.xie','192.168.0.191','2012-05-23 15:26:39'),
  (13568,'admin','192.168.0.170','2012-05-23 15:29:55'),
  (13569,'admin','192.168.0.170','2012-05-23 15:29:58'),
  (13570,'humanxing','192.168.0.170','2012-05-23 15:32:11'),
  (13571,'x.xie','192.168.0.191','2012-05-23 15:32:40'),
  (13572,'humanxing','192.168.0.170','2012-05-23 15:35:55'),
  (13573,'sqj','192.168.0.192','2012-05-23 15:36:33'),
  (13574,'sqj','192.168.0.192','2012-05-23 15:36:33'),
  (13575,'sqj','192.168.0.192','2012-05-23 15:37:13'),
  (13576,'humanxing','192.168.0.170','2012-05-23 15:39:15'),
  (13577,'sqj','192.168.0.192','2012-05-23 15:38:53'),
  (13578,'songqingjun','192.168.0.192','2012-05-23 15:40:11'),
  (13579,'songqingjun','192.168.0.192','2012-05-23 15:40:11'),
  (13580,'x.xie','192.168.0.191','2012-05-23 15:39:43'),
  (13581,'sqj','192.168.0.192','2012-05-23 15:42:08'),
  (13582,'sqj','192.168.0.192','2012-05-23 15:42:08'),
  (13583,'x.xie','192.168.0.191','2012-05-23 16:04:59'),
  (13584,'songqingjun','192.168.0.192','2012-05-23 16:06:22'),
  (13585,'songqingjun','192.168.0.192','2012-05-23 16:06:22'),
  (13586,'songqingjun','192.168.0.192','2012-05-23 16:07:11'),
  (13587,'songqingjun','192.168.0.192','2012-05-23 16:08:51'),
  (13588,'x.xie','192.168.0.191','2012-05-23 16:09:43'),
  (13589,'x.xie','192.168.0.191','2012-05-23 16:12:05'),
  (13590,'songqingjun','192.168.0.192','2012-05-23 16:12:45'),
  (13591,'songqingjun','192.168.0.192','2012-05-23 16:12:45'),
  (13592,'x.xie','192.168.0.191','2012-05-23 16:13:26'),
  (13593,'songqingjun','192.168.0.192','2012-05-23 16:14:26'),
  (13594,'songqingjun','192.168.0.192','2012-05-23 16:14:26'),
  (13595,'sqj','192.168.0.170','2012-05-23 16:15:34'),
  (13596,'x.xie','192.168.0.191','2012-05-23 16:16:51'),
  (13597,'songqingjun','192.168.0.192','2012-05-23 16:23:01'),
  (13598,'songqingjun','192.168.0.192','2012-05-23 16:23:01'),
  (13599,'sqj','192.168.0.192','2012-05-23 16:23:35'),
  (13600,'sqj','192.168.0.192','2012-05-23 16:23:35'),
  (13601,'sqj','192.168.0.192','2012-05-23 16:25:45'),
  (13602,'sqj','192.168.0.192','2012-05-23 16:25:45'),
  (13603,'xiexin','192.168.0.191','2012-05-23 16:25:37'),
  (13604,'sqj','192.168.0.192','2012-05-23 16:28:31'),
  (13605,'sqj','192.168.0.192','2012-05-23 16:28:31'),
  (13606,'jmzd','192.168.0.191','2012-05-23 16:29:11'),
  (13607,'sqj','192.168.0.192','2012-05-23 16:31:20'),
  (13608,'sqj','192.168.0.192','2012-05-23 16:31:20'),
  (13609,'x.xie','192.168.0.191','2012-05-23 16:30:05'),
  (13610,'sqj','192.168.0.192','2012-05-23 16:37:02'),
  (13611,'sqj','192.168.0.192','2012-05-23 16:37:02'),
  (13612,'x.xie','192.168.0.191','2012-05-23 16:37:04'),
  (13613,'x.xie','192.168.0.191','2012-05-23 16:38:20'),
  (13614,'sqj','192.168.0.192','2012-05-23 16:41:50'),
  (13615,'sqj','192.168.0.192','2012-05-23 16:41:50'),
  (13616,'sqj','192.168.0.192','2012-05-23 16:45:18'),
  (13617,'sqj','192.168.0.192','2012-05-23 16:45:18'),
  (13618,'hmx','192.168.0.191','2012-05-23 16:47:31'),
  (13619,'sqj','192.168.0.192','2012-05-23 16:50:14'),
  (13620,'sqj','192.168.0.192','2012-05-23 16:50:14'),
  (13621,'sqj','192.168.0.192','2012-05-23 16:52:03'),
  (13622,'sqj','192.168.0.192','2012-05-23 16:52:48'),
  (13623,'sqj','192.168.0.192','2012-05-23 16:52:48'),
  (13624,'admin','192.168.0.170','2012-05-23 16:55:20'),
  (13625,'admin','192.168.0.170','2012-05-23 16:55:22'),
  (13626,'sqj','192.168.0.192','2012-05-23 16:55:42'),
  (13627,'jmzd','192.168.0.170','2012-05-23 16:58:37'),
  (13628,'sqj','192.168.0.192','2012-05-23 16:58:21'),
  (13629,'sqj','192.168.0.192','2012-05-23 16:58:21'),
  (13630,'x.xie','192.168.0.191','2012-05-23 16:57:34'),
  (13631,'hmx','192.168.0.191','2012-05-23 16:57:55'),
  (13632,'sqj','192.168.0.192','2012-05-23 17:00:02'),
  (13633,'sqj','192.168.0.192','2012-05-23 17:00:02'),
  (13634,'jmzd','192.168.0.170','2012-05-23 17:00:26'),
  (13635,'sqj','192.168.0.192','2012-05-23 17:01:29'),
  (13636,'sqj','192.168.0.192','2012-05-23 17:04:02'),
  (13637,'sqj','192.168.0.192','2012-05-23 17:04:02'),
  (13638,'jmzd','192.168.0.170','2012-05-23 17:04:34'),
  (13639,'songqingjun','192.168.0.192','2012-05-23 17:04:45'),
  (13640,'songqingjun','192.168.0.192','2012-05-23 17:04:45'),
  (13641,'x.xie','192.168.0.191','2012-05-23 17:10:05'),
  (13642,'hmx','192.168.0.191','2012-05-23 17:10:21'),
  (13643,'admin','192.168.0.189','2012-05-23 17:10:30'),
  (13644,'admin','192.168.0.189','2012-05-23 17:11:03'),
  (13645,'sqj','192.168.0.192','2012-05-23 17:12:47'),
  (13646,'sqj','192.168.0.192','2012-05-23 17:12:47'),
  (13647,'sqj','192.168.0.192','2012-05-23 17:13:11'),
  (13648,'sqj','192.168.0.192','2012-05-23 17:13:11'),
  (13649,'jmzd','192.168.0.170','2012-05-23 17:17:18'),
  (13650,'sqj','192.168.0.192','2012-05-23 17:19:08'),
  (13651,'sqj','192.168.0.192','2012-05-23 17:19:08'),
  (13652,'jmzd','192.168.0.189','2012-05-23 17:18:33'),
  (13653,'jmzd','192.168.0.170','2012-05-23 17:21:03'),
  (13654,'hmx','192.168.0.189','2012-05-23 17:20:43'),
  (13655,'admin','192.168.0.189','2012-05-23 17:22:02'),
  (13656,'admin','192.168.0.189','2012-05-23 17:22:05'),
  (13657,'hmx','192.168.0.189','2012-05-23 17:23:18'),
  (13658,'jmzd','192.168.0.189','2012-05-23 17:26:24'),
  (13659,'sqj','192.168.0.192','2012-05-23 17:28:35'),
  (13660,'sqj','192.168.0.192','2012-05-23 17:30:19'),
  (13661,'sqj','192.168.0.192','2012-05-23 17:34:38'),
  (13662,'sqj','192.168.0.192','2012-05-23 17:34:38'),
  (13663,'songqingjun','192.168.0.192','2012-05-23 17:37:20'),
  (13664,'songqingjun','192.168.0.192','2012-05-23 17:37:20'),
  (13665,'sqj','192.168.0.192','2012-05-23 17:40:56'),
  (13666,'sqj','192.168.0.192','2012-05-23 17:40:56'),
  (13667,'sqj','192.168.0.192','2012-05-23 17:42:44'),
  (13668,'sqj','192.168.0.192','2012-05-23 17:56:56'),
  (13669,'sqj','192.168.0.192','2012-05-23 17:56:56'),
  (13670,'sqj','192.168.0.192','2012-05-23 18:00:41'),
  (13671,'sqj','192.168.0.192','2012-05-23 18:00:41'),
  (13672,'sqj','192.168.0.192','2012-05-23 18:38:05'),
  (13673,'sqj','192.168.0.192','2012-05-23 18:38:05'),
  (13674,'sqj','192.168.0.192','2012-05-24 09:09:01'),
  (13675,'sqj','192.168.0.192','2012-05-24 09:09:01'),
  (13676,'x.xie','192.168.0.191','2012-05-24 09:14:30'),
  (13677,'xiexin','192.168.0.170','2012-05-24 09:16:54'),
  (13678,'hmx','192.168.0.191','2012-05-24 09:15:50'),
  (13679,'humanxing','192.168.0.170','2012-05-24 09:18:56'),
  (13680,'jmzd','192.168.0.170','2012-05-24 09:28:08'),
  (13681,'sqj','192.168.0.192','2012-05-24 09:39:57'),
  (13682,'sqj','192.168.0.192','2012-05-24 09:42:06'),
  (13683,'sqj','192.168.0.192','2012-05-24 09:42:27'),
  (13684,'sqj','192.168.0.192','2012-05-24 09:48:23'),
  (13685,'sqj','192.168.0.192','2012-05-24 10:22:17'),
  (13686,'hmx','192.168.0.191','2012-05-24 10:26:44'),
  (13687,'hmx','192.168.0.191','2012-05-24 10:30:21'),
  (13688,'sqj','192.168.0.192','2012-05-24 10:34:17'),
  (13689,'sqj','192.168.0.192','2012-05-24 10:34:17'),
  (13690,'sqj','192.168.0.192','2012-05-24 10:36:47'),
  (13691,'hmx','192.168.0.191','2012-05-24 10:35:55'),
  (13692,'hmx','192.168.0.192','2012-05-24 10:54:41'),
  (13693,'hmx','192.168.0.192','2012-05-24 10:54:41'),
  (13694,'sqj','192.168.0.192','2012-05-24 10:55:11'),
  (13695,'sqj','192.168.0.192','2012-05-24 10:55:11'),
  (13696,'hmx','192.168.0.192','2012-05-24 11:00:12'),
  (13697,'hmx','192.168.0.192','2012-05-24 11:00:12'),
  (13698,'sqj','192.168.0.192','2012-05-24 11:00:51'),
  (13699,'sqj','192.168.0.192','2012-05-24 11:00:51'),
  (13700,'sqj','192.168.0.192','2012-05-24 11:01:17'),
  (13701,'sqj','192.168.0.192','2012-05-24 11:01:17'),
  (13702,'hmx','192.168.0.192','2012-05-24 11:04:51'),
  (13703,'hmx','192.168.0.192','2012-05-24 11:04:51'),
  (13704,'sqj','192.168.0.192','2012-05-24 11:05:12'),
  (13705,'sqj','192.168.0.192','2012-05-24 11:05:12'),
  (13706,'sqj','192.168.0.192','2012-05-24 11:07:14'),
  (13707,'sqj','192.168.0.192','2012-05-24 11:07:14'),
  (13708,'sqj','192.168.0.192','2012-05-24 11:16:01'),
  (13709,'sqj','192.168.0.192','2012-05-24 11:16:01'),
  (13710,'sqj','192.168.0.192','2012-05-24 11:21:35'),
  (13711,'sqj','192.168.0.192','2012-05-24 11:21:35'),
  (13712,'sqj','192.168.0.192','2012-05-24 11:24:55'),
  (13713,'sqj','192.168.0.192','2012-05-24 11:24:55'),
  (13714,'sqj','192.168.0.192','2012-05-24 11:25:33'),
  (13715,'hmx','192.168.0.192','2012-05-24 11:26:54'),
  (13716,'hmx','192.168.0.192','2012-05-24 11:26:54'),
  (13717,'sqj','192.168.0.192','2012-05-24 11:27:21'),
  (13718,'sqj','192.168.0.192','2012-05-24 11:27:21'),
  (13719,'sqj','192.168.0.192','2012-05-24 11:32:45'),
  (13720,'hmx','192.168.0.192','2012-05-24 11:33:27'),
  (13721,'hmx','192.168.0.192','2012-05-24 11:33:27'),
  (13722,'sqj','192.168.0.192','2012-05-24 11:33:57'),
  (13723,'sqj','192.168.0.192','2012-05-24 11:33:57'),
  (13724,'sqj','192.168.0.192','2012-05-24 13:38:28'),
  (13725,'songqingjun','192.168.0.192','2012-05-24 13:38:53'),
  (13726,'songqingjun','192.168.0.192','2012-05-24 13:38:53'),
  (13727,'songqingjun','192.168.0.192','2012-05-24 13:46:38'),
  (13728,'songqingjun','192.168.0.192','2012-05-24 13:46:38'),
  (13729,'hmx','192.168.0.192','2012-05-24 13:47:19'),
  (13730,'hmx','192.168.0.192','2012-05-24 13:47:19'),
  (13731,'songqingjun','192.168.0.192','2012-05-24 13:47:53'),
  (13732,'songqingjun','192.168.0.192','2012-05-24 13:47:53'),
  (13733,'songqingjun','192.168.0.192','2012-05-24 13:52:34'),
  (13734,'songqingjun','192.168.0.192','2012-05-24 13:52:34'),
  (13735,'hmx','192.168.0.191','2012-05-24 13:54:12'),
  (13736,'hmx','192.168.0.192','2012-05-24 13:56:26'),
  (13737,'hmx','192.168.0.192','2012-05-24 13:56:26'),
  (13738,'songqingjun','192.168.0.192','2012-05-24 13:57:12'),
  (13739,'songqingjun','192.168.0.192','2012-05-24 13:57:12'),
  (13740,'hmx','192.168.0.192','2012-05-24 13:57:56'),
  (13741,'hmx','192.168.0.192','2012-05-24 13:57:56'),
  (13742,'songqingjun','192.168.0.192','2012-05-24 13:58:39'),
  (13743,'songqingjun','192.168.0.192','2012-05-24 13:58:39'),
  (13744,'songqingjun','192.168.0.192','2012-05-24 14:28:51'),
  (13745,'songqingjun','192.168.0.192','2012-05-24 14:28:51'),
  (13746,'sqj','192.168.0.192','2012-05-24 14:30:39'),
  (13747,'sqj','192.168.0.192','2012-05-24 14:30:39'),
  (13748,'songqingjun','192.168.0.192','2012-05-24 14:33:59'),
  (13749,'songqingjun','192.168.0.192','2012-05-24 14:33:59'),
  (13750,'hmx','192.168.0.191','2012-05-24 14:36:11'),
  (13751,'sqj','192.168.0.192','2012-05-24 14:36:43'),
  (13752,'sqj','192.168.0.192','2012-05-24 14:36:43'),
  (13753,'sqj','192.168.0.192','2012-05-24 14:39:32'),
  (13754,'sqj','192.168.0.192','2012-05-24 14:39:32'),
  (13755,'hmx','192.168.0.191','2012-05-24 14:42:26'),
  (13756,'humanxing','192.168.0.192','2012-05-24 14:44:55'),
  (13757,'humanxing','192.168.0.192','2012-05-24 14:44:55'),
  (13758,'humanxing','192.168.0.192','2012-05-24 14:46:31'),
  (13759,'humanxing','192.168.0.192','2012-05-24 14:47:17'),
  (13760,'humanxing','192.168.0.192','2012-05-24 14:47:17'),
  (13761,'humanxing','192.168.0.192','2012-05-24 14:49:23'),
  (13762,'humanxing','192.168.0.192','2012-05-24 14:49:23'),
  (13763,'humanxing','192.168.0.192','2012-05-24 14:51:09'),
  (13764,'humanxing','192.168.0.192','2012-05-24 14:51:09'),
  (13765,'humanxing','192.168.0.192','2012-05-24 14:52:31'),
  (13766,'humanxing','192.168.0.192','2012-05-24 14:52:31'),
  (13767,'hmx','192.168.0.191','2012-05-24 14:53:34'),
  (13768,'hmx','192.168.0.191','2012-05-24 14:56:03'),
  (13769,'humanxing','192.168.0.192','2012-05-24 14:57:30'),
  (13770,'humanxing','192.168.0.192','2012-05-24 14:57:30'),
  (13771,'sqj','192.168.0.192','2012-05-24 15:00:23'),
  (13772,'sqj','192.168.0.192','2012-05-24 15:00:23'),
  (13773,'admin','192.168.0.192','2012-05-24 15:11:05'),
  (13774,'admin','192.168.0.192','2012-05-24 15:11:05'),
  (13775,'sqj','192.168.0.192','2012-05-24 15:17:09'),
  (13776,'sqj','192.168.0.192','2012-05-24 15:17:09'),
  (13777,'admin','192.168.0.189','2012-05-24 15:27:22'),
  (13778,'hmx','192.168.0.189','2012-05-24 15:32:12'),
  (13779,'humanxing','192.168.0.170','2012-05-24 15:38:44'),
  (13780,'hmx','192.168.0.189','2012-05-24 15:40:28'),
  (13781,'hmx','192.168.0.170','2012-05-24 00:40:05'),
  (13782,'hmx','192.168.0.170','2012-05-24 16:08:33'),
  (13783,'jmzd','192.168.0.189','2012-05-24 16:19:55'),
  (13784,'sqj','192.168.0.192','2012-05-24 16:22:06'),
  (13785,'sqj','192.168.0.192','2012-05-24 16:22:06'),
  (13786,'hmx','192.168.0.170','2012-05-24 16:23:55'),
  (13787,'hmx','192.168.0.170','2012-05-24 16:23:59'),
  (13788,'hmx','192.168.0.170','2012-05-24 16:24:17'),
  (13789,'hmx','192.168.0.170','2012-05-24 16:24:20'),
  (13790,'hmx','192.168.0.170','2012-05-24 16:24:23'),
  (13791,'hmx','192.168.0.170','2012-05-24 16:24:26'),
  (13792,'hmx','192.168.0.170','2012-05-24 16:24:28'),
  (13793,'hmx','192.168.0.170','2012-05-24 16:24:31'),
  (13794,'hmx','192.168.0.170','2012-05-24 16:24:33'),
  (13795,'hmx','192.168.0.170','2012-05-24 16:24:35'),
  (13796,'jmzd','192.168.0.189','2012-05-24 16:24:29');

COMMIT;

#
# Data for the `sa_logs` table  (LIMIT 3000,500)
#

INSERT INTO `sa_logs` (`id`, `username`, `ip`, `logtime`) VALUES 
  (13797,'sqj','192.168.0.192','2012-05-24 16:31:25'),
  (13798,'sqj','192.168.0.192','2012-05-24 16:31:25'),
  (13799,'sqj','192.168.0.192','2012-05-24 16:32:46'),
  (13800,'x.xie','192.168.0.191','2012-05-24 16:33:30'),
  (13801,'jmzd','192.168.0.191','2012-05-24 16:33:47'),
  (13802,'hmx','192.168.0.170','2012-05-24 16:35:04'),
  (13803,'hmx','192.168.0.170','2012-05-24 16:35:08'),
  (13804,'hmx','192.168.0.170','2012-05-24 16:35:10'),
  (13805,'hmx','192.168.0.170','2012-05-24 16:35:12'),
  (13806,'hmx','192.168.0.170','2012-05-24 16:35:14'),
  (13807,'sqj','192.168.0.192','2012-05-24 16:36:23'),
  (13808,'sqj','192.168.0.192','2012-05-24 16:36:23'),
  (13809,'jmzd','192.168.0.191','2012-05-24 16:37:07'),
  (13810,'jmzd','192.168.0.189','2012-05-24 16:36:23'),
  (13811,'sqj','192.168.0.192','2012-05-24 16:38:15'),
  (13812,'sqj','192.168.0.192','2012-05-24 16:38:15'),
  (13813,'sqj','192.168.0.192','2012-05-24 16:39:44'),
  (13814,'sqj','192.168.0.192','2012-05-24 16:39:44'),
  (13815,'songqingjun','192.168.0.192','2012-05-24 16:40:16'),
  (13816,'songqingjun','192.168.0.192','2012-05-24 16:40:16'),
  (13817,'jmzd','192.168.0.189','2012-05-24 16:43:14'),
  (13818,'songqingjun','192.168.0.192','2012-05-24 16:46:42'),
  (13819,'songqingjun','192.168.0.192','2012-05-24 16:48:32'),
  (13820,'songqingjun','192.168.0.192','2012-05-24 16:49:17'),
  (13821,'hmx','192.168.0.191','2012-05-24 16:55:31'),
  (13822,'hmx','192.168.0.170','2012-05-24 16:56:37'),
  (13823,'songqingjun','192.168.0.192','2012-05-24 16:59:06'),
  (13824,'hmx','192.168.0.191','2012-05-24 17:04:45'),
  (13825,'hmx','192.168.0.191','2012-05-24 17:12:12'),
  (13826,'sqj','192.168.0.192','2012-05-24 17:15:35'),
  (13827,'sqj','192.168.0.192','2012-05-24 17:15:35'),
  (13828,'sqj','192.168.0.192','2012-05-24 17:18:16'),
  (13829,'sqj','192.168.0.192','2012-05-24 17:21:34'),
  (13830,'sqj','192.168.0.192','2012-05-24 17:24:04'),
  (13831,'sqj','192.168.0.192','2012-05-24 17:24:04'),
  (13832,'hmx','192.168.0.191','2012-05-24 17:28:56'),
  (13833,'hmx','192.168.0.191','2012-05-24 17:35:47'),
  (13834,'hmx','192.168.0.191','2012-05-24 17:41:27'),
  (13835,'hmx','192.168.0.191','2012-05-24 17:47:47'),
  (13836,'sqj','192.168.0.192','2012-05-24 17:51:20'),
  (13837,'hmx','192.168.0.191','2012-05-24 17:53:16'),
  (13838,'hmx','192.168.0.191','2012-05-24 18:01:43'),
  (13839,'jmzd','192.168.0.189','2012-05-24 18:01:50'),
  (13840,'hmx','192.168.0.191','2012-05-24 18:08:00'),
  (13841,'jmzd','192.168.0.189','2012-05-24 18:07:15'),
  (13842,'hmx','192.168.0.191','2012-05-24 18:11:31'),
  (13843,'hmx','192.168.0.191','2012-05-24 18:15:40'),
  (13844,'hmx','192.168.0.170','2012-05-24 18:14:56'),
  (13845,'jmzd','192.168.0.189','2012-05-24 18:16:52'),
  (13846,'hmx','192.168.0.170','2012-05-24 18:18:10'),
  (13847,'hmx','192.168.0.170','2012-05-24 18:19:45'),
  (13848,'humanxing','192.168.0.191','2012-05-24 18:20:54'),
  (13849,'humanxing','192.168.0.191','2012-05-24 18:22:37'),
  (13850,'x.xie','192.168.0.191','2012-05-24 18:26:39'),
  (13851,'hmx','192.168.0.170','2012-05-24 18:31:26'),
  (13852,'sqj','192.168.0.192','2012-05-24 18:33:30'),
  (13853,'hmx','192.168.0.170','2012-05-24 18:33:35'),
  (13854,'sqj','192.168.0.192','2012-05-24 18:34:57'),
  (13855,'sqj','192.168.0.192','2012-05-24 18:34:57'),
  (13856,'hmx','192.168.0.170','2012-05-24 18:34:06'),
  (13857,'hmx','192.168.0.170','2012-05-24 18:35:07'),
  (13858,'hmx','192.168.0.170','2012-05-24 18:35:24'),
  (13859,'hmx','192.168.0.170','2012-05-24 18:35:26'),
  (13860,'hmx','192.168.0.170','2012-05-24 18:35:27'),
  (13861,'hmx','192.168.0.170','2012-05-24 18:35:33'),
  (13862,'hmx','192.168.0.170','2012-05-24 18:35:40'),
  (13863,'jmzd','192.168.0.191','2012-05-24 18:35:42'),
  (13864,'hmx','192.168.0.170','2012-05-24 18:36:50'),
  (13865,'hmx','192.168.0.170','2012-05-24 18:37:31'),
  (13866,'hmx','192.168.0.170','2012-05-24 18:39:37'),
  (13867,'hmx','192.168.0.170','2012-05-24 18:42:27'),
  (13868,'hmx','192.168.0.170','2012-05-24 18:45:13'),
  (13869,'hmx','192.168.0.170','2012-05-24 18:46:39'),
  (13870,'xiexin','192.168.0.170','2012-05-24 19:01:54'),
  (13871,'admin','192.168.0.170','2012-05-24 19:04:57'),
  (13872,'admin','192.168.0.170','2012-05-24 19:05:00'),
  (13873,'xiexin','192.168.0.170','2012-05-24 19:08:08'),
  (13874,'hmx','192.168.0.170','2012-05-24 19:10:55'),
  (13875,'hmx','192.168.0.189','2012-05-24 19:21:56'),
  (13876,'sqj','192.168.0.192','2012-05-25 09:21:01'),
  (13877,'sqj','192.168.0.192','2012-05-25 09:21:01'),
  (13878,'admin','192.168.0.189','2012-05-25 09:19:30'),
  (13879,'hmx','192.168.0.170','2012-05-25 09:20:26'),
  (13880,'song','192.168.0.192','2012-05-25 09:22:37'),
  (13881,'song','192.168.0.192','2012-05-25 09:22:37'),
  (13882,'admin','192.168.0.189','2012-05-25 09:21:07'),
  (13883,'hmx','192.168.0.170','2012-05-25 09:22:55'),
  (13884,'song','192.168.0.192','2012-05-25 09:24:30'),
  (13885,'song','192.168.0.192','2012-05-25 09:26:57'),
  (13886,'song','192.168.0.192','2012-05-25 09:26:57'),
  (13887,'hmx','192.168.0.170','2012-05-25 09:31:29'),
  (13888,'hmx','192.168.0.170','2012-05-25 09:32:01'),
  (13889,'hmx','192.168.0.170','2012-05-25 09:33:17'),
  (13890,'admin','192.168.0.189','2012-05-25 09:38:47'),
  (13891,'hmx','192.168.0.170','2012-05-25 09:50:06'),
  (13892,'songqingjun','192.168.0.192','2012-05-25 09:53:16'),
  (13893,'songqingjun','192.168.0.192','2012-05-25 09:53:16'),
  (13894,'hmx','192.168.0.170','2012-05-25 09:52:34'),
  (13895,'hmx','192.168.0.170','2012-05-25 09:58:15'),
  (13896,'hmx','192.168.0.189','2012-05-25 09:58:01'),
  (13897,'songqingjun','192.168.0.192','2012-05-25 10:01:21'),
  (13898,'xiexin','192.168.0.189','2012-05-25 10:04:12'),
  (13899,'songqingjun','192.168.0.192','2012-05-25 10:07:50'),
  (13900,'hmx','192.168.0.191','2012-05-25 10:07:51'),
  (13901,'hmx','192.168.0.189','2012-05-25 10:08:53'),
  (13902,'hmx','192.168.0.170','2012-05-25 10:12:01'),
  (13903,'admin','192.168.0.189','2012-05-25 10:11:57'),
  (13904,'admin','192.168.0.189','2012-05-25 10:12:02'),
  (13905,'song','192.168.0.189','2012-05-25 10:13:02'),
  (13906,'hmx','192.168.0.191','2012-05-25 10:16:53'),
  (13907,'hmx','192.168.0.189','2012-05-25 10:17:35'),
  (13908,'songqingjun','192.168.0.192','2012-05-25 10:19:43'),
  (13909,'songqingjun','192.168.0.192','2012-05-25 10:22:58'),
  (13910,'songqingjun','192.168.0.192','2012-05-25 10:25:23'),
  (13911,'song','192.168.0.189','2012-05-25 10:23:40'),
  (13912,'songqingjun','192.168.0.192','2012-05-25 10:31:54'),
  (13913,'songqingjun','192.168.0.192','2012-05-25 10:33:05'),
  (13914,'song','192.168.0.192','2012-05-25 10:33:18'),
  (13915,'song','192.168.0.192','2012-05-25 10:33:18'),
  (13916,'hmx','192.168.0.191','2012-05-25 10:34:58'),
  (13917,'song','192.168.0.189','2012-05-25 10:35:13'),
  (13918,'hmx','192.168.0.189','2012-05-25 10:36:07'),
  (13919,'song','192.168.0.189','2012-05-25 10:36:48'),
  (13920,'hmx','192.168.0.170','2012-05-25 10:38:30'),
  (13921,'songqingjun','192.168.0.192','2012-05-25 10:40:27'),
  (13922,'songqingjun','192.168.0.192','2012-05-25 10:40:27'),
  (13923,'hmx','192.168.0.170','2012-05-25 10:39:50'),
  (13924,'hmx','192.168.0.189','2012-05-25 10:39:15'),
  (13925,'hmx','192.168.0.170','2012-05-25 10:40:40'),
  (13926,'song','192.168.0.189','2012-05-25 10:40:37'),
  (13927,'hmx','192.168.0.191','2012-05-25 10:43:40'),
  (13928,'hmx','192.168.0.170','2012-05-25 02:44:26'),
  (13929,'hmx','192.168.0.170','2012-05-25 02:45:22'),
  (13930,'hmx','192.168.0.170','2012-05-25 02:46:33'),
  (13931,'song','192.168.0.192','2012-05-25 10:49:03'),
  (13932,'song','192.168.0.192','2012-05-25 10:49:03'),
  (13933,'hmx','192.168.0.170','2012-05-25 02:50:35'),
  (13934,'hmx','192.168.0.191','2012-05-25 10:51:36'),
  (13935,'hmx','192.168.0.191','2012-05-25 10:53:35'),
  (13936,'sqj','192.168.0.189','2012-05-25 10:56:10'),
  (13937,'sqj','192.168.0.189','2012-05-25 10:57:01'),
  (13938,'hmx','192.168.0.191','2012-05-25 10:59:19'),
  (13939,'humanxing','192.168.0.191','2012-05-25 11:03:08'),
  (13940,'song','192.168.0.192','2012-05-25 11:03:25'),
  (13941,'song','192.168.0.192','2012-05-25 11:03:25'),
  (13942,'humanxing','192.168.0.191','2012-05-25 11:08:44'),
  (13943,'song','192.168.0.192','2012-05-25 11:11:06'),
  (13944,'song','192.168.0.192','2012-05-25 11:11:18'),
  (13945,'song','192.168.0.192','2012-05-25 11:16:07'),
  (13946,'song','192.168.0.192','2012-05-25 11:17:56'),
  (13947,'song','192.168.0.192','2012-05-25 13:42:50'),
  (13948,'song','192.168.0.192','2012-05-25 13:42:50'),
  (13949,'song','192.168.0.192','2012-05-25 13:45:59'),
  (13950,'song','192.168.0.192','2012-05-25 13:47:07'),
  (13951,'song','192.168.0.192','2012-05-25 13:47:07'),
  (13952,'hmx','192.168.0.191','2012-05-25 13:46:24'),
  (13953,'humanxing','192.168.0.191','2012-05-25 13:50:34'),
  (13954,'sqj','192.168.0.189','2012-05-25 13:52:21'),
  (13955,'xiexin','192.168.0.191','2012-05-25 13:55:13'),
  (13956,'jmzd','192.168.0.191','2012-05-25 13:57:27'),
  (13957,'sqj','192.168.0.189','2012-05-25 13:57:51'),
  (13958,'song','192.168.0.192','2012-05-25 14:01:35'),
  (13959,'songqingjun','192.168.0.189','2012-05-25 14:00:38'),
  (13960,'song','192.168.0.192','2012-05-25 14:03:24'),
  (13961,'song','192.168.0.192','2012-05-25 14:08:05'),
  (13962,'hmx','192.168.0.170','2012-05-25 06:08:30'),
  (13963,'hmx','192.168.0.170','2012-05-25 06:08:30'),
  (13964,'hmx','192.168.0.192','2012-05-25 14:10:22'),
  (13965,'hmx','192.168.0.192','2012-05-25 14:10:22'),
  (13966,'jmzd','192.168.0.191','2012-05-25 14:11:09'),
  (13967,'jmzd','192.168.0.191','2012-05-25 14:12:57'),
  (13968,'song','192.168.0.192','2012-05-25 14:13:55'),
  (13969,'song','192.168.0.192','2012-05-25 14:13:55'),
  (13970,'hmx','192.168.0.189','2012-05-25 14:14:34'),
  (13971,'songqingjun','192.168.0.189','2012-05-25 14:15:37'),
  (13972,'hmx','192.168.0.170','2012-05-25 06:17:24'),
  (13973,'hmx','192.168.0.170','2012-05-25 06:17:24'),
  (13974,'jmzd','192.168.0.191','2012-05-25 14:19:04'),
  (13975,'hmx','192.168.0.192','2012-05-25 14:22:12'),
  (13976,'hmx','192.168.0.170','2012-05-25 06:23:39'),
  (13977,'admin','192.168.0.189','2012-05-25 14:23:26'),
  (13978,'jmzd','192.168.0.191','2012-05-25 14:24:47'),
  (13979,'admin','192.168.0.189','2012-05-25 14:23:30'),
  (13980,'song','192.168.0.192','2012-05-25 14:26:31'),
  (13981,'song','192.168.0.192','2012-05-25 14:26:31'),
  (13982,'sqj','192.168.0.189','2012-05-25 14:25:21'),
  (13983,'hmx','192.168.0.192','2012-05-25 14:27:36'),
  (13984,'hmx','192.168.0.192','2012-05-25 14:27:36'),
  (13985,'jmzd','192.168.0.191','2012-05-25 14:27:17'),
  (13986,'song','192.168.0.192','2012-05-25 14:29:15'),
  (13987,'hmx','192.168.0.192','2012-05-25 14:29:41'),
  (13988,'hmx','192.168.0.192','2012-05-25 14:29:41'),
  (13989,'hmx','192.168.0.191','2012-05-25 14:30:25'),
  (13990,'jmzd','192.168.0.191','2012-05-25 14:30:40'),
  (13991,'song','192.168.0.192','2012-05-25 14:31:26'),
  (13992,'song','192.168.0.192','2012-05-25 14:31:26'),
  (13993,'song','192.168.0.192','2012-05-25 14:33:07'),
  (13994,'hmx','192.168.0.192','2012-05-25 14:37:21'),
  (13995,'hmx','192.168.0.192','2012-05-25 14:37:21'),
  (13996,'hmx','192.168.0.170','2012-05-25 06:36:12'),
  (13997,'song','192.168.0.192','2012-05-25 14:38:14'),
  (13998,'song','192.168.0.192','2012-05-25 14:38:14'),
  (13999,'hmx','192.168.0.191','2012-05-25 14:38:10'),
  (14000,'humanxing','192.168.0.191','2012-05-25 14:38:39'),
  (14001,'admin','192.168.0.189','2012-05-25 14:38:41'),
  (14002,'admin','192.168.0.189','2012-05-25 14:38:48'),
  (14003,'hmx','192.168.0.192','2012-05-25 14:42:09'),
  (14004,'hmx','192.168.0.192','2012-05-25 14:42:09'),
  (14005,'songqj','192.168.0.189','2012-05-25 14:44:36'),
  (14006,'hmx','192.168.0.192','2012-05-25 14:47:33'),
  (14007,'hmx','192.168.0.192','2012-05-25 14:49:33'),
  (14008,'hmx','192.168.0.192','2012-05-25 14:51:04'),
  (14009,'song','192.168.0.192','2012-05-25 15:21:07'),
  (14010,'song','192.168.0.192','2012-05-25 15:21:07'),
  (14011,'humanxing','192.168.0.192','2012-05-25 15:21:39'),
  (14012,'hmx','192.168.0.170','2012-05-25 07:27:53'),
  (14013,'hmx','192.168.0.170','2012-05-25 07:29:05'),
  (14014,'hmx','192.168.0.191','2012-05-25 15:32:10'),
  (14015,'humanxing','192.168.0.192','2012-05-25 15:33:31'),
  (14016,'hmx','192.168.0.170','2012-05-25 07:35:31'),
  (14017,'hmx','192.168.0.191','2012-05-25 15:36:32'),
  (14018,'song','192.168.0.192','2012-05-25 15:39:07'),
  (14019,'song','192.168.0.192','2012-05-25 15:39:07'),
  (14020,'hmx','192.168.0.192','2012-05-25 15:42:15'),
  (14021,'hmx','192.168.0.192','2012-05-25 15:42:15'),
  (14022,'song','192.168.0.192','2012-05-25 15:42:35'),
  (14023,'song','192.168.0.192','2012-05-25 15:42:35'),
  (14024,'hmx','192.168.0.192','2012-05-25 15:43:30'),
  (14025,'hmx','192.168.0.192','2012-05-25 15:43:30'),
  (14026,'song','192.168.0.192','2012-05-25 15:44:04'),
  (14027,'song','192.168.0.192','2012-05-25 15:44:04'),
  (14028,'hmx','192.168.0.192','2012-05-25 15:44:27'),
  (14029,'song','192.168.0.192','2012-05-25 15:48:00'),
  (14030,'song','192.168.0.192','2012-05-25 15:48:00'),
  (14031,'songqingjun','192.168.0.192','2012-05-25 15:48:16'),
  (14032,'songqingjun','192.168.0.192','2012-05-25 15:48:16'),
  (14033,'jmzd','192.168.0.189','2012-05-25 15:49:16'),
  (14034,'hmx','192.168.0.189','2012-05-25 15:51:48'),
  (14035,'hmx','192.168.0.192','2012-05-25 15:59:39'),
  (14036,'hmx','192.168.0.192','2012-05-25 15:59:39'),
  (14037,'hmx','192.168.0.170','2012-05-25 07:58:54'),
  (14038,'songqingjun','192.168.0.192','2012-05-25 16:01:50'),
  (14039,'songqingjun','192.168.0.192','2012-05-25 16:01:50'),
  (14040,'hmx','192.168.0.170','2012-05-25 08:04:00'),
  (14041,'hmx','192.168.0.170','2012-05-25 08:04:04'),
  (14042,'hmx','192.168.0.189','2012-05-25 16:05:30'),
  (14043,'admin','192.168.0.189','2012-05-25 16:08:23'),
  (14044,'admin','192.168.0.189','2012-05-25 16:09:39'),
  (14045,'humanxing','192.168.0.191','2012-05-25 16:19:05'),
  (14046,'hmx','192.168.0.191','2012-05-25 16:20:19'),
  (14047,'jmzd','192.168.0.189','2012-05-25 16:19:23'),
  (14048,'hmx','192.168.0.191','2012-05-25 16:28:11'),
  (14049,'xiexin','192.168.0.189','2012-05-25 16:29:03'),
  (14050,'humanxing','192.168.0.191','2012-05-25 16:36:10'),
  (14051,'songqingjun','192.168.0.192','2012-05-25 16:50:31'),
  (14052,'humanxing','192.168.0.191','2012-05-25 16:51:53'),
  (14053,'xiexin','192.168.0.191','2012-05-25 16:55:10'),
  (14054,'sqj','192.168.0.189','2012-05-25 16:56:41'),
  (14055,'humanxing','192.168.0.191','2012-05-25 17:02:45'),
  (14056,'songqingjun','192.168.0.192','2012-05-25 17:04:46'),
  (14057,'songqingjun','192.168.0.192','2012-05-25 17:06:05'),
  (14058,'songqingjun','192.168.0.192','2012-05-25 17:06:05'),
  (14059,'humanxing','192.168.0.191','2012-05-25 17:05:41'),
  (14060,'xiexin','192.168.0.191','2012-05-25 17:05:57'),
  (14061,'songqingjun','192.168.0.192','2012-05-25 17:08:26'),
  (14062,'songqingjun','192.168.0.192','2012-05-25 17:13:12'),
  (14063,'songqingjun','192.168.0.192','2012-05-25 17:13:12'),
  (14064,'hmx','192.168.0.192','2012-05-25 17:13:32'),
  (14065,'hmx','192.168.0.192','2012-05-25 17:13:32'),
  (14066,'songqingjun','192.168.0.192','2012-05-25 17:14:15'),
  (14067,'songqingjun','192.168.0.192','2012-05-25 17:14:15'),
  (14068,'hmx','192.168.0.192','2012-05-25 17:15:58'),
  (14069,'hmx','192.168.0.192','2012-05-25 17:15:58'),
  (14070,'songqingjun','192.168.0.192','2012-05-25 17:16:34'),
  (14071,'songqingjun','192.168.0.192','2012-05-25 17:16:42'),
  (14072,'songqingjun','192.168.0.192','2012-05-25 17:16:42'),
  (14073,'songqingjun','192.168.0.189','2012-05-25 17:20:54'),
  (14074,'humanxing','192.168.0.191','2012-05-25 17:28:00'),
  (14075,'humanxing','192.168.0.191','2012-05-25 17:28:16'),
  (14076,'xiexin','192.168.0.191','2012-05-25 17:31:36'),
  (14077,'admin','192.168.0.189','2012-05-25 17:30:46'),
  (14078,'admin','192.168.0.189','2012-05-25 17:31:16'),
  (14079,'sqj','192.168.0.170','2012-05-25 17:39:07'),
  (14080,'admin','192.168.0.170','2012-05-25 17:47:51'),
  (14081,'admin','192.168.0.170','2012-05-25 17:47:54'),
  (14082,'hmx','192.168.0.170','2012-05-25 17:51:18'),
  (14083,'sqj','192.168.0.170','2012-05-25 17:51:41'),
  (14084,'sqj','192.168.0.170','2012-05-25 17:54:02'),
  (14085,'sqj','192.168.0.170','2012-05-25 17:55:34'),
  (14086,'admin','192.168.0.189','2012-05-26 08:51:37'),
  (14087,'admin','192.168.0.189','2012-05-26 08:51:43'),
  (14088,'jmzd','192.168.0.189','2012-05-26 08:54:17'),
  (14089,'hmx','192.168.0.191','2012-05-26 08:58:09'),
  (14090,'xiexin','192.168.0.192','2012-05-26 09:07:38'),
  (14091,'xiexin','192.168.0.192','2012-05-26 09:07:38'),
  (14092,'humanxing','192.168.0.189','2012-05-26 09:08:57'),
  (14093,'sqj','192.168.0.192','2012-05-26 09:14:09'),
  (14094,'songqingjun','192.168.0.192','2012-05-26 09:14:34'),
  (14095,'song','192.168.0.192','2012-05-26 09:15:18'),
  (14096,'song','192.168.0.192','2012-05-26 09:15:18'),
  (14097,'xiexin','192.168.0.191','2012-05-26 09:14:37'),
  (14098,'xiexin','192.168.0.192','2012-05-26 09:16:02'),
  (14099,'xiexin','192.168.0.192','2012-05-26 09:16:02'),
  (14100,'xiexin','192.168.0.192','2012-05-26 09:29:22'),
  (14101,'song','192.168.0.192','2012-05-26 09:31:30'),
  (14102,'song','192.168.0.192','2012-05-26 09:31:30'),
  (14103,'songqingjun','192.168.0.191','2012-05-26 09:36:09'),
  (14104,'xiexin','192.168.0.192','2012-05-26 09:40:47'),
  (14105,'xiexin','192.168.0.192','2012-05-26 09:40:47'),
  (14106,'xiexin','192.168.0.192','2012-05-26 09:53:29'),
  (14107,'xiexin','192.168.0.192','2012-05-26 09:55:26'),
  (14108,'xiexin','192.168.0.192','2012-05-26 10:04:05'),
  (14109,'xiexin','192.168.0.192','2012-05-26 10:06:17'),
  (14110,'xiexin','192.168.0.192','2012-05-26 10:09:55'),
  (14111,'xiexin','192.168.0.192','2012-05-26 10:11:55'),
  (14112,'xiexin','192.168.0.192','2012-05-26 10:11:55'),
  (14113,'hmx','192.168.0.192','2012-05-26 10:18:21'),
  (14114,'hmx','192.168.0.192','2012-05-26 10:18:21'),
  (14115,'xiexin','192.168.0.192','2012-05-26 10:18:58'),
  (14116,'xiexin','192.168.0.192','2012-05-26 10:18:58'),
  (14117,'admin','192.168.0.189','2012-05-26 10:18:05'),
  (14118,'hmx','192.168.0.192','2012-05-26 10:37:32'),
  (14119,'hmx','192.168.0.192','2012-05-26 10:37:32'),
  (14120,'xiexin','192.168.0.192','2012-05-26 10:38:03'),
  (14121,'xiexin','192.168.0.192','2012-05-26 10:38:03'),
  (14122,'hmx','192.168.0.191','2012-05-26 10:37:28'),
  (14123,'humanxing','192.168.0.170','2012-05-26 10:38:35'),
  (14124,'hmx','192.168.0.192','2012-05-26 10:42:07'),
  (14125,'hmx','192.168.0.192','2012-05-26 10:42:07'),
  (14126,'xiexin','192.168.0.192','2012-05-26 10:42:51'),
  (14127,'xiexin','192.168.0.192','2012-05-26 10:42:51'),
  (14128,'hmx','192.168.0.192','2012-05-26 10:44:35'),
  (14129,'hmx','192.168.0.192','2012-05-26 10:44:35'),
  (14130,'xiexin','192.168.0.192','2012-05-26 10:53:05'),
  (14131,'xiexin','192.168.0.192','2012-05-26 10:53:05'),
  (14132,'hmx','192.168.0.189','2012-05-26 10:51:44'),
  (14133,'songqingjun','192.168.0.191','2012-05-26 10:52:59'),
  (14134,'hmx','192.168.0.192','2012-05-26 10:57:24'),
  (14135,'hmx','192.168.0.192','2012-05-26 10:57:24'),
  (14136,'songqingjun','192.168.0.192','2012-05-26 10:58:16'),
  (14137,'songqingjun','192.168.0.192','2012-05-26 10:58:16'),
  (14138,'hmx','192.168.0.191','2012-05-26 10:58:29'),
  (14139,'songqingjun','192.168.0.191','2012-05-26 10:59:17'),
  (14140,'xiexin','192.168.0.192','2012-05-26 11:00:36'),
  (14141,'xiexin','192.168.0.192','2012-05-26 11:00:36'),
  (14142,'songqingjun','192.168.0.192','2012-05-26 11:02:41'),
  (14143,'songqingjun','192.168.0.192','2012-05-26 11:02:41'),
  (14144,'xiexin','192.168.0.192','2012-05-26 11:13:50'),
  (14145,'xiexin','192.168.0.192','2012-05-26 11:13:50'),
  (14146,'admin','192.168.0.170','2012-05-26 11:13:28'),
  (14147,'xiexin','192.168.0.192','2012-05-26 11:14:35'),
  (14148,'xiexin','192.168.0.192','2012-05-26 11:14:35'),
  (14149,'admin','192.168.0.170','2012-05-26 11:13:31'),
  (14150,'hmx','192.168.0.189','2012-05-26 11:13:52'),
  (14151,'xiexin','192.168.0.192','2012-05-26 11:20:41'),
  (14152,'humanxing','192.168.0.170','2012-05-26 11:19:39'),
  (14153,'xiexin','192.168.0.192','2012-05-26 11:22:57'),
  (14154,'humanxing','192.168.0.189','2012-05-26 11:30:09'),
  (14155,'humanxing','192.168.0.170','2012-05-26 12:09:58'),
  (14156,'jmzd','192.168.0.189','2012-05-26 13:22:35'),
  (14157,'humanxing','192.168.0.170','2012-05-26 13:26:26'),
  (14158,'hmx','192.168.0.191','2012-05-26 13:29:30'),
  (14159,'sqj','192.168.0.191','2012-05-26 13:32:48'),
  (14160,'humanxing','192.168.0.191','2012-05-26 13:34:36'),
  (14161,'hmx','192.168.0.191','2012-05-26 13:36:01'),
  (14162,'sqj','192.168.0.192','2012-05-26 13:42:37'),
  (14163,'sqj','192.168.0.192','2012-05-26 13:42:37'),
  (14164,'songqingjun','192.168.0.192','2012-05-26 13:43:56'),
  (14165,'songqingjun','192.168.0.192','2012-05-26 13:43:56'),
  (14166,'humanxing','192.168.0.170','2012-05-26 13:49:17'),
  (14167,'humanxing','192.168.0.191','2012-05-26 13:59:29'),
  (14168,'hmx','192.168.0.191','2012-05-26 14:04:21'),
  (14169,'songqingjun','192.168.0.192','2012-05-26 14:11:51'),
  (14170,'songqingjun','192.168.0.192','2012-05-26 14:11:51'),
  (14171,'songqingjun','192.168.0.192','2012-05-26 14:13:15'),
  (14172,'songqingjun','192.168.0.192','2012-05-26 14:13:15'),
  (14173,'jmzd','192.168.0.189','2012-05-26 14:11:46'),
  (14174,'songqingjun','192.168.0.192','2012-05-26 15:04:01'),
  (14175,'songqingjun','192.168.0.192','2012-05-26 15:31:14'),
  (14176,'songqingjun','192.168.0.192','2012-05-26 15:34:54'),
  (14177,'hmx','192.168.0.191','2012-05-26 15:51:59'),
  (14178,'humanxing','192.168.0.191','2012-05-26 15:54:26'),
  (14179,'songqingjun','192.168.0.192','2012-05-26 15:56:53'),
  (14180,'hmx','192.168.0.191','2012-05-26 15:57:17'),
  (14181,'songqingjun','192.168.0.192','2012-05-26 15:58:35'),
  (14182,'songqingjun','192.168.0.192','2012-05-26 15:58:35'),
  (14183,'humanxing','192.168.0.170','2012-05-26 16:15:40'),
  (14184,'song','192.168.0.192','2012-05-26 16:18:56'),
  (14185,'song','192.168.0.192','2012-05-26 16:18:56'),
  (14186,'hmx','192.168.0.192','2012-05-26 16:20:25'),
  (14187,'hmx','192.168.0.192','2012-05-26 16:20:25'),
  (14188,'hmx','192.168.0.192','2012-05-26 16:21:12'),
  (14189,'hmx','192.168.0.192','2012-05-26 16:21:12'),
  (14190,'song','192.168.0.192','2012-05-26 16:21:31'),
  (14191,'song','192.168.0.192','2012-05-26 16:21:31'),
  (14192,'hmx','192.168.0.191','2012-05-26 16:24:45'),
  (14193,'songqingjun','192.168.0.192','2012-05-26 16:28:00'),
  (14194,'songqingjun','192.168.0.192','2012-05-26 16:28:00'),
  (14195,'humanxing','192.168.0.170','2012-05-26 16:29:35'),
  (14196,'jmzd','192.168.0.189','2012-05-26 16:43:41'),
  (14197,'hmx','192.168.0.191','2012-05-26 16:46:45'),
  (14198,'x.xie','192.168.0.189','2012-05-26 16:47:12'),
  (14199,'songqingjun','192.168.0.189','2012-05-26 16:52:37'),
  (14200,'song','192.168.0.189','2012-05-26 16:55:57'),
  (14201,'sqj','192.168.0.189','2012-05-26 16:59:01'),
  (14202,'x.xie','192.168.0.189','2012-05-26 17:06:01'),
  (14203,'hmx','192.168.0.191','2012-05-26 17:14:58'),
  (14204,'humanxing','192.168.0.191','2012-05-26 17:15:45'),
  (14205,'humanxing','192.168.0.189','2012-05-26 17:17:14'),
  (14206,'hmx','192.168.0.191','2012-05-26 17:18:04'),
  (14207,'admin','192.168.0.189','2012-05-26 17:20:18'),
  (14208,'hmx','192.168.0.191','2012-05-26 17:23:22'),
  (14209,'hmx','192.168.0.189','2012-05-26 17:23:14'),
  (14210,'hmx','192.168.0.191','2012-05-26 17:24:49'),
  (14211,'humanxing','192.168.0.191','2012-05-26 17:25:05'),
  (14212,'humanxing','192.168.0.191','2012-05-26 17:27:35'),
  (14213,'song','192.168.0.192','2012-05-26 17:30:16'),
  (14214,'song','192.168.0.192','2012-05-26 17:30:16'),
  (14215,'humanxing','192.168.0.170','2012-05-26 17:32:38'),
  (14216,'song','192.168.0.192','2012-05-26 17:36:16'),
  (14217,'song','192.168.0.192','2012-05-26 17:40:20'),
  (14218,'song','192.168.0.192','2012-05-26 17:40:20'),
  (14219,'humanxing','192.168.0.170','2012-05-26 17:44:20'),
  (14220,'humanxing','192.168.0.170','2012-05-26 17:48:02'),
  (14221,'hmx','192.168.0.191','2012-05-26 17:51:42'),
  (14222,'admin','192.168.0.189','2012-05-26 17:52:22'),
  (14223,'admin','192.168.0.189','2012-05-26 17:52:38'),
  (14224,'xiexin','192.168.0.191','2012-05-26 17:57:00'),
  (14225,'admin','192.168.0.189','2012-05-26 17:56:30'),
  (14226,'humanxing','192.168.0.170','2012-05-26 17:57:51'),
  (14227,'hmx','192.168.0.191','2012-05-26 17:58:03'),
  (14228,'song','192.168.0.192','2012-05-26 18:01:28'),
  (14229,'song','192.168.0.192','2012-05-26 18:02:44'),
  (14230,'song','192.168.0.192','2012-05-26 18:02:44'),
  (14231,'admin','192.168.0.189','2012-05-26 18:05:33'),
  (14232,'xiexin','192.168.0.191','2012-05-26 18:12:34'),
  (14233,'xiexin','192.168.0.191','2012-05-26 18:17:19'),
  (14234,'xiexin','192.168.0.191','2012-05-26 18:20:22'),
  (14235,'humanxing','192.168.0.170','2012-05-26 18:21:54'),
  (14236,'sqj','192.168.0.192','2012-05-26 18:23:00'),
  (14237,'sqj','192.168.0.192','2012-05-26 18:23:00'),
  (14238,'hmx','192.168.0.189','2012-05-26 18:24:48'),
  (14239,'hmx','192.168.0.189','2012-05-26 18:25:04'),
  (14240,'humanxing','192.168.0.170','2012-05-26 18:30:23'),
  (14241,'humanxing','192.168.0.170','2012-05-26 18:35:54'),
  (14242,'hmx','192.168.0.191','2012-05-26 18:36:28'),
  (14243,'song','192.168.0.192','2012-05-26 18:46:04'),
  (14244,'song','192.168.0.192','2012-05-26 18:46:04'),
  (14245,'songqingjun','192.168.0.192','2012-05-26 18:58:01'),
  (14246,'humanxing','192.168.0.170','2012-05-26 18:57:33'),
  (14247,'humanxing','192.168.0.170','2012-05-26 18:59:42'),
  (14248,'humanxing','192.168.0.170','2012-05-26 19:06:18'),
  (14249,'humanxing','192.168.0.170','2012-05-26 19:06:48'),
  (14250,'humanxing','192.168.0.170','2012-05-26 19:29:52'),
  (14251,'humanxing','192.168.0.170','2012-05-26 19:32:33'),
  (14252,'humanxing','192.168.0.170','2012-05-26 20:03:54'),
  (14253,'humanxing','192.168.0.170','2012-05-27 08:46:56'),
  (14254,'humanxing','192.168.0.170','2012-05-27 09:14:42'),
  (14255,'humanxing','192.168.0.170','2012-05-27 09:16:09'),
  (14256,'humanxing','192.168.0.170','2012-05-27 12:19:41'),
  (14257,'humanxing','192.168.0.170','2012-05-27 13:41:34'),
  (14258,'humanxing','192.168.0.170','2012-05-27 13:45:34'),
  (14259,'xiexin','192.168.0.191','2012-05-28 09:08:38'),
  (14260,'xiexin','192.168.0.191','2012-05-28 09:10:43'),
  (14261,'jmzd','192.168.0.191','2012-05-28 09:11:06'),
  (14262,'songqingjun','192.168.0.192','2012-05-28 09:16:45'),
  (14263,'songqingjun','192.168.0.192','2012-05-28 09:16:45'),
  (14264,'humanxing','192.168.0.170','2012-05-28 09:12:57'),
  (14265,'jmzd','192.168.0.191','2012-05-28 09:16:24'),
  (14266,'xiexin','192.168.0.191','2012-05-28 09:18:52'),
  (14267,'xiexin','192.168.0.191','2012-05-28 09:31:05'),
  (14268,'songqingjun','192.168.0.192','2012-05-28 09:40:34'),
  (14269,'songqingjun','192.168.0.192','2012-05-28 09:43:03'),
  (14270,'songqingjun','192.168.0.192','2012-05-28 09:44:35'),
  (14271,'songqingjun','192.168.0.192','2012-05-28 09:44:35'),
  (14272,'jmzd','192.168.0.191','2012-05-28 10:01:24'),
  (14273,'humanxing','192.168.0.170','2012-05-28 10:00:01'),
  (14274,'humanxing','192.168.0.170','2012-05-28 10:00:36'),
  (14275,'jmzd','192.168.0.191','2012-05-28 10:04:38'),
  (14276,'songqingjun','192.168.0.192','2012-05-28 10:08:26'),
  (14277,'songqingjun','192.168.0.192','2012-05-28 10:08:26'),
  (14278,'x.xie','192.168.0.191','2012-05-28 10:07:26'),
  (14279,'songqingjun','192.168.0.192','2012-05-28 10:09:41'),
  (14280,'songqingjun','192.168.0.192','2012-05-28 10:09:41'),
  (14281,'x.xie','192.168.0.191','2012-05-28 10:11:28'),
  (14282,'x.xie','192.168.0.191','2012-05-28 10:14:42'),
  (14283,'x.xie','192.168.0.191','2012-05-28 10:15:43'),
  (14284,'x.xie','192.168.0.191','2012-05-28 10:17:25'),
  (14285,'jmzd','192.168.0.191','2012-05-28 10:23:47'),
  (14286,'hmx','192.168.0.191','2012-05-28 10:24:38'),
  (14287,'jmzd','192.168.0.191','2012-05-28 10:25:18'),
  (14288,'songqingjun','192.168.0.192','2012-05-28 10:27:53'),
  (14289,'songqingjun','192.168.0.192','2012-05-28 10:27:53'),
  (14290,'admin','192.168.0.189','2012-05-28 10:27:36'),
  (14291,'songqingjun','192.168.0.192','2012-05-28 10:29:30'),
  (14292,'admin','192.168.0.189','2012-05-28 10:27:39'),
  (14293,'humanxing','192.168.0.170','2012-05-28 10:26:24'),
  (14294,'xiexin','192.168.0.191','2012-05-28 10:30:04'),
  (14295,'admin','192.168.0.182','2012-05-28 10:30:11'),
  (14296,'songqingjun','192.168.0.192','2012-05-28 10:33:02');

COMMIT;

#
# Data for the `sa_logs` table  (LIMIT 3500,500)
#

INSERT INTO `sa_logs` (`id`, `username`, `ip`, `logtime`) VALUES 
  (14297,'songqingjun','192.168.0.192','2012-05-28 10:34:47'),
  (14298,'xiexin','192.168.0.191','2012-05-28 10:33:44'),
  (14299,'admin','192.168.0.182','2012-05-28 10:34:49'),
  (14300,'jmzd','192.168.0.191','2012-05-28 10:35:09'),
  (14301,'jmzd','192.168.0.191','2012-05-28 10:37:58'),
  (14302,'jmzd','192.168.0.191','2012-05-28 10:38:30'),
  (14303,'jmzd','192.168.0.191','2012-05-28 10:40:28'),
  (14304,'admin','192.168.0.182','2012-05-28 10:40:36'),
  (14305,'songqingjun','192.168.0.192','2012-05-28 10:44:03'),
  (14306,'xiexin','192.168.0.189','2012-05-28 10:49:33'),
  (14307,'songqingjun','192.168.0.192','2012-05-28 10:54:59'),
  (14308,'songqingjun','192.168.0.192','2012-05-28 10:54:59'),
  (14309,'songqingjun','192.168.0.192','2012-05-28 10:56:51'),
  (14310,'xiexin','192.168.0.191','2012-05-28 10:56:46'),
  (14311,'jmzd','192.168.0.191','2012-05-28 10:57:29'),
  (14312,'xiexin','192.168.0.189','2012-05-28 10:56:40'),
  (14313,'admin','192.168.0.189','2012-05-28 10:57:59'),
  (14314,'admin','192.168.0.189','2012-05-28 10:58:04'),
  (14315,'xiexin','192.168.0.191','2012-05-28 10:59:54'),
  (14316,'sqj','192.168.0.189','2012-05-28 11:00:18'),
  (14317,'admin','192.168.0.189','2012-05-28 11:00:48'),
  (14318,'admin','192.168.0.189','2012-05-28 11:00:52'),
  (14319,'songqingjun','192.168.0.192','2012-05-28 11:03:19'),
  (14320,'x.xie','192.168.0.189','2012-05-28 11:02:59'),
  (14321,'songqingjun','192.168.0.192','2012-05-28 11:06:51'),
  (14322,'songqingjun','192.168.0.192','2012-05-28 11:06:51'),
  (14323,'humanxing','192.168.0.170','2012-05-28 11:03:06'),
  (14324,'xiexin','192.168.0.191','2012-05-28 11:06:42'),
  (14325,'admin','192.168.0.170','2012-05-28 11:03:50'),
  (14326,'admin','192.168.0.170','2012-05-28 11:03:54'),
  (14327,'humanxing','192.168.0.170','2012-05-28 11:05:00'),
  (14328,'songqingjun','192.168.0.192','2012-05-28 11:09:17'),
  (14329,'songqingjun','192.168.0.192','2012-05-28 11:09:17'),
  (14330,'admin','192.168.0.189','2012-05-28 11:10:21'),
  (14331,'admin','192.168.0.189','2012-05-28 11:10:26'),
  (14332,'xiexin','192.168.0.191','2012-05-28 11:11:44'),
  (14333,'xiexin','192.168.0.191','2012-05-28 11:13:10'),
  (14334,'sqj','192.168.0.189','2012-05-28 11:13:44'),
  (14335,'jmzd','192.168.0.191','2012-05-28 11:15:22'),
  (14336,'x.xie','192.168.0.191','2012-05-28 11:17:33'),
  (14337,'songqingjun','192.168.0.189','2012-05-28 11:18:36'),
  (14338,'song','192.168.0.192','2012-05-28 11:21:49'),
  (14339,'song','192.168.0.192','2012-05-28 11:21:49'),
  (14340,'jmzd','192.168.0.191','2012-05-28 11:24:40'),
  (14341,'song','192.168.0.192','2012-05-28 11:26:01'),
  (14342,'sqj','192.168.0.189','2012-05-28 11:26:06'),
  (14343,'song','192.168.0.192','2012-05-28 11:29:17'),
  (14344,'humanxing','192.168.0.170','2012-05-28 12:09:09'),
  (14345,'sqj','192.168.0.189','2012-05-28 12:16:49'),
  (14346,'songqingjun','192.168.0.189','2012-05-28 12:21:24'),
  (14347,'sqj','192.168.0.189','2012-05-28 12:22:16'),
  (14348,'songqingjun','192.168.0.189','2012-05-28 12:51:07'),
  (14349,'sqj','192.168.0.189','2012-05-28 12:52:24'),
  (14350,'humanxing','192.168.0.170','2012-05-28 13:12:57'),
  (14351,'humanxing','192.168.0.170','2012-05-28 13:13:58'),
  (14352,'admin','192.168.0.182','2012-05-28 13:20:21'),
  (14353,'humanxing','192.168.0.170','2012-05-28 13:20:21'),
  (14354,'sqj','192.168.0.189','2012-05-28 13:29:19'),
  (14355,'song','192.168.0.192','2012-05-28 13:34:10'),
  (14356,'song','192.168.0.192','2012-05-28 13:34:10'),
  (14357,'songqingjun','192.168.0.192','2012-05-28 13:35:38'),
  (14358,'songqingjun','192.168.0.192','2012-05-28 13:35:38'),
  (14359,'hmx','192.168.0.191','2012-05-28 13:38:01'),
  (14360,'hmx','192.168.0.191','2012-05-28 13:38:29'),
  (14361,'hmx','192.168.0.191','2012-05-28 13:39:18'),
  (14362,'jmzd','192.168.0.191','2012-05-28 13:39:46'),
  (14363,'humanxing','192.168.0.170','2012-05-28 13:38:32'),
  (14364,'admin','192.168.0.196','2012-05-28 13:47:20'),
  (14365,'sqj','192.168.0.179','2012-05-28 13:46:19'),
  (14366,'sqj','192.168.0.179','2012-05-28 13:46:19'),
  (14367,'sqj','192.168.0.179','2012-05-28 13:46:19'),
  (14368,'admin','192.168.0.196','2012-05-28 13:49:31'),
  (14369,'hmx','192.168.0.179','2012-05-28 13:50:55'),
  (14370,'admin','192.168.0.179','2012-05-28 13:51:25'),
  (14371,'admin','192.168.0.179','2012-05-28 13:51:31'),
  (14372,'hmx','192.168.0.179','2012-05-28 13:52:29'),
  (14373,'sqj','192.168.0.179','2012-05-28 13:53:51'),
  (14374,'admin','192.168.0.182','2012-05-28 13:55:13'),
  (14375,'admin','192.168.0.182','2012-05-28 13:55:16'),
  (14376,'admin','192.168.0.196','2012-05-28 13:58:22'),
  (14377,'admin','192.168.0.196','2012-05-28 13:58:22'),
  (14378,'admin','192.168.0.196','2012-05-28 13:58:39'),
  (14379,'xiexin','192.168.0.191','2012-05-28 14:00:52'),
  (14380,'humanxing','192.168.0.170','2012-05-28 13:59:53'),
  (14381,'xiexin','192.168.0.191','2012-05-28 14:03:45'),
  (14382,'jmzd','192.168.0.191','2012-05-28 14:03:57'),
  (14383,'admin','192.168.0.191','2012-05-28 14:04:28'),
  (14384,'admin','192.168.0.191','2012-05-28 14:04:33'),
  (14385,'xiexin','192.168.0.191','2012-05-28 14:07:21'),
  (14386,'admin','192.168.0.182','2012-05-28 14:07:07'),
  (14387,'admin','192.168.0.182','2012-05-28 14:08:28'),
  (14388,'songqingjun','192.168.0.192','2012-05-28 14:16:24'),
  (14389,'songqingjun','192.168.0.192','2012-05-28 14:16:24'),
  (14390,'admin','192.168.0.196','2012-05-28 14:20:46'),
  (14391,'admin','192.168.0.196','2012-05-28 14:21:00'),
  (14392,'xiexin','192.168.0.191','2012-05-28 14:20:02'),
  (14393,'songqingjun','192.168.0.192','2012-05-28 14:28:23'),
  (14394,'jmzd','192.168.0.191','2012-05-28 14:29:42'),
  (14395,'songqingjun','192.168.0.192','2012-05-28 14:30:32'),
  (14396,'hhg','192.168.0.196','2012-05-28 14:31:50'),
  (14397,'humanxing','192.168.0.191','2012-05-28 14:32:35'),
  (14398,'jmzd','192.168.0.191','2012-05-28 14:34:10'),
  (14399,'songqingjun','192.168.0.192','2012-05-28 14:36:54'),
  (14400,'songqingjun','192.168.0.192','2012-05-28 14:38:52'),
  (14401,'songqingjun','192.168.0.192','2012-05-28 14:38:52'),
  (14402,'jmzd','192.168.0.191','2012-05-28 14:39:16'),
  (14403,'songqingjun','192.168.0.192','2012-05-28 14:40:11'),
  (14404,'x.xie','192.168.0.191','2012-05-28 14:40:06'),
  (14405,'jmzd','192.168.0.191','2012-05-28 14:40:27'),
  (14406,'songqingjun','192.168.0.192','2012-05-28 14:42:11'),
  (14407,'x.xie','192.168.0.191','2012-05-28 14:51:46'),
  (14408,'humanxing','192.168.0.170','2012-05-28 14:50:53'),
  (14409,'hmx','192.168.0.191','2012-05-28 15:00:44'),
  (14410,'admin','192.168.0.196','2012-05-28 15:02:08'),
  (14411,'jmzd','192.168.0.191','2012-05-28 15:01:34'),
  (14412,'xiexin','192.168.0.191','2012-05-28 15:03:47'),
  (14413,'jmzd','192.168.0.191','2012-05-28 15:06:24'),
  (14414,'admin','192.168.0.196','2012-05-28 15:07:35'),
  (14415,'admin','192.168.0.182','2012-05-28 15:07:02'),
  (14416,'sqj','192.168.0.196','2012-05-28 15:13:20'),
  (14417,'songqingjun','192.168.0.192','2012-05-28 15:15:13'),
  (14418,'admin','192.168.0.196','2012-05-28 15:24:20'),
  (14419,'humanxing','192.168.0.170','2012-05-28 15:23:11'),
  (14420,'admin','192.168.0.196','2012-05-28 15:36:01'),
  (14421,'admin','192.168.0.196','2012-05-28 15:38:49'),
  (14422,'jmzd','192.168.0.191','2012-05-28 15:37:52'),
  (14423,'hhg','192.168.0.196','2012-05-28 15:40:33'),
  (14424,'hhg','192.168.0.196','2012-05-28 15:42:23'),
  (14425,'jmzd','192.168.0.196','2012-05-28 15:44:47'),
  (14426,'humanxing','192.168.0.189','2012-05-28 15:43:15'),
  (14427,'hmx','192.168.0.196','2012-05-28 15:52:26'),
  (14428,'admin','192.168.0.182','2012-05-28 15:52:02'),
  (14429,'x.xie','192.168.0.191','2012-05-28 15:57:18'),
  (14430,'jmzd','192.168.0.191','2012-05-28 15:57:29'),
  (14431,'x.xie','192.168.0.191','2012-05-28 15:58:00'),
  (14432,'humanxing','192.168.0.170','2012-05-28 15:58:55'),
  (14433,'humanxing','192.168.0.170','2012-05-28 15:58:57'),
  (14434,'humanxing','192.168.0.170','2012-05-28 16:01:38'),
  (14435,'humanxing','192.168.0.170','2012-05-28 16:02:03'),
  (14436,'jmzd','192.168.0.191','2012-05-28 16:05:19'),
  (14437,'x.xie','192.168.0.191','2012-05-28 16:07:03'),
  (14438,'admin','192.168.0.196','2012-05-28 16:09:39'),
  (14439,'hmx','192.168.0.191','2012-05-28 16:08:21'),
  (14440,'jmzd','192.168.0.191','2012-05-28 16:08:49'),
  (14441,'humanxing','192.168.0.189','2012-05-28 16:09:54'),
  (14442,'humanxing','192.168.0.189','2012-05-28 16:14:19'),
  (14443,'songqingjun','192.168.0.192','2012-05-28 16:16:29'),
  (14444,'songqingjun','192.168.0.192','2012-05-28 16:16:29'),
  (14445,'admin','192.168.0.182','2012-05-28 16:16:57'),
  (14446,'humanxing','192.168.0.196','2012-05-28 16:20:28'),
  (14447,'xiexin','192.168.0.191','2012-05-28 16:20:01'),
  (14448,'xiexin','192.168.0.191','2012-05-28 16:21:42'),
  (14449,'sqj','192.168.0.189','2012-05-28 16:21:15'),
  (14450,'songqingjun','192.168.0.189','2012-05-28 16:22:59'),
  (14451,'sqj','192.168.0.170','2012-05-28 16:21:22'),
  (14452,'xiexin','192.168.0.191','2012-05-28 16:25:29'),
  (14453,'humanxing','192.168.0.191','2012-05-28 16:25:46'),
  (14454,'sqj','192.168.0.170','2012-05-28 16:22:36'),
  (14455,'songqingjun','192.168.0.192','2012-05-28 16:27:56'),
  (14456,'songqingjun','192.168.0.192','2012-05-28 16:29:13'),
  (14457,'songqingjun','192.168.0.192','2012-05-28 16:30:44'),
  (14458,'xiexin','192.168.0.191','2012-05-28 16:30:25'),
  (14459,'songqingjun','192.168.0.192','2012-05-28 16:33:12'),
  (14460,'humanxing','192.168.0.191','2012-05-28 16:33:22'),
  (14461,'songqingjun','192.168.0.192','2012-05-28 16:34:40'),
  (14462,'songqingjun','192.168.0.192','2012-05-28 16:35:51'),
  (14463,'songqingjun','192.168.0.192','2012-05-28 16:36:28'),
  (14464,'songqingjun','192.168.0.192','2012-05-28 16:42:02'),
  (14465,'songqingjun','192.168.0.192','2012-05-28 16:42:02'),
  (14466,'xiexin','192.168.0.191','2012-05-28 16:46:54'),
  (14467,'songqingjun','192.168.0.192','2012-05-28 16:50:20'),
  (14468,'humanxing','192.168.0.170','2012-05-28 16:47:07'),
  (14469,'sqj','192.168.0.170','2012-05-28 16:47:26'),
  (14470,'xiexin','192.168.0.191','2012-05-28 16:52:12'),
  (14471,'sqj','192.168.0.170','2012-05-28 16:49:01'),
  (14472,'songqingjun','192.168.0.170','2012-05-28 16:49:42'),
  (14473,'songqingjun','192.168.0.192','2012-05-28 16:53:33'),
  (14474,'admin','192.168.0.196','2012-05-28 16:55:06'),
  (14475,'song','192.168.0.192','2012-05-28 16:53:46'),
  (14476,'song','192.168.0.192','2012-05-28 16:53:46'),
  (14477,'songqj','192.168.0.196','2012-05-28 16:56:32'),
  (14478,'hmx','192.168.0.192','2012-05-28 16:55:27'),
  (14479,'hmx','192.168.0.192','2012-05-28 16:55:27'),
  (14480,'song','192.168.0.192','2012-05-28 16:56:01'),
  (14481,'song','192.168.0.192','2012-05-28 16:56:01'),
  (14482,'xiexin','192.168.0.191','2012-05-28 17:00:21'),
  (14483,'humanxing','192.168.0.191','2012-05-28 17:02:19'),
  (14484,'xiexin','192.168.0.191','2012-05-28 17:04:43'),
  (14485,'humanxing','192.168.0.170','2012-05-28 17:02:26'),
  (14486,'admin','192.168.0.182','2012-05-28 17:23:54'),
  (14487,'humanxing','192.168.0.170','2012-05-28 17:23:53'),
  (14488,'xiexin','192.168.0.191','2012-05-28 17:27:57'),
  (14489,'jmzd','192.168.0.191','2012-05-28 17:28:20'),
  (14490,'jmzd','192.168.0.191','2012-05-28 17:33:50'),
  (14491,'jmzd','192.168.0.191','2012-05-28 17:34:31'),
  (14492,'admin','192.168.0.196','2012-05-28 17:36:53'),
  (14493,'admin','192.168.0.196','2012-05-28 17:39:37'),
  (14494,'song','192.168.0.192','2012-05-28 17:39:48'),
  (14495,'song','192.168.0.192','2012-05-28 17:39:48'),
  (14496,'song','192.168.0.192','2012-05-28 17:40:39'),
  (14497,'song','192.168.0.192','2012-05-28 17:40:39'),
  (14498,'admin','192.168.0.196','2012-05-28 17:42:10'),
  (14499,'jmzd','192.168.0.191','2012-05-28 17:41:05'),
  (14500,'song','192.168.0.192','2012-05-28 17:43:14'),
  (14501,'humanxing','192.168.0.170','2012-05-28 17:40:33'),
  (14502,'jmzd','192.168.0.191','2012-05-28 17:46:53'),
  (14503,'songqingjun','192.168.0.192','2012-05-28 17:49:40'),
  (14504,'songqingjun','192.168.0.192','2012-05-28 17:49:40'),
  (14505,'humanxing','192.168.0.189','2012-05-28 17:50:12'),
  (14506,'humanxing','192.168.0.189','2012-05-28 17:50:17'),
  (14507,'jmzd','192.168.0.191','2012-05-28 17:52:27'),
  (14508,'songqingjun','192.168.0.192','2012-05-28 17:52:59'),
  (14509,'song','192.168.0.192','2012-05-28 17:53:15'),
  (14510,'song','192.168.0.192','2012-05-28 17:53:15'),
  (14511,'jmzd','192.168.0.191','2012-05-28 17:54:38'),
  (14512,'song','192.168.0.192','2012-05-28 17:57:22'),
  (14513,'song','192.168.0.192','2012-05-28 17:57:22'),
  (14514,'song','192.168.0.192','2012-05-28 17:59:25'),
  (14515,'song','192.168.0.192','2012-05-28 17:59:25'),
  (14516,'jmzd','192.168.0.191','2012-05-28 18:02:45'),
  (14517,'songqingjun','192.168.0.192','2012-05-28 18:04:40'),
  (14518,'songqingjun','192.168.0.192','2012-05-28 18:04:40'),
  (14519,'xiexin','192.168.0.192','2012-05-28 18:06:25'),
  (14520,'xiexin','192.168.0.192','2012-05-28 18:06:25'),
  (14521,'x.xie','192.168.0.191','2012-05-28 18:07:49'),
  (14522,'jmzd','192.168.0.191','2012-05-28 18:08:03'),
  (14523,'sqj','192.168.0.192','2012-05-28 18:12:11'),
  (14524,'sqj','192.168.0.192','2012-05-28 18:12:11'),
  (14525,'jmzd','192.168.0.191','2012-05-28 18:15:00'),
  (14526,'jmzd','192.168.0.191','2012-05-28 18:15:41'),
  (14527,'sqj','192.168.0.192','2012-05-28 18:16:48'),
  (14528,'jmzd','192.168.0.191','2012-05-28 18:17:37'),
  (14529,'songqingjun','192.168.0.192','2012-05-28 18:18:27'),
  (14530,'songqingjun','192.168.0.192','2012-05-28 18:18:27'),
  (14531,'hmx','192.168.0.192','2012-05-28 18:19:10'),
  (14532,'hmx','192.168.0.192','2012-05-28 18:19:10'),
  (14533,'songqingjun','192.168.0.192','2012-05-28 18:19:37'),
  (14534,'songqingjun','192.168.0.192','2012-05-28 18:19:38'),
  (14535,'jmzd','192.168.0.191','2012-05-28 18:23:44'),
  (14536,'songqingjun','192.168.0.192','2012-05-28 18:24:54'),
  (14537,'jmzd','192.168.0.191','2012-05-28 18:25:48'),
  (14538,'jmzd','192.168.0.191','2012-05-28 18:27:24'),
  (14539,'jmzd','192.168.0.191','2012-05-28 18:28:48'),
  (14540,'jmzd','192.168.0.191','2012-05-28 18:37:18'),
  (14541,'song','192.168.0.192','2012-05-28 18:46:06'),
  (14542,'song','192.168.0.192','2012-05-28 18:46:06'),
  (14543,'songqingjun','192.168.0.192','2012-05-28 18:55:21'),
  (14544,'songqingjun','192.168.0.192','2012-05-28 18:55:21'),
  (14545,'jmzd','192.168.0.191','2012-05-28 19:01:56'),
  (14546,'humanxing','192.168.0.170','2012-05-28 19:00:32'),
  (14547,'jmzd','192.168.0.191','2012-05-28 19:05:46'),
  (14548,'songqingjun','192.168.0.192','2012-05-28 19:06:07'),
  (14549,'songqingjun','192.168.0.192','2012-05-28 19:06:07'),
  (14550,'jmzd','192.168.0.191','2012-05-28 19:14:07'),
  (14551,'jmzd','192.168.0.191','2012-05-28 19:14:51'),
  (14552,'jmzd','192.168.0.191','2012-05-28 19:16:24'),
  (14553,'songqingjun','192.168.0.192','2012-05-28 19:18:44'),
  (14554,'songqingjun','192.168.0.192','2012-05-28 19:19:39'),
  (14555,'songqingjun','192.168.0.192','2012-05-28 19:19:39'),
  (14556,'jmzd','192.168.0.191','2012-05-28 19:21:40'),
  (14557,'sqj','192.168.0.192','2012-05-29 09:23:47'),
  (14558,'sqj','192.168.0.192','2012-05-29 09:23:47'),
  (14559,'hmx','192.168.0.191','2012-05-29 09:24:07'),
  (14560,'jmzd','192.168.0.191','2012-05-29 09:27:43'),
  (14561,'humanxing','192.168.0.189','2012-05-29 09:27:16'),
  (14562,'humanxing','192.168.0.189','2012-05-29 09:36:04'),
  (14563,'jmzd','192.168.0.189','2012-05-29 09:36:30'),
  (14564,'humanxing','192.168.0.192','2012-05-29 09:45:40'),
  (14565,'humanxing','192.168.0.192','2012-05-29 09:45:40'),
  (14566,'humanxing','192.168.0.192','2012-05-29 09:49:12'),
  (14567,'humanxing','192.168.0.192','2012-05-29 09:49:12'),
  (14568,'humanxing','192.168.0.189','2012-05-29 09:47:15'),
  (14569,'jmzd','192.168.0.191','2012-05-29 09:48:11'),
  (14570,'humanxing','192.168.0.170','2012-05-29 09:45:43'),
  (14571,'songqingjun','192.168.0.192','2012-05-29 09:52:57'),
  (14572,'songqingjun','192.168.0.192','2012-05-29 09:52:57'),
  (14573,'humanxing','192.168.0.191','2012-05-29 09:51:57'),
  (14574,'jmzd','192.168.0.191','2012-05-29 09:53:02'),
  (14575,'sqj','192.168.0.192','2012-05-29 09:54:27'),
  (14576,'sqj','192.168.0.192','2012-05-29 09:54:27'),
  (14577,'jmzd','192.168.0.191','2012-05-29 09:54:53'),
  (14578,'jmzd','192.168.0.191','2012-05-29 09:55:18'),
  (14579,'jmzd','192.168.0.191','2012-05-29 09:55:47'),
  (14580,'jmzd','192.168.0.191','2012-05-29 09:57:49'),
  (14581,'jmzd','192.168.0.191','2012-05-29 09:58:45'),
  (14582,'jmzd','192.168.0.191','2012-05-29 09:59:35'),
  (14583,'jmzd','192.168.0.191','2012-05-29 10:01:10'),
  (14584,'jmzd','192.168.0.191','2012-05-29 10:11:26'),
  (14585,'jmzd','192.168.0.191','2012-05-29 10:14:20'),
  (14586,'jmzd','192.168.0.191','2012-05-29 10:16:15'),
  (14587,'jmzd','192.168.0.191','2012-05-29 10:17:01'),
  (14588,'jmzd','192.168.0.191','2012-05-29 10:19:09'),
  (14589,'jmzd','192.168.0.191','2012-05-29 10:22:24'),
  (14590,'jmzd','192.168.0.191','2012-05-29 10:26:34'),
  (14591,'jmzd','192.168.0.191','2012-05-29 10:26:55'),
  (14592,'jmzd','192.168.0.191','2012-05-29 10:28:00'),
  (14593,'jmzd','192.168.0.191','2012-05-29 10:31:22'),
  (14594,'jmzd','192.168.0.191','2012-05-29 10:42:32'),
  (14595,'jmzd','192.168.0.191','2012-05-29 10:43:44'),
  (14596,'jmzd','192.168.0.191','2012-05-29 10:46:24'),
  (14597,'admin','192.168.0.189','2012-05-29 10:45:54'),
  (14598,'admin','192.168.0.189','2012-05-29 10:45:56'),
  (14599,'x.xie','192.168.0.189','2012-05-29 10:49:20'),
  (14600,'humanxing','192.168.0.170','2012-05-29 10:53:51'),
  (14601,'jmzd','192.168.0.191','2012-05-29 10:58:02'),
  (14602,'humanxing','192.168.0.170','2012-05-29 10:59:20'),
  (14603,'jmzd','192.168.0.189','2012-05-29 11:08:36'),
  (14604,'x.xie','192.168.0.189','2012-05-29 11:08:59'),
  (14605,'jmzd','192.168.0.191','2012-05-29 11:12:26'),
  (14606,'x.xie','192.168.0.189','2012-05-29 11:11:30'),
  (14607,'sqj','192.168.0.192','2012-05-29 11:15:10'),
  (14608,'sqj','192.168.0.192','2012-05-29 11:15:10'),
  (14609,'sqj','192.168.0.192','2012-05-29 11:19:20'),
  (14610,'xiexin','192.168.0.189','2012-05-29 11:17:44'),
  (14611,'sqj','192.168.0.192','2012-05-29 11:21:32'),
  (14612,'humanxing','192.168.0.191','2012-05-29 11:20:36'),
  (14613,'sqj','192.168.0.192','2012-05-29 11:25:56'),
  (14614,'sqj','192.168.0.192','2012-05-29 11:25:56'),
  (14615,'humanxing','192.168.0.191','2012-05-29 11:25:11'),
  (14616,'humanxing','192.168.0.170','2012-05-29 11:22:40'),
  (14617,'humanxing','192.168.0.170','2012-05-29 11:26:02'),
  (14618,'humanxing','192.168.0.191','2012-05-29 11:29:28'),
  (14619,'humanxing','192.168.0.170','2012-05-29 11:34:04'),
  (14620,'admin','192.168.0.189','2012-05-29 11:36:42'),
  (14621,'admin','192.168.0.189','2012-05-29 11:36:49'),
  (14622,'admin','192.168.0.189','2012-05-29 13:13:19'),
  (14623,'admin','192.168.0.189','2012-05-29 13:13:29'),
  (14624,'jmzd','192.168.0.189','2012-05-29 13:16:51'),
  (14625,'x.xie','192.168.0.189','2012-05-29 13:17:25'),
  (14626,'sqj','192.168.0.192','2012-05-29 13:34:39'),
  (14627,'sqj','192.168.0.192','2012-05-29 13:34:39'),
  (14628,'jmzd','192.168.0.189','2012-05-29 13:35:08'),
  (14629,'x.xie','192.168.0.189','2012-05-29 13:35:27'),
  (14630,'jmzd','192.168.0.191','2012-05-29 13:37:28'),
  (14631,'sqj','192.168.0.192','2012-05-29 13:43:24'),
  (14632,'jmzd','192.168.0.191','2012-05-29 13:46:24'),
  (14633,'xiexin','192.168.0.189','2012-05-29 13:45:04'),
  (14634,'x.xie','192.168.0.189','2012-05-29 13:45:40'),
  (14635,'xiexin','192.168.0.191','2012-05-29 13:48:43'),
  (14636,'x.xie','192.168.0.191','2012-05-29 13:48:59'),
  (14637,'jmzd','192.168.0.191','2012-05-29 13:51:07'),
  (14638,'sqj','192.168.0.192','2012-05-29 13:52:42'),
  (14639,'sqj','192.168.0.192','2012-05-29 13:53:59'),
  (14640,'sqj','192.168.0.192','2012-05-29 13:55:08'),
  (14641,'sqj','192.168.0.192','2012-05-29 13:55:29'),
  (14642,'jmzd','192.168.0.191','2012-05-29 13:57:43'),
  (14643,'x.xie','192.168.0.189','2012-05-29 13:56:37'),
  (14644,'sqj','192.168.0.192','2012-05-29 14:01:38'),
  (14645,'jmzd','192.168.0.191','2012-05-29 14:04:26'),
  (14646,'humanxing','192.168.0.191','2012-05-29 14:06:37'),
  (14647,'jmzd','192.168.0.191','2012-05-29 14:08:06'),
  (14648,'admin','192.168.0.189','2012-05-29 14:08:09'),
  (14649,'admin','192.168.0.189','2012-05-29 14:08:15'),
  (14650,'humanxing','192.168.0.189','2012-05-29 14:10:40'),
  (14651,'xiexin','192.168.0.191','2012-05-29 14:13:15'),
  (14652,'xiexin','192.168.0.191','2012-05-29 14:17:02'),
  (14653,'sqj','192.168.0.189','2012-05-29 14:15:32'),
  (14654,'songqingjun','192.168.0.192','2012-05-29 14:17:59'),
  (14655,'songqingjun','192.168.0.192','2012-05-29 14:17:59'),
  (14656,'humanxing','192.168.0.170','2012-05-29 14:15:05'),
  (14657,'xiexin','192.168.0.191','2012-05-29 14:20:04'),
  (14658,'sqj','192.168.0.192','2012-05-29 14:21:21'),
  (14659,'sqj','192.168.0.192','2012-05-29 14:21:21'),
  (14660,'sqj','192.168.0.192','2012-05-29 14:21:26'),
  (14661,'sqj','192.168.0.192','2012-05-29 14:23:23'),
  (14662,'sqj','192.168.0.192','2012-05-29 14:31:45'),
  (14663,'admin','192.168.0.192','2012-05-29 14:32:24'),
  (14664,'admin','192.168.0.192','2012-05-29 14:32:24'),
  (14665,'admin','192.168.0.192','2012-05-29 14:32:29'),
  (14666,'songqingjun','192.168.0.192','2012-05-29 14:33:00'),
  (14667,'songqingjun','192.168.0.192','2012-05-29 14:33:00'),
  (14668,'sqj','192.168.0.192','2012-05-29 14:36:32'),
  (14669,'sqj','192.168.0.192','2012-05-29 14:36:32'),
  (14670,'xiexin','192.168.0.189','2012-05-29 14:34:31'),
  (14671,'sqj','192.168.0.192','2012-05-29 14:39:13'),
  (14672,'sqj','192.168.0.192','2012-05-29 14:42:32'),
  (14673,'humanxing','192.168.0.192','2012-05-29 14:43:51'),
  (14674,'humanxing','192.168.0.192','2012-05-29 14:43:51'),
  (14675,'sqj','192.168.0.189','2012-05-29 14:42:19'),
  (14676,'sqj','192.168.0.192','2012-05-29 14:46:56'),
  (14677,'sqj','192.168.0.192','2012-05-29 14:46:56'),
  (14678,'humanxing','192.168.0.170','2012-05-29 14:44:37'),
  (14679,'sqj','192.168.0.192','2012-05-29 14:50:54'),
  (14680,'sqj','192.168.0.192','2012-05-29 15:01:34'),
  (14681,'sqj','192.168.0.192','2012-05-29 15:04:20'),
  (14682,'sqj','192.168.0.192','2012-05-29 15:04:20'),
  (14683,'sqj','192.168.0.192','2012-05-29 15:05:29'),
  (14684,'sqj','192.168.0.189','2012-05-29 15:09:00'),
  (14685,'humanxing','192.168.0.189','2012-05-29 15:09:26'),
  (14686,'sqj','192.168.0.192','2012-05-29 15:12:56'),
  (14687,'sqj','192.168.0.192','2012-05-29 15:18:29'),
  (14688,'humanxing','192.168.0.191','2012-05-29 15:21:11'),
  (14689,'song','192.168.0.192','2012-05-29 15:22:53'),
  (14690,'song','192.168.0.192','2012-05-29 15:22:53'),
  (14691,'jmzd','192.168.0.191','2012-05-29 15:43:02'),
  (14692,'song','192.168.0.192','2012-05-29 15:51:13'),
  (14693,'humanxing','192.168.0.170','2012-05-29 15:48:55'),
  (14694,'x.xie','192.168.0.191','2012-05-29 15:54:33'),
  (14695,'xiexin','192.168.0.191','2012-05-29 15:54:45'),
  (14696,'xiexin','192.168.0.191','2012-05-29 15:56:44'),
  (14697,'xiexin','192.168.0.191','2012-05-29 15:57:46'),
  (14698,'humanxing','192.168.0.170','2012-05-29 15:55:00'),
  (14699,'hmx','192.168.0.189','2012-05-29 16:00:50'),
  (14700,'humanxing','192.168.0.170','2012-05-29 15:59:45'),
  (14701,'xiexin','192.168.0.191','2012-05-29 16:03:48'),
  (14702,'xiexin','192.168.0.191','2012-05-29 16:06:09'),
  (14703,'humanxing','192.168.0.170','2012-05-29 16:04:33'),
  (14704,'song','192.168.0.192','2012-05-29 16:10:41'),
  (14705,'song','192.168.0.192','2012-05-29 16:10:41'),
  (14706,'humanxing','192.168.0.170','2012-05-29 16:08:26'),
  (14707,'hmx','192.168.0.189','2012-05-29 16:11:53'),
  (14708,'humanxing','192.168.0.189','2012-05-29 16:12:10'),
  (14709,'song','192.168.0.192','2012-05-29 16:16:14'),
  (14710,'sqj','192.168.0.192','2012-05-29 16:17:16'),
  (14711,'sqj','192.168.0.192','2012-05-29 16:17:16'),
  (14712,'song','192.168.0.192','2012-05-29 16:18:47'),
  (14713,'song','192.168.0.192','2012-05-29 16:18:47'),
  (14714,'hmx','192.168.0.189','2012-05-29 16:19:11'),
  (14715,'humanxing','192.168.0.189','2012-05-29 16:19:54'),
  (14716,'humanxing','192.168.0.170','2012-05-29 16:22:54'),
  (14717,'song','192.168.0.192','2012-05-29 16:29:00'),
  (14718,'song','192.168.0.192','2012-05-29 16:31:17'),
  (14719,'xiexin','192.168.0.191','2012-05-29 16:35:14'),
  (14720,'song','192.168.0.192','2012-05-29 16:35:06'),
  (14721,'songqingjun','192.168.0.192','2012-05-29 16:38:01'),
  (14722,'songqingjun','192.168.0.192','2012-05-29 16:38:01'),
  (14723,'songqingjun','192.168.0.192','2012-05-29 16:40:24'),
  (14724,'songqingjun','192.168.0.192','2012-05-29 16:42:46'),
  (14725,'humanxing','192.168.0.170','2012-05-29 16:39:15'),
  (14726,'xiexin','192.168.0.191','2012-05-29 16:43:29'),
  (14727,'songqingjun','192.168.0.192','2012-05-29 16:43:51'),
  (14728,'xiexin','192.168.0.191','2012-05-29 16:46:50'),
  (14729,'xiexin','192.168.0.191','2012-05-29 16:48:09'),
  (14730,'songqingjun','192.168.0.192','2012-05-29 16:48:17'),
  (14731,'song','192.168.0.192','2012-05-29 16:48:26'),
  (14732,'song','192.168.0.192','2012-05-29 16:48:26'),
  (14733,'xiexin','192.168.0.191','2012-05-29 16:49:32'),
  (14734,'songqingjun','192.168.0.192','2012-05-29 16:49:20'),
  (14735,'songqingjun','192.168.0.192','2012-05-29 16:49:20'),
  (14736,'songqingjun','192.168.0.192','2012-05-29 16:51:51'),
  (14737,'humanxing','192.168.0.189','2012-05-29 16:49:54'),
  (14738,'xiexin','192.168.0.191','2012-05-29 16:53:44'),
  (14739,'songqingjun','192.168.0.192','2012-05-29 16:53:35'),
  (14740,'hmx','192.168.0.189','2012-05-29 16:53:05'),
  (14741,'songqingjun','192.168.0.192','2012-05-29 16:55:36'),
  (14742,'songqingjun','192.168.0.192','2012-05-29 16:55:36'),
  (14743,'xiexin','192.168.0.191','2012-05-29 16:56:10'),
  (14744,'songqingjun','192.168.0.192','2012-05-29 16:57:28'),
  (14745,'humanxing','192.168.0.189','2012-05-29 16:55:56'),
  (14746,'xiexin','192.168.0.191','2012-05-29 17:01:15'),
  (14747,'songqingjun','192.168.0.192','2012-05-29 17:02:30'),
  (14748,'xiexin','192.168.0.191','2012-05-29 17:04:25'),
  (14749,'xiexin','192.168.0.191','2012-05-29 17:07:04'),
  (14750,'xiexin','192.168.0.191','2012-05-29 17:08:05'),
  (14751,'songqingjun','192.168.0.192','2012-05-29 17:08:21'),
  (14752,'xiexin','192.168.0.191','2012-05-29 17:09:51'),
  (14753,'songqingjun','192.168.0.192','2012-05-29 17:09:15'),
  (14754,'songqingjun','192.168.0.192','2012-05-29 17:09:55'),
  (14755,'xiexin','192.168.0.191','2012-05-29 17:10:46'),
  (14756,'song','192.168.0.192','2012-05-29 17:10:46'),
  (14757,'song','192.168.0.192','2012-05-29 17:10:46'),
  (14758,'xiexin','192.168.0.191','2012-05-29 17:11:30'),
  (14759,'xiexin','192.168.0.191','2012-05-29 17:14:22'),
  (14760,'song','192.168.0.192','2012-05-29 17:13:50'),
  (14761,'song','192.168.0.192','2012-05-29 17:13:50'),
  (14762,'song','192.168.0.192','2012-05-29 17:14:06'),
  (14763,'xiexin','192.168.0.191','2012-05-29 17:17:44'),
  (14764,'xiexin','192.168.0.191','2012-05-29 17:25:42'),
  (14765,'humanxing','192.168.0.170','2012-05-29 17:22:04'),
  (14766,'songqingjun','192.168.0.192','2012-05-29 17:36:07'),
  (14767,'songqingjun','192.168.0.192','2012-05-29 17:36:07'),
  (14768,'sqj','192.168.0.192','2012-05-29 17:36:56'),
  (14769,'sqj','192.168.0.192','2012-05-29 17:36:56'),
  (14770,'jmzd','192.168.0.191','2012-05-29 17:38:01'),
  (14771,'jmzd','192.168.0.191','2012-05-29 17:39:55'),
  (14772,'sqj','192.168.0.192','2012-05-29 17:41:18'),
  (14773,'sqj','192.168.0.192','2012-05-29 17:41:18'),
  (14774,'xiexin','192.168.0.191','2012-05-29 17:48:53'),
  (14775,'sqj','192.168.0.192','2012-05-29 17:50:13'),
  (14776,'jmzd','192.168.0.191','2012-05-29 17:51:19'),
  (14777,'sqj','192.168.0.192','2012-05-29 17:51:40'),
  (14778,'xiexin','192.168.0.191','2012-05-29 17:59:19'),
  (14779,'jmzd','192.168.0.191','2012-05-29 18:02:37'),
  (14780,'hmx','192.168.0.189','2012-05-29 18:01:19'),
  (14781,'humanxing','192.168.0.189','2012-05-29 18:01:42'),
  (14782,'humanxing','192.168.0.191','2012-05-29 18:08:26'),
  (14783,'humanxing','192.168.0.189','2012-05-29 19:03:18'),
  (14784,'humanxing','192.168.0.189','2012-05-29 19:09:41'),
  (14785,'humanxing','192.168.0.189','2012-05-29 19:11:04'),
  (14786,'humanxing','192.168.0.189','2012-05-29 19:20:34'),
  (14787,'humanxing','192.168.0.189','2012-05-29 19:41:32'),
  (14788,'hmx','192.168.0.189','2012-05-29 19:55:33'),
  (14789,'xiexin','192.168.0.189','2012-05-30 09:07:28'),
  (14790,'sqj','192.168.0.192','2012-05-30 09:14:24'),
  (14791,'sqj','192.168.0.192','2012-05-30 09:14:24'),
  (14792,'admin','192.168.0.196','2012-05-30 09:17:31'),
  (14793,'admin','192.168.0.196','2012-05-30 09:17:31'),
  (14794,'admin','192.168.0.182','2012-05-30 09:17:23'),
  (14795,'hmx','192.168.0.196','2012-05-30 09:19:59'),
  (14796,'admin','192.168.0.182','2012-05-30 09:18:40');

COMMIT;

#
# Data for the `sa_logs` table  (LIMIT 4000,500)
#

INSERT INTO `sa_logs` (`id`, `username`, `ip`, `logtime`) VALUES 
  (14797,'sqj','192.168.0.192','2012-05-30 09:19:52'),
  (14798,'sqj','192.168.0.192','2012-05-30 09:20:52'),
  (14799,'xiexin','192.168.0.191','2012-05-30 09:26:13'),
  (14800,'song','192.168.0.192','2012-05-30 09:26:11'),
  (14801,'song','192.168.0.192','2012-05-30 09:26:11'),
  (14802,'jmzd','192.168.0.196','2012-05-30 09:32:41'),
  (14803,'x.xie','192.168.0.189','2012-05-30 09:33:58'),
  (14804,'jmzd','192.168.0.189','2012-05-30 09:36:57'),
  (14805,'x.xie','192.168.0.189','2012-05-30 09:37:22'),
  (14806,'xiexin','192.168.0.189','2012-05-30 09:38:10'),
  (14807,'hmx','192.168.0.189','2012-05-30 09:38:34'),
  (14808,'hmx','192.168.0.189','2012-05-30 09:38:34'),
  (14809,'hmx','192.168.0.189','2012-05-30 09:38:43'),
  (14810,'hmx','192.168.0.189','2012-05-30 09:39:20'),
  (14811,'hmx','192.168.0.189','2012-05-30 09:39:20'),
  (14812,'sqj','192.168.0.189','2012-05-30 09:40:43'),
  (14813,'humanxing','192.168.0.170','2012-05-30 09:43:38'),
  (14814,'sqj','192.168.0.189','2012-05-30 09:46:59'),
  (14815,'sqj','192.168.0.189','2012-05-30 09:47:21'),
  (14816,'sqj','192.168.0.189','2012-05-30 09:50:46'),
  (14817,'sqj','192.168.0.189','2012-05-30 09:51:35'),
  (14818,'humanxing','192.168.0.170','2012-05-30 10:03:52'),
  (14819,'humanxing','192.168.0.170','2012-05-30 10:04:19'),
  (14820,'x.xie','192.168.0.189','2012-05-30 10:08:42'),
  (14821,'humanxing','192.168.0.170','2012-05-30 10:09:45'),
  (14822,'humanxing','192.168.0.170','2012-05-30 10:10:09'),
  (14823,'humanxing','192.168.0.170','2012-05-30 10:10:35'),
  (14824,'jmzd','192.168.0.189','2012-05-30 10:18:21'),
  (14825,'songqj','192.168.0.189','2012-05-30 10:18:29'),
  (14826,'song','192.168.0.189','2012-05-30 10:19:01'),
  (14827,'x.xie','192.168.0.189','2012-05-30 10:19:17'),
  (14828,'humanxing','192.168.0.170','2012-05-30 10:18:48'),
  (14829,'humanxing','192.168.0.170','2012-05-30 10:20:41'),
  (14830,'jmzd','192.168.0.189','2012-05-30 10:23:30'),
  (14831,'x.xie','192.168.0.189','2012-05-30 10:24:04'),
  (14832,'humanxing','192.168.0.170','2012-05-30 10:24:22'),
  (14833,'jmzd','192.168.0.189','2012-05-30 10:28:34'),
  (14834,'songqj','192.168.0.189','2012-05-30 10:32:22'),
  (14835,'jmzd','192.168.0.189','2012-05-30 10:34:08'),
  (14836,'songqj','192.168.0.189','2012-05-30 10:36:37'),
  (14837,'songqj','192.168.0.189','2012-05-30 10:36:37'),
  (14838,'x.xie','192.168.0.189','2012-05-30 10:37:39'),
  (14839,'sqj','192.168.0.189','2012-05-30 10:39:37'),
  (14840,'xiexin','192.168.0.189','2012-05-30 10:42:36'),
  (14841,'songqj','192.168.0.189','2012-05-30 10:43:23'),
  (14842,'hmx','192.168.0.189','2012-05-30 10:43:31'),
  (14843,'hmx','192.168.0.189','2012-05-30 10:43:31'),
  (14844,'x.xie','192.168.0.189','2012-05-30 10:48:10'),
  (14845,'jmzd','192.168.0.189','2012-05-30 10:48:46'),
  (14846,'jmzd','192.168.0.189','2012-05-30 10:50:31'),
  (14847,'xiexin','192.168.0.189','2012-05-30 10:51:11'),
  (14848,'songqj','192.168.0.189','2012-05-30 10:52:10'),
  (14849,'hmx','192.168.0.189','2012-05-30 10:56:44'),
  (14850,'admin','192.168.0.182','2012-05-30 11:01:04'),
  (14851,'xiexin','192.168.0.189','2012-05-30 11:04:36'),
  (14852,'jmzd','192.168.0.189','2012-05-30 11:05:36'),
  (14853,'admin','192.168.0.189','2012-05-30 11:12:59'),
  (14854,'admin','192.168.0.189','2012-05-30 11:13:03'),
  (14855,'songqj','192.168.0.189','2012-05-30 11:14:03'),
  (14856,'jmzd','192.168.0.189','2012-05-30 11:14:48'),
  (14857,'hmx','192.168.0.189','2012-05-30 11:16:20'),
  (14858,'hmx','192.168.0.189','2012-05-30 11:16:20'),
  (14859,'xiexin','192.168.0.189','2012-05-30 11:16:26'),
  (14860,'x.xie','192.168.0.189','2012-05-30 11:16:38'),
  (14861,'songqj','192.168.0.189','2012-05-30 11:16:49'),
  (14862,'jmzd','192.168.0.189','2012-05-30 11:20:30'),
  (14863,'songqj','192.168.0.189','2012-05-30 11:21:34'),
  (14864,'song','192.168.0.189','2012-05-30 11:21:54'),
  (14865,'sqj','192.168.0.189','2012-05-30 11:27:06'),
  (14866,'sqj','192.168.0.189','2012-05-30 11:27:06'),
  (14867,'hmx','192.168.0.189','2012-05-30 11:29:29'),
  (14868,'hmx','192.168.0.189','2012-05-30 11:29:29'),
  (14869,'sqj','192.168.0.189','2012-05-30 11:29:58'),
  (14870,'sqj','192.168.0.189','2012-05-30 11:29:58'),
  (14871,'jmzd','192.168.0.189','2012-05-30 12:11:41'),
  (14872,'sqj','192.168.0.189','2012-05-30 12:19:26'),
  (14873,'sqj','192.168.0.189','2012-05-30 12:19:26'),
  (14874,'sqj','192.168.0.192','2012-05-30 12:24:16'),
  (14875,'sqj','192.168.0.192','2012-05-30 12:24:16'),
  (14876,'jmzd','192.168.0.191','2012-05-30 12:27:56'),
  (14877,'x.xie','192.168.0.191','2012-05-30 12:29:13'),
  (14878,'jmzd','192.168.0.191','2012-05-30 12:30:28'),
  (14879,'x.xie','192.168.0.191','2012-05-30 12:30:53'),
  (14880,'x.xie','192.168.0.191','2012-05-30 12:33:46'),
  (14881,'x.xie','192.168.0.191','2012-05-30 12:41:34'),
  (14882,'songqj','192.168.0.170','2012-05-30 12:36:08'),
  (14883,'x.xie','192.168.0.191','2012-05-30 12:43:35'),
  (14884,'admin','192.168.0.189','2012-05-30 12:40:43'),
  (14885,'admin','192.168.0.189','2012-05-30 12:40:47'),
  (14886,'jmzd','192.168.0.191','2012-05-30 12:48:01'),
  (14887,'x.xie','192.168.0.191','2012-05-30 12:49:05'),
  (14888,'sqj','192.168.0.192','2012-05-30 12:48:21'),
  (14889,'hmx','192.168.0.192','2012-05-30 12:48:32'),
  (14890,'hmx','192.168.0.192','2012-05-30 12:48:32'),
  (14891,'admin','192.168.0.170','2012-05-30 12:45:05'),
  (14892,'admin','192.168.0.170','2012-05-30 12:45:08'),
  (14893,'sqj','192.168.0.192','2012-05-30 12:49:04'),
  (14894,'sqj','192.168.0.192','2012-05-30 12:49:04'),
  (14895,'hmx','192.168.0.191','2012-05-30 12:51:00'),
  (14896,'jmzd','192.168.0.191','2012-05-30 12:51:32'),
  (14897,'song','192.168.0.192','2012-05-30 12:51:19'),
  (14898,'song','192.168.0.192','2012-05-30 12:51:20'),
  (14899,'x.xie','192.168.0.191','2012-05-30 12:53:22'),
  (14900,'jmzd','192.168.0.170','2012-05-30 12:51:03'),
  (14901,'song','192.168.0.189','2012-05-30 13:05:51'),
  (14902,'xiexin','192.168.0.189','2012-05-30 13:07:31'),
  (14903,'admin','192.168.0.170','2012-05-30 13:09:38'),
  (14904,'admin','192.168.0.170','2012-05-30 13:09:42'),
  (14905,'songqj','192.168.0.170','2012-05-30 13:15:21'),
  (14906,'admin','192.168.0.189','2012-05-30 13:18:48'),
  (14907,'x.xie','192.168.0.189','2012-05-30 13:19:10'),
  (14908,'jmzd','192.168.0.189','2012-05-30 13:21:02'),
  (14909,'songqj','192.168.0.189','2012-05-30 13:21:04'),
  (14910,'song','192.168.0.189','2012-05-30 13:21:24'),
  (14911,'admin','192.168.0.170','2012-05-30 13:27:32'),
  (14912,'admin','192.168.0.170','2012-05-30 13:27:35'),
  (14913,'songqj','192.168.0.170','2012-05-30 13:29:15'),
  (14914,'song','192.168.0.192','2012-05-30 13:35:31'),
  (14915,'humanxing','192.168.0.189','2012-05-30 13:37:05'),
  (14916,'xiexin','192.168.0.191','2012-05-30 13:44:19'),
  (14917,'hmx','192.168.0.191','2012-05-30 13:45:50'),
  (14918,'xiexin','192.168.0.170','2012-05-30 13:46:13'),
  (14919,'song','192.168.0.192','2012-05-30 13:55:59'),
  (14920,'hmx','192.168.0.192','2012-05-30 13:58:14'),
  (14921,'hmx','192.168.0.192','2012-05-30 13:58:14'),
  (14922,'humanxing','192.168.0.170','2012-05-30 13:55:08'),
  (14923,'song','192.168.0.192','2012-05-30 13:58:55'),
  (14924,'song','192.168.0.192','2012-05-30 13:58:55'),
  (14925,'hmx','192.168.0.192','2012-05-30 13:59:47'),
  (14926,'hmx','192.168.0.192','2012-05-30 13:59:47'),
  (14927,'song','192.168.0.192','2012-05-30 14:00:24'),
  (14928,'song','192.168.0.192','2012-05-30 14:00:24'),
  (14929,'xiexin','192.168.0.191','2012-05-30 14:04:11'),
  (14930,'x.xie','192.168.0.189','2012-05-30 14:05:31'),
  (14931,'x.xie','192.168.0.189','2012-05-30 14:05:31'),
  (14932,'song','192.168.0.192','2012-05-30 14:08:25'),
  (14933,'song','192.168.0.192','2012-05-30 14:08:25'),
  (14934,'xiexin','192.168.0.191','2012-05-30 14:10:44'),
  (14935,'jmzd','192.168.0.189','2012-05-30 14:07:28'),
  (14936,'xiexin','192.168.0.191','2012-05-30 14:13:12'),
  (14937,'xiexin','192.168.0.191','2012-05-30 14:14:26'),
  (14938,'xiexin','192.168.0.191','2012-05-30 14:15:31'),
  (14939,'humanxing','192.168.0.170','2012-05-30 14:09:46'),
  (14940,'xiexin','192.168.0.191','2012-05-30 14:16:02'),
  (14941,'song','192.168.0.192','2012-05-30 14:15:30'),
  (14942,'humanxing','192.168.0.170','2012-05-30 14:12:19'),
  (14943,'humanxing','192.168.0.170','2012-05-30 14:13:45'),
  (14944,'song','192.168.0.192','2012-05-30 14:20:08'),
  (14945,'songqingjun','192.168.0.192','2012-05-30 14:20:57'),
  (14946,'songqingjun','192.168.0.192','2012-05-30 14:20:57'),
  (14947,'sqj','192.168.0.192','2012-05-30 14:21:15'),
  (14948,'sqj','192.168.0.192','2012-05-30 14:21:15'),
  (14949,'hmx','192.168.0.192','2012-05-30 14:21:58'),
  (14950,'hmx','192.168.0.192','2012-05-30 14:21:58'),
  (14951,'sqj','192.168.0.192','2012-05-30 14:22:48'),
  (14952,'sqj','192.168.0.192','2012-05-30 14:22:48'),
  (14953,'xiexin','192.168.0.191','2012-05-30 14:25:35'),
  (14954,'song','192.168.0.192','2012-05-30 14:24:48'),
  (14955,'song','192.168.0.192','2012-05-30 14:24:48'),
  (14956,'song','192.168.0.192','2012-05-30 14:24:54'),
  (14957,'hmx','192.168.0.192','2012-05-30 14:26:51'),
  (14958,'hmx','192.168.0.192','2012-05-30 14:26:51'),
  (14959,'humanxing','192.168.0.170','2012-05-30 14:23:56'),
  (14960,'song','192.168.0.192','2012-05-30 14:27:52'),
  (14961,'song','192.168.0.192','2012-05-30 14:27:52'),
  (14962,'xiexin','192.168.0.191','2012-05-30 14:31:18'),
  (14963,'hmx','192.168.0.192','2012-05-30 14:30:59'),
  (14964,'hmx','192.168.0.192','2012-05-30 14:30:59'),
  (14965,'song','192.168.0.192','2012-05-30 14:31:24'),
  (14966,'song','192.168.0.192','2012-05-30 14:31:24'),
  (14967,'xiexin','192.168.0.191','2012-05-30 14:36:53'),
  (14968,'song','192.168.0.192','2012-05-30 14:37:03'),
  (14969,'hmx','192.168.0.192','2012-05-30 14:38:29'),
  (14970,'hmx','192.168.0.192','2012-05-30 14:38:29'),
  (14971,'song','192.168.0.192','2012-05-30 14:38:47'),
  (14972,'song','192.168.0.192','2012-05-30 14:38:47'),
  (14973,'hmx','192.168.0.192','2012-05-30 14:39:20'),
  (14974,'hmx','192.168.0.192','2012-05-30 14:39:20'),
  (14975,'hmx','192.168.0.170','2012-05-30 14:35:46'),
  (14976,'song','192.168.0.192','2012-05-30 14:39:40'),
  (14977,'song','192.168.0.192','2012-05-30 14:39:40'),
  (14978,'hmx','192.168.0.192','2012-05-30 14:40:11'),
  (14979,'hmx','192.168.0.192','2012-05-30 14:40:11'),
  (14980,'song','192.168.0.192','2012-05-30 14:40:29'),
  (14981,'song','192.168.0.192','2012-05-30 14:40:30'),
  (14982,'xiexin','192.168.0.191','2012-05-30 14:43:10'),
  (14983,'hmx','192.168.0.192','2012-05-30 14:41:50'),
  (14984,'hmx','192.168.0.192','2012-05-30 14:41:50'),
  (14985,'humanxing','192.168.0.189','2012-05-30 14:43:46'),
  (14986,'songqingjun','192.168.0.192','2012-05-30 14:46:12'),
  (14987,'songqingjun','192.168.0.192','2012-05-30 14:46:12'),
  (14988,'humanxing','192.168.0.189','2012-05-30 14:43:54'),
  (14989,'sqj','192.168.0.192','2012-05-30 14:47:26'),
  (14990,'sqj','192.168.0.192','2012-05-30 14:47:26'),
  (14991,'hmx','192.168.0.189','2012-05-30 14:45:30'),
  (14992,'x.xie','192.168.0.191','2012-05-30 14:52:10'),
  (14993,'jmzd','192.168.0.191','2012-05-30 14:52:59'),
  (14994,'xiexin','192.168.0.3','2012-05-30 17:06:19'),
  (14995,'xiexin','192.168.0.3','2012-05-30 17:08:34'),
  (14996,'xiexin','192.168.0.3','2012-05-30 17:19:16'),
  (14997,'admin','192.168.0.3','2012-05-30 17:31:29'),
  (14998,'admin','192.168.0.3','2012-05-30 17:39:44'),
  (14999,'admin','192.168.0.3','2012-05-30 17:46:25'),
  (15000,'admin','192.168.0.3','2012-05-30 23:17:20'),
  (15001,'xiexin','192.168.0.3','2012-05-31 08:57:50'),
  (15002,'sqj','192.168.0.3','2012-05-31 10:08:41'),
  (15003,'sqj','192.168.0.3','2012-05-31 10:31:56'),
  (15004,'jmzd','192.168.0.3','2012-05-31 11:18:23'),
  (15005,'admin','192.168.0.3','2012-05-31 15:24:28'),
  (15006,'sqj','192.168.0.3','2012-05-31 16:42:24'),
  (15007,'xiexin','192.168.0.3','2012-05-31 16:46:18'),
  (15008,'xiexin','192.168.0.3','2012-05-31 17:00:53'),
  (15009,'admin','192.168.0.3','2012-05-31 17:05:17'),
  (15010,'admin','192.168.0.3','2012-05-31 17:07:15'),
  (15011,'admin','192.168.0.3','2012-05-31 17:26:05'),
  (15012,'admin','192.168.0.3','2012-05-31 17:26:15'),
  (15013,'admin','192.168.0.3','2012-05-31 17:26:30'),
  (15014,'sqj','192.168.0.3','2012-05-31 17:29:40'),
  (15015,'sqj','192.168.0.3','2012-05-31 17:44:39'),
  (15016,'sqj','192.168.0.3','2012-05-31 17:46:27'),
  (15017,'sqj','192.168.0.3','2012-05-31 17:59:18'),
  (15018,'admin','192.168.0.3','2012-05-31 18:11:16'),
  (15019,'admin','192.168.0.3','2012-05-31 18:11:30'),
  (15020,'sqj','192.168.0.3','2012-05-31 18:40:23'),
  (15021,'sqj','192.168.0.3','2012-05-31 18:41:33'),
  (15022,'admin','192.168.0.3','2012-06-01 09:15:13'),
  (15023,'admin','192.168.0.3','2012-06-01 09:15:18'),
  (15024,'xiexin','192.168.0.3','2012-06-01 09:24:52'),
  (15025,'jmzd','192.168.0.3','2012-06-01 09:31:02'),
  (15026,'sqj','192.168.0.3','2012-06-01 09:32:47'),
  (15027,'admin','192.168.0.3','2012-06-01 11:01:47'),
  (15028,'admin','192.168.0.3','2012-06-01 11:08:32'),
  (15029,'admin','192.168.0.3','2012-06-01 11:08:51'),
  (15030,'admin','192.168.0.3','2012-06-01 11:08:53'),
  (15031,'admin','192.168.0.3','2012-06-01 11:09:55'),
  (15032,'admin','192.168.0.3','2012-06-01 11:31:01'),
  (15033,'admin','192.168.0.3','2012-06-01 11:31:07'),
  (15034,'admin','192.168.0.3','2012-06-01 11:31:21'),
  (15035,'admin','192.168.0.3','2012-06-01 13:22:02'),
  (15036,'admin','192.168.0.3','2012-06-01 13:22:08'),
  (15037,'wanghong','192.168.0.3','2012-06-01 15:32:07'),
  (15038,'admin','192.168.0.3','2012-06-01 15:34:23'),
  (15039,'admin','192.168.0.3','2012-06-01 15:34:35'),
  (15040,'zhangrongjin','192.168.0.3','2012-06-01 15:40:17'),
  (15041,'admin','192.168.0.3','2012-06-01 15:42:14'),
  (15042,'admin','192.168.0.3','2012-06-01 15:42:23'),
  (15043,'liuchen','192.168.0.3','2012-06-01 15:52:15'),
  (15044,'zhangrongjin','192.168.0.3','2012-06-01 15:53:42'),
  (15045,'admin','192.168.0.3','2012-06-01 15:54:30'),
  (15046,'admin','192.168.0.3','2012-06-01 15:54:55'),
  (15047,'admin','192.168.0.3','2012-06-01 15:56:38'),
  (15048,'liuchen','192.168.0.3','2012-06-01 16:02:42'),
  (15049,'kongdewen','192.168.0.3','2012-06-01 16:13:28'),
  (15050,'admin','192.168.0.3','2012-06-01 16:23:16'),
  (15051,'admin','192.168.0.3','2012-06-01 16:23:23'),
  (15052,'admin','192.168.0.3','2012-06-02 00:26:18'),
  (15053,'admin','192.168.0.3','2012-06-02 00:26:19'),
  (15054,'liuchen','192.168.0.3','2012-06-02 00:28:13'),
  (15055,'admin','192.168.0.3','2012-06-02 00:31:34'),
  (15056,'admin','192.168.0.3','2012-06-02 00:31:34'),
  (15057,'admin','192.168.0.3','2012-06-02 00:47:55'),
  (15058,'admin','192.168.0.3','2012-06-02 00:47:55'),
  (15059,'liuchen','192.168.0.3','2012-06-02 00:56:07'),
  (15060,'admin','192.168.0.3','2012-06-02 00:57:23'),
  (15061,'admin','192.168.0.3','2012-06-02 00:57:23'),
  (15062,'zhangrongjin','192.168.0.3','2012-06-02 00:58:50'),
  (15063,'admin','192.168.0.3','2012-06-02 01:00:58'),
  (15064,'admin','192.168.0.3','2012-06-02 01:00:58'),
  (15065,'zhangrongjin','192.168.0.3','2012-06-02 01:04:53'),
  (15066,'admin','192.168.0.3','2012-06-02 09:00:24'),
  (15067,'admin','192.168.0.3','2012-06-02 09:00:24'),
  (15068,'liuchen','192.168.0.3','2012-06-02 12:48:21'),
  (15069,'liuchen','192.168.0.3','2012-06-02 16:59:51'),
  (15070,'admin','192.168.0.3','2012-06-03 08:05:44'),
  (15071,'admin','192.168.0.3','2012-06-03 08:05:44'),
  (15072,'shaojinhan','192.168.0.3','2012-06-04 10:22:04'),
  (15073,'wangyang','192.168.0.3','2012-06-04 10:26:05'),
  (15074,'kejialing','192.168.0.3','2012-06-04 10:26:10'),
  (15075,'wangyang','192.168.0.3','2012-06-04 10:26:17'),
  (15076,'wanghong','192.168.0.3','2012-06-04 10:26:23'),
  (15077,'shaojinhan','192.168.0.3','2012-06-04 10:26:46'),
  (15078,'shaojinhan','192.168.0.3','2012-06-04 10:27:43'),
  (15079,'admin','192.168.0.3','2012-06-04 10:29:50'),
  (15080,'admin','192.168.0.3','2012-06-04 10:29:50'),
  (15081,'zhangdongqi','192.168.0.3','2012-06-04 10:30:17'),
  (15082,'shaojinhan','192.168.0.3','2012-06-04 10:30:22'),
  (15083,'shaojinhan','192.168.0.3','2012-06-04 10:35:51'),
  (15084,'shaojinhan','192.168.0.3','2012-06-04 10:48:55'),
  (15085,'kejl','192.168.0.3','2012-06-04 11:12:29'),
  (15086,'wanghong','192.168.0.3','2012-06-04 11:12:37'),
  (15087,'shaojinhan','192.168.0.3','2012-06-04 11:13:08'),
  (15088,'zhangrongjin','192.168.0.3','2012-06-04 11:13:38'),
  (15089,'zhucaiyun','192.168.0.3','2012-06-04 11:14:28'),
  (15090,'zhangdongqi','192.168.0.3','2012-06-04 12:15:32'),
  (15091,'kongdewen','192.168.0.3','2012-06-04 13:47:21'),
  (15092,'shaojinhan','192.168.0.3','2012-06-05 09:11:11'),
  (15093,'admin','192.168.0.3','2012-06-05 10:36:16'),
  (15094,'admin','192.168.0.3','2012-06-05 10:36:16'),
  (15095,'liuchen','192.168.0.3','2012-06-05 13:51:11'),
  (15096,'liuchen','192.168.0.3','2012-06-05 14:05:48'),
  (15097,'kejialing','192.168.0.3','2012-06-06 10:50:32'),
  (15098,'fangyan','192.168.0.3','2012-06-06 10:51:50'),
  (15099,'admin','192.168.0.3','2012-06-06 12:19:09'),
  (15100,'admin','192.168.0.3','2012-06-06 12:19:09'),
  (15101,'hushuangshuang','192.168.0.3','2012-06-06 12:23:34'),
  (15102,'shaojinhan','192.168.0.3','2012-06-06 12:42:55'),
  (15103,'zhucaiyun','192.168.0.3','2012-06-06 12:43:20'),
  (15104,'zhucaiyun','192.168.0.3','2012-06-06 12:46:26'),
  (15105,'liuchen','192.168.0.3','2012-06-06 13:16:16'),
  (15106,'hushuangshuang','192.168.0.3','2012-06-06 13:29:57'),
  (15107,'zhucaiyun','192.168.0.3','2012-06-06 14:51:09'),
  (15108,'wanghong','192.168.0.3','2012-06-06 15:06:43'),
  (15109,'zhucaiyun','192.168.0.3','2012-06-06 17:03:17'),
  (15110,'zhucaiyun','192.168.0.3','2012-06-06 17:03:22'),
  (15111,'liuchen','192.168.0.3','2012-06-06 17:28:44'),
  (15112,'shaojinhan','192.168.0.3','2012-06-07 09:07:38'),
  (15113,'liuchen','192.168.0.3','2012-06-07 09:40:31'),
  (15114,'meijinglei','192.168.0.3','2012-06-07 10:40:28'),
  (15115,'admin','192.168.0.3','2012-06-07 11:07:24'),
  (15116,'admin','192.168.0.3','2012-06-07 11:07:24'),
  (15117,'kongdewen','192.168.0.3','2012-06-07 15:58:39'),
  (15118,'admin','192.168.0.3','2012-06-07 17:25:03'),
  (15119,'admin','192.168.0.3','2012-06-07 17:25:03'),
  (15120,'liuchen','192.168.0.3','2012-06-08 09:39:17'),
  (15121,'admin','192.168.0.3','2012-06-08 09:43:25'),
  (15122,'admin','192.168.0.3','2012-06-08 09:43:25'),
  (15123,'heping','192.168.0.3','2012-06-08 09:56:19'),
  (15124,'heping','192.168.0.3','2012-06-08 09:56:19'),
  (15125,'liuchen','192.168.0.3','2012-06-08 16:56:35'),
  (15126,'admin','192.168.0.3','2012-06-08 16:58:37'),
  (15127,'admin','192.168.0.3','2012-06-08 16:58:37'),
  (15128,'kongdw','192.168.0.3','2012-06-08 16:59:20'),
  (15129,'liuchen','192.168.0.3','2012-06-08 17:00:47'),
  (15130,'kongdw','192.168.0.3','2012-06-08 17:03:40'),
  (15131,'liuchen','192.168.0.3','2012-06-08 17:04:04'),
  (15132,'kongdw','192.168.0.3','2012-06-08 17:04:57'),
  (15133,'kongdw','192.168.0.3','2012-06-08 17:08:27'),
  (15134,'admin','192.168.0.3','2012-06-08 17:15:51'),
  (15135,'admin','192.168.0.3','2012-06-08 17:15:51'),
  (15136,'liuchen','192.168.0.3','2012-06-08 17:55:54'),
  (15137,'kongdw','192.168.0.3','2012-06-08 17:56:51'),
  (15138,'liuchen','192.168.0.189','2012-06-08 18:12:05'),
  (15139,'kongdw','192.168.0.189','2012-06-08 18:13:12'),
  (15140,'kongdw','192.168.0.189','2012-06-08 18:14:52'),
  (15141,'liuchen','192.168.0.191','2012-06-09 09:26:16'),
  (15142,'kongdewen','192.168.0.191','2012-06-09 09:27:04'),
  (15143,'kongdw','192.168.0.191','2012-06-09 09:27:52'),
  (15144,'admin','192.168.0.191','2012-06-09 09:28:52'),
  (15145,'admin','192.168.0.191','2012-06-09 09:28:52'),
  (15146,'admin','192.168.0.191','2012-06-09 09:29:25'),
  (15147,'admin','192.168.0.191','2012-06-09 09:29:25'),
  (15148,'admin','192.168.0.191','2012-06-09 09:33:22'),
  (15149,'admin','192.168.0.191','2012-06-09 09:33:22'),
  (15150,'admin','192.168.0.191','2012-06-09 09:35:26'),
  (15151,'admin','192.168.0.191','2012-06-09 09:35:26'),
  (15152,'hushuangshuang','192.168.0.191','2012-06-09 09:36:47'),
  (15153,'liuchen','192.168.0.191','2012-06-09 09:38:15'),
  (15154,'kongdw','192.168.0.191','2012-06-09 09:39:32'),
  (15155,'kongdw','192.168.0.191','2012-06-09 09:54:08'),
  (15156,'kongdw','192.168.0.191','2012-06-09 10:08:20'),
  (15157,'kongdw','192.168.0.191','2012-06-09 10:09:34'),
  (15158,'kongdw','192.168.0.191','2012-06-09 10:12:03'),
  (15159,'kongdw','192.168.0.191','2012-06-09 10:12:03'),
  (15160,'kongdw','192.168.0.191','2012-06-09 10:12:03'),
  (15161,'kongdw','192.168.0.191','2012-06-09 10:12:03'),
  (15162,'kongdw','192.168.0.191','2012-06-09 10:12:03'),
  (15163,'kongdw','192.168.0.191','2012-06-09 10:12:03'),
  (15164,'kongdw','192.168.0.191','2012-06-09 10:12:03'),
  (15165,'kongdw','192.168.0.191','2012-06-09 10:15:17'),
  (15166,'kongdw','192.168.0.191','2012-06-09 10:20:43'),
  (15167,'liuchen','192.168.0.191','2012-06-09 10:37:47'),
  (15168,'kongdw','192.168.0.191','2012-06-09 10:39:16'),
  (15169,'liuchen','192.168.0.191','2012-06-09 10:39:49'),
  (15170,'hushuangshuang','192.168.0.191','2012-06-09 10:41:02'),
  (15171,'liuchen','192.168.0.191','2012-06-09 10:41:21'),
  (15172,'kongdw','192.168.0.191','2012-06-09 10:41:44'),
  (15173,'kongdw','192.168.0.191','2012-06-09 10:51:45'),
  (15174,'hushuangshuang','192.168.0.191','2012-06-09 10:58:56'),
  (15175,'kongdw','192.168.0.191','2012-06-09 10:59:42'),
  (15176,'liuchen','192.168.0.191','2012-06-09 11:02:22'),
  (15177,'kongdw','192.168.0.191','2012-06-09 11:02:59'),
  (15178,'admin','192.168.0.191','2012-06-09 11:03:30'),
  (15179,'admin','192.168.0.191','2012-06-09 11:03:30'),
  (15180,'liuchen','192.168.0.191','2012-06-09 11:05:23'),
  (15181,'liuchen','192.168.0.191','2012-06-09 11:19:41'),
  (15182,'liuchen','192.168.0.191','2012-06-09 11:28:11'),
  (15183,'kongdw','192.168.0.191','2012-06-09 11:30:45'),
  (15184,'hushuangshuang','192.168.0.191','2012-06-09 11:31:30'),
  (15185,'liuchen','192.168.0.191','2012-06-09 11:32:33'),
  (15186,'liuchen','192.168.0.191','2012-06-09 13:37:46'),
  (15187,'liuchen','192.168.0.191','2012-06-09 13:37:46'),
  (15188,'liuchen','192.168.0.191','2012-06-09 13:39:55'),
  (15189,'liuchen','192.168.0.191','2012-06-09 14:11:40'),
  (15190,'liuchen','192.168.0.191','2012-06-09 14:13:30'),
  (15191,'kongdw','192.168.0.191','2012-06-09 14:14:18'),
  (15192,'liuchen','192.168.0.191','2012-06-09 14:15:00'),
  (15193,'kongdw','192.168.0.191','2012-06-09 14:15:21'),
  (15194,'liuchen','192.168.0.191','2012-06-09 14:16:19'),
  (15195,'kongdw','192.168.0.191','2012-06-09 14:16:38'),
  (15196,'hushuangshuang','192.168.0.191','2012-06-09 14:17:48'),
  (15197,'liuchen','192.168.0.191','2012-06-09 14:18:50'),
  (15198,'hushuangshuang','192.168.0.191','2012-06-09 14:19:21'),
  (15199,'liuchen','192.168.0.191','2012-06-09 14:20:11'),
  (15200,'hushuangshuang','192.168.0.191','2012-06-09 14:21:07'),
  (15201,'kongdw','192.168.0.191','2012-06-09 14:22:17'),
  (15202,'liuchen','192.168.0.191','2012-06-09 14:24:55'),
  (15203,'kongdw','192.168.0.191','2012-06-09 14:25:15'),
  (15204,'liuchen','192.168.0.191','2012-06-09 14:29:28'),
  (15205,'liuchen','192.168.0.191','2012-06-09 14:33:07'),
  (15206,'liuchen','192.168.0.191','2012-06-09 14:38:01'),
  (15207,'kongdw','192.168.0.191','2012-06-09 14:39:59'),
  (15208,'hushuangshuang','192.168.0.191','2012-06-09 14:40:33'),
  (15209,'liuchen','192.168.0.191','2012-06-09 14:41:06'),
  (15210,'hushuangshuang','192.168.0.191','2012-06-09 14:43:24'),
  (15211,'liuchen','192.168.0.191','2012-06-09 14:43:53'),
  (15212,'kongdw','192.168.0.191','2012-06-09 14:44:46'),
  (15213,'admin','192.168.0.191','2012-06-09 14:48:35'),
  (15214,'admin','192.168.0.191','2012-06-09 14:48:35'),
  (15215,'huangxiaojie','192.168.0.191','2012-06-09 14:49:55'),
  (15216,'huangxiaojie','192.168.0.191','2012-06-09 14:55:01'),
  (15217,'huangxiaojie','192.168.0.191','2012-06-09 14:56:08'),
  (15218,'hushuangshuang','192.168.0.191','2012-06-09 14:59:45'),
  (15219,'hushuangshuang','192.168.0.191','2012-06-09 15:00:07'),
  (15220,'admin','192.168.0.191','2012-06-09 15:02:07'),
  (15221,'admin','192.168.0.191','2012-06-09 15:02:07'),
  (15222,'huangxiaojie','192.168.0.191','2012-06-09 15:03:09'),
  (15223,'hushuangshuang','192.168.0.191','2012-06-09 15:04:54'),
  (15224,'hushuangshuang','192.168.0.191','2012-06-09 15:05:28'),
  (15225,'huangxiaojie','192.168.0.191','2012-06-09 15:05:58'),
  (15226,'hushuangshuang','192.168.0.191','2012-06-09 15:12:49'),
  (15227,'huangxiaojie','192.168.0.191','2012-06-09 15:13:39'),
  (15228,'hushuangshuang','192.168.0.191','2012-06-09 15:21:19'),
  (15229,'huangxiaojie','192.168.0.191','2012-06-09 15:21:42'),
  (15230,'hushuangshuang','192.168.0.191','2012-06-09 15:22:32'),
  (15231,'huangxiaojie','192.168.0.191','2012-06-09 15:23:04'),
  (15232,'hushuangshuang','192.168.0.191','2012-06-09 15:31:39'),
  (15233,'huangxiaojie','192.168.0.191','2012-06-09 15:32:24'),
  (15234,'liuchen','192.168.0.191','2012-06-11 09:16:07'),
  (15235,'admin','192.168.0.192','2012-06-11 09:33:22'),
  (15236,'admin','192.168.0.192','2012-06-11 09:33:22'),
  (15237,'admin','192.168.0.192','2012-06-11 09:33:22'),
  (15238,'admin','192.168.0.192','2012-06-11 09:33:22'),
  (15239,'wanghong','192.168.0.192','2012-06-11 09:39:19'),
  (15240,'dingjie','192.168.0.192','2012-06-11 09:47:15'),
  (15241,'dingjie','192.168.0.192','2012-06-11 09:47:14'),
  (15242,'dingjie','192.168.0.192','2012-06-11 09:47:43'),
  (15243,'admin','192.168.0.192','2012-06-11 10:01:04'),
  (15244,'admin','192.168.0.192','2012-06-11 10:01:04'),
  (15245,'admin','192.168.0.192','2012-06-11 10:01:04'),
  (15246,'admin','192.168.0.192','2012-06-11 10:01:04'),
  (15247,'hushuangshuang','192.168.0.191','2012-06-11 10:13:55'),
  (15248,'liuchen','192.168.0.191','2012-06-11 10:18:13'),
  (15249,'fangyan','192.168.0.192','2012-06-11 11:18:49'),
  (15250,'fangyan','192.168.0.192','2012-06-11 11:18:49'),
  (15251,'kongdewen','192.168.0.192','2012-06-11 11:22:45'),
  (15252,'kongdewen','192.168.0.192','2012-06-11 11:22:45'),
  (15253,'zhangdongqi','192.168.0.192','2012-06-11 11:24:22'),
  (15254,'zhangdongqi','192.168.0.192','2012-06-11 11:24:22'),
  (15255,'zhangdongqi','192.168.0.192','2012-06-11 11:24:27'),
  (15256,'hushuangshuang','192.168.0.192','2012-06-11 11:25:18'),
  (15257,'liuchen','192.168.0.191','2012-06-11 11:35:37'),
  (15258,'songke','192.168.0.192','2012-06-11 14:19:15'),
  (15259,'songke','192.168.0.192','2012-06-11 14:19:15'),
  (15260,'hushuangshuang','192.168.0.192','2012-06-11 15:08:03'),
  (15261,'hushuangshuang','192.168.0.192','2012-06-11 15:08:03'),
  (15262,'songke','192.168.0.192','2012-06-11 15:12:38'),
  (15263,'songke','192.168.0.192','2012-06-11 15:12:38'),
  (15264,'songke','192.168.0.192','2012-06-11 15:12:38'),
  (15265,'songke','192.168.0.192','2012-06-11 15:12:38'),
  (15266,'songke','192.168.0.192','2012-06-11 15:12:38'),
  (15267,'songke','192.168.0.192','2012-06-11 15:12:38'),
  (15268,'songke','192.168.0.192','2012-06-11 15:12:38'),
  (15269,'songke','192.168.0.192','2012-06-11 15:12:38'),
  (15270,'songke','192.168.0.192','2012-06-11 15:12:38'),
  (15271,'songke','192.168.0.192','2012-06-11 15:12:38'),
  (15272,'songke','192.168.0.192','2012-06-11 15:12:38'),
  (15273,'songke','192.168.0.192','2012-06-11 15:12:38'),
  (15274,'songke','192.168.0.192','2012-06-11 15:12:38'),
  (15275,'songke','192.168.0.192','2012-06-11 15:12:38'),
  (15276,'songke','192.168.0.192','2012-06-11 15:13:41'),
  (15277,'admin','192.168.0.192','2012-06-11 15:19:45'),
  (15278,'admin','192.168.0.192','2012-06-11 15:19:45'),
  (15279,'admin','192.168.0.192','2012-06-11 15:19:45'),
  (15280,'admin','192.168.0.192','2012-06-11 15:19:45'),
  (15281,'dingjie','192.168.0.192','2012-06-11 15:22:32'),
  (15282,'dingjie','192.168.0.192','2012-06-11 15:22:32'),
  (15283,'hushuangshuang','192.168.0.192','2012-06-11 15:24:59'),
  (15284,'hushuangshuang','192.168.0.192','2012-06-11 15:24:59'),
  (15285,'hushuangshuang','192.168.0.192','2012-06-11 15:43:43'),
  (15286,'hushuangshuang','192.168.0.192','2012-06-11 15:43:43'),
  (15287,'hushuangshuang','192.168.0.192','2012-06-11 16:04:16'),
  (15288,'hushuangshuang','192.168.0.192','2012-06-11 16:12:24'),
  (15289,'admin','192.168.0.192','2012-06-11 17:27:49'),
  (15290,'admin','192.168.0.192','2012-06-11 17:27:49'),
  (15291,'admin','192.168.0.192','2012-06-11 17:27:49'),
  (15292,'admin','192.168.0.192','2012-06-11 17:27:49'),
  (15293,'dingjie','192.168.0.192','2012-06-11 17:28:07'),
  (15294,'dingjie','192.168.0.192','2012-06-11 17:28:07'),
  (15295,'dingjie','192.168.0.192','2012-06-12 09:52:34'),
  (15296,'dingjie','192.168.0.192','2012-06-12 09:52:34');

COMMIT;

#
# Data for the `sa_logs` table  (LIMIT 4500,500)
#

INSERT INTO `sa_logs` (`id`, `username`, `ip`, `logtime`) VALUES 
  (15297,'liuchen','192.168.0.191','2012-06-12 13:40:43'),
  (15298,'liuchen','192.168.0.191','2012-06-12 13:49:59'),
  (15299,'kongdw','192.168.0.191','2012-06-12 13:51:09'),
  (15300,'hushuangshuang','192.168.0.191','2012-06-12 13:51:57'),
  (15301,'liuchen','192.168.0.191','2012-06-12 13:52:24'),
  (15302,'songke','192.168.0.192','2012-06-12 14:05:20'),
  (15303,'songke','192.168.0.192','2012-06-12 14:05:20'),
  (15304,'hushuangshuang','192.168.0.192','2012-06-12 14:06:18'),
  (15305,'hushuangshuang','192.168.0.192','2012-06-12 14:06:18'),
  (15306,'songke','192.168.0.192','2012-06-12 14:07:00'),
  (15307,'songke','192.168.0.192','2012-06-12 14:07:00'),
  (15308,'dingjie','192.168.0.192','2012-06-12 14:07:29'),
  (15309,'songke','192.168.0.192','2012-06-12 14:31:12'),
  (15310,'songke','192.168.0.192','2012-06-12 14:31:12'),
  (15311,'dingjie','192.168.0.192','2012-06-12 14:31:27'),
  (15312,'dingjie','192.168.0.192','2012-06-12 14:31:27'),
  (15313,'huangxiaojie','192.168.0.191','2012-06-12 14:37:13'),
  (15314,'liuchen','192.168.0.191','2012-06-12 14:44:47'),
  (15315,'kongdw','192.168.0.191','2012-06-12 14:46:11'),
  (15316,'admin','192.168.0.192','2012-06-12 14:47:32'),
  (15317,'admin','192.168.0.192','2012-06-12 14:47:32'),
  (15318,'admin','192.168.0.192','2012-06-12 14:47:32'),
  (15319,'admin','192.168.0.192','2012-06-12 14:47:32'),
  (15320,'dingjie','192.168.0.192','2012-06-12 14:49:13'),
  (15321,'dingjie','192.168.0.192','2012-06-12 14:49:13'),
  (15322,'songke','192.168.0.192','2012-06-12 14:49:35'),
  (15323,'songke','192.168.0.192','2012-06-12 14:49:35'),
  (15324,'dingjie','192.168.0.192','2012-06-12 14:49:55'),
  (15325,'dingjie','192.168.0.192','2012-06-12 14:49:55'),
  (15326,'liuchen','192.168.0.192','2012-06-12 15:20:23'),
  (15327,'liuchen','192.168.0.191','2012-06-12 15:39:14'),
  (15328,'dingjie','192.168.0.192','2012-06-12 15:49:09'),
  (15329,'dingjie','192.168.0.192','2012-06-12 15:49:09'),
  (15330,'admin','192.168.0.192','2012-06-12 15:49:49'),
  (15331,'admin','192.168.0.192','2012-06-12 15:49:49'),
  (15332,'admin','192.168.0.192','2012-06-12 15:49:49'),
  (15333,'admin','192.168.0.192','2012-06-12 15:49:49'),
  (15334,'kongdw','192.168.0.191','2012-06-12 15:57:22'),
  (15335,'admin','192.168.0.191','2012-06-12 15:57:37'),
  (15336,'admin','192.168.0.191','2012-06-12 15:57:37'),
  (15337,'kongdw','192.168.0.191','2012-06-12 15:59:04'),
  (15338,'fangyan','192.168.0.192','2012-06-12 16:01:04'),
  (15339,'fangyan','192.168.0.192','2012-06-12 16:01:04'),
  (15340,'heping','192.168.0.192','2012-06-12 16:01:49'),
  (15341,'heping','192.168.0.192','2012-06-12 16:01:49'),
  (15342,'admin','192.168.0.191','2012-06-12 16:21:43'),
  (15343,'admin','192.168.0.191','2012-06-12 16:21:43'),
  (15344,'liuchen','192.168.0.191','2012-06-12 16:22:10'),
  (15345,'admin','192.168.0.191','2012-06-12 16:22:32'),
  (15346,'admin','192.168.0.191','2012-06-12 16:22:32'),
  (15347,'zhangrongjin','192.168.0.191','2012-06-12 16:22:55'),
  (15348,'huangxiaojie','192.168.0.191','2012-06-12 16:24:49'),
  (15349,'liuchen','192.168.0.191','2012-06-12 16:25:10'),
  (15350,'zhangrongjin','192.168.0.191','2012-06-12 16:25:51'),
  (15351,'kongdw','192.168.0.191','2012-06-12 16:26:23'),
  (15352,'liuchen','192.168.0.191','2012-06-13 09:09:56'),
  (15353,'kongdw','192.168.0.191','2012-06-13 09:10:27'),
  (15354,'kongdw','192.168.0.191','2012-06-13 09:27:24'),
  (15355,'kongdw','192.168.0.191','2012-06-13 09:32:07'),
  (15356,'liuchen','192.168.0.191','2012-06-13 09:43:08'),
  (15357,'liuchen','192.168.0.191','2012-06-13 10:14:36'),
  (15358,'liuchen','192.168.0.191','2012-06-13 10:17:15'),
  (15359,'kongdw','192.168.0.191','2012-06-13 10:20:53'),
  (15360,'huangxiaojie','192.168.0.191','2012-06-13 10:21:16'),
  (15361,'liuchen','192.168.0.191','2012-06-13 10:26:38'),
  (15362,'kongdw','192.168.0.191','2012-06-13 10:29:18'),
  (15363,'kongdw','192.168.0.191','2012-06-13 10:38:32'),
  (15364,'dingjie','192.168.0.192','2012-06-13 10:45:45'),
  (15365,'dingjie','192.168.0.192','2012-06-13 10:45:45'),
  (15366,'liuchen','192.168.0.191','2012-06-13 10:54:12'),
  (15367,'liuchen','192.168.0.191','2012-06-13 10:55:25'),
  (15368,'admin','192.168.0.191','2012-06-13 11:07:34'),
  (15369,'admin','192.168.0.191','2012-06-13 11:07:34'),
  (15370,'liuchen','192.168.0.191','2012-06-13 11:08:37'),
  (15371,'admin','192.168.0.170','2012-06-24 12:18:05'),
  (15372,'admin','192.168.0.170','2012-06-24 12:18:05'),
  (15373,'kongdw','192.168.0.170','2012-06-24 12:22:06'),
  (15374,'admin','192.168.0.170','2012-06-24 12:31:02'),
  (15375,'admin','192.168.0.170','2012-06-24 12:31:02'),
  (15376,'liuchen','192.168.0.170','2012-06-24 12:31:35'),
  (15377,'liuchen','192.168.0.191','2012-06-13 15:10:47'),
  (15378,'kongdw','192.168.0.191','2012-06-13 15:13:45'),
  (15379,'kongdw','192.168.0.192','2012-06-13 15:13:54'),
  (15380,'kongdw','192.168.0.192','2012-06-13 15:13:54'),
  (15381,'kongdw','192.168.0.170','2012-06-24 15:47:26'),
  (15382,'liuchen','192.168.0.191','2012-06-14 09:28:23'),
  (15383,'admin','192.168.0.191','2012-06-14 09:28:50'),
  (15384,'admin','192.168.0.191','2012-06-14 09:28:50'),
  (15385,'zhangrongjin','192.168.0.191','2012-06-14 09:29:22'),
  (15386,'kongdw','192.168.0.191','2012-06-14 09:30:38'),
  (15387,'liuchen','192.168.0.191','2012-06-14 09:54:02'),
  (15388,'admin','192.168.0.170','2012-06-14 09:56:22'),
  (15389,'admin','192.168.0.170','2012-06-14 09:56:22'),
  (15390,'kongdw','192.168.0.191','2012-06-14 09:57:18'),
  (15391,'huangxiaojie','192.168.0.170','2012-06-14 09:58:56'),
  (15392,'liuchen','192.168.0.189','2012-06-14 10:00:18'),
  (15393,'huangxiaojie','192.168.0.170','2012-06-14 10:08:02'),
  (15394,'huangxiaojie','192.168.0.170','2012-06-14 10:15:04'),
  (15395,'admin','192.168.0.189','2012-06-14 10:22:08'),
  (15396,'admin','192.168.0.189','2012-06-14 10:22:08'),
  (15397,'huangxiaojie','192.168.0.170','2012-06-14 10:23:34'),
  (15398,'huangxiaojie','192.168.0.189','2012-06-14 10:24:22'),
  (15399,'hushuangshuang','192.168.0.170','2012-06-14 10:25:43'),
  (15400,'huangxiaojie','192.168.0.170','2012-06-14 10:26:52'),
  (15401,'hushuangshuang','192.168.0.170','2012-06-14 10:27:17'),
  (15402,'liuchen','192.168.0.170','2012-06-14 10:29:06'),
  (15403,'liuchen','192.168.0.170','2012-06-14 10:45:09'),
  (15404,'liuchen','192.168.0.170','2012-06-14 10:47:44'),
  (15405,'hushuangshuang','192.168.0.170','2012-06-14 10:49:11'),
  (15406,'liuchen','192.168.0.170','2012-06-14 10:49:35'),
  (15407,'kongdw','192.168.0.191','2012-06-14 11:19:35'),
  (15408,'liuchen','192.168.0.191','2012-06-14 11:22:25'),
  (15409,'admin','192.168.0.170','2012-06-14 11:26:35'),
  (15410,'admin','192.168.0.170','2012-06-14 11:26:35'),
  (15411,'admin','192.168.0.170','2012-06-14 13:45:30'),
  (15412,'admin','192.168.0.170','2012-06-14 13:45:30'),
  (15413,'heping','192.168.0.170','2012-06-14 13:53:27'),
  (15414,'huangxiaojie','192.168.0.191','2012-06-14 13:55:08'),
  (15415,'liuchen','192.168.0.191','2012-06-14 13:56:50'),
  (15416,'heping','192.168.0.170','2012-06-14 14:09:56'),
  (15417,'heping','192.168.0.170','2012-06-14 14:11:19'),
  (15418,'heping','192.168.0.170','2012-06-14 14:23:36'),
  (15419,'heping','192.168.0.170','2012-06-14 14:25:12'),
  (15420,'kejl','192.168.0.170','2012-06-14 14:37:27'),
  (15421,'liuchen','192.168.0.189','2012-06-14 15:02:27'),
  (15422,'kejl','192.168.0.170','2012-06-14 15:05:10'),
  (15423,'liuchen','192.168.0.191','2012-06-14 15:33:45'),
  (15424,'kongdw','192.168.0.191','2012-06-14 15:34:05');

COMMIT;

#
# Data for the `sa_menuinfo` table  (LIMIT 0,500)
#

INSERT INTO `sa_menuinfo` (`ID`, `PARENT_NAME`, `NAME`, `TITLE`, `DESCRIPTION`, `LOCATION`, `TARGET`, `ONCLICK`, `ONMOUSEOVER`, `ONMOUSEOUT`, `IMAGE`, `ALTIMAGE`, `TOOLTIP`) VALUES 
  (1,'','NZY_SYS_MANAGER','系统设置','','../menu/menuInfo_gotoNavigation.nzy?parentName=NZY_SYS_MANAGER',NULL,'','','','017.png','2','Y'),
  (64,'NZY_SYS_MANAGER','NZY_SYS_MENU_MANAGER','系统菜单','','../menu/menuInfo_list.nzy',NULL,'','','','002.png','2','N'),
  (66,'SYSORG','NZY_SYS_DEPART_MANAGER','组织单元','','../depart/depart_toDepartIndex.nzy',NULL,'','','','012.png','2','N'),
  (164,'NZY_SYS_MANAGER','NZY_SYS_MANAGER_DATABASE','数据库备份','','../database/dataBase_getDataBaseAll.nzy',NULL,'','','','065.png','2','N'),
  (253,'','SYSORG','组织机构','','../menu/menuInfo_gotoNavigation.nzy?parentName=SYSORG',NULL,'','','','008.png','2','Y'),
  (256,'SYSORG','SYSORG_ROOTJGXX','机构信息','','../depart/depart_gotoGroup.nzy',NULL,'','','','008.png','2','N'),
  (259,'NZY_SYS_MANAGER','NZY_SYS_LOG_MANAGER','日志平台','','../log/systemUserLog_getSysLogAll.nzy',NULL,'','','','005.png','2','N'),
  (260,'','NZY_SYS_ROLEMANAGER','岗位组管理','','../menu/menuInfo_gotoNavigation.nzy?parentName=NZY_SYS_ROLEMANAGER',NULL,'','','','010.png','2','Y'),
  (261,'NZY_SYS_ROLEMANAGER ','NZY_SYS_ROLE','岗位组设置','','../role/roleInfo_roleInfoList.nzy',NULL,'','','','012.png','2','N'),
  (262,'NZY_SYS_ROLEMANAGER ','NZY_SYS_PERMMANAGER','权限管理','权限管理','../sysperms/sysperms_getSyspermsByPage.nzy',NULL,'','','','013.png','2','N'),
  (263,'NZY_SYS_ROLEMANAGER ','NZY_SYS_RESOURCEMANAGER','资源管理','资源管理','../sysresource/sysresource_getSysresourceByPage.nzy',NULL,'','','','014.png','2','N'),
  (264,'','NZY_OA_MESSAGEMANAGER','消息管理','消息管理','../menu/menuInfo_gotoNavigation.nzy?parentName=NZY_OA_MESSAGEMANAGER',NULL,'','','','041.png','1','Y'),
  (265,'NZY_OA_MESSAGEMANAGER','NZY_OA_RECEIVEMESSAGE','消息收件箱','','../remindReceive/remindReceive_getRemindReceiveList.nzy',NULL,'','','','045.png','1','N'),
  (266,'NZY_OA_MESSAGEMANAGER','NZY_OA_SENDMESSAGE','消息发件箱','','../remindSend/remindSend_getRemindSendList.nzy',NULL,'','','','046.png','1','N'),
  (275,'','NZY_OA_JCSZ','基础设置','','../menu/menuInfo_gotoNavigation.nzy?parentName=NZY_OA_JCSZ',NULL,'','','','025.png','2','Y'),
  (277,'NZY_OA_JCSZ','NZY_OA_JCSZ_JCSZX','基础设置项','','../setItem/setItem_getsetItemType.nzy',NULL,'','','','015.png','2','N'),
  (278,'NZY_OA_JCSZ','NZY_OA_JCSZ_JCSZX','基础选择项','','../selectItem/selectItem_getSelectItemList.nzy',NULL,'','','','016.png','2','N'),
  (280,'','NJ_NZY_OA_RSGL_KQGL','考勤管理','','../menu/menuInfo_gotoNavigation.nzy?parentName=NJ_NZY_OA_RSGL_KQGL',NULL,'','','','021.png','1','Y'),
  (281,'NJ_NZY_OA_RSGL_KQGL','NJ_NZY_OA_RSGL_KQGL_DJKQ','登记考勤','','../attendance/attendance_getAttendanceRecord.nzy',NULL,'','','','012.png','1','N'),
  (282,'NJ_NZY_OA_RSGL_KQGL','NJ_NZY_OA_RSGL_KQGL_KQBB','考勤报表','','../attendance/attendance_getAttenRecordReportForms.nzy',NULL,'','','','014.png','1','N'),
  (283,'NJ_NZY_OA_RSGL_KQGL','NJ_NZY_OA_RSGL_KQGL_KQBQ','考勤补签','','../attendance/attendance_showAttendAttenSigned.nzy',NULL,'','','','048.png','1','N'),
  (284,'','NJ_NZY_DTIME_GOODSINFO_MANAGER','商品管理','','../menu/menuInfo_gotoNavigation.nzy?parentName=NJ_NZY_DTIME_GOODSINFO_MANAGER',NULL,'','','','026.png','1','Y'),
  (285,'NJ_NZY_DTIME_GOODSINFO_MANAGER','NJ_NZY_DTIME_GOODSINFO_INFO','商品档案','','../goods/goods_getGoodsinfoByPage.nzy',NULL,'','','','011.png','1','N'),
  (286,'NJ_NZY_DTIME_GOODSINFO_MANAGER','NJ_NZY_DTIME_GOODSINFO_CLASS','商品类别','','../goods/goods_getGoodClassByPage.nzy',NULL,'','','','028.png','1','N'),
  (290,'NJ_NZY_CGGL','NJ_NZY_CGGL_MANAGER_INFO','供应商档案','','../producer/producer_getProducerAllByPageCondition.nzy',NULL,'','','','078.png','1','N'),
  (297,'','NJ_NZY_CGGL','采购管理','','../menu/menuInfo_gotoNavigation.nzy?parentName=NJ_NZY_CGGL',NULL,'','','','026.png','1','Y'),
  (298,'NJ_NZY_CGGL','NJ_NZY_CGGL_CGDD','采购订货','','../buyorderinfo/buyorderinfo_purchaseOrderList.nzy',NULL,'','','','011.png','1','N'),
  (300,'NJ_NZY_TGGL','NJ_NZY_TEAM','销售记录管理','','../teamsales/teamsales_getTeamSaleInfo.nzy',NULL,'','','','011.png','1','Y'),
  (301,'NJ_NZY_TGGL','NJ_NZY_TGTHGL','团购退货管理','','../returnnote/returnnote_getReturnnoteList.nzy?isMethod=other',NULL,'','','','011.png','1','Y'),
  (302,'NJ_NZY_TGGL','NJ_NZY_TGBHGL','团购补货管理','','../supplynote/supplynote_getSupplynoteList.nzy?isMethod=other',NULL,'','','','011.png','1','Y'),
  (303,'NJ_NZY_TGGL','NJ_NZY_TGKPGL','团购开票管理','','../teaminvoiceapply/teaminvoiceapply_getTeaminvoiceapplyByPage.nzy',NULL,'','','','011.png','1','Y'),
  (317,'NJ_NZY_STORES','NJ_NZY_STORESREQUISITIONSLIP','门店调拨管理','','',NULL,'','','','018.png','1','Y'),
  (318,'NJ_NZY_STORESREQUISITIONSLIP','NJ_NZY_NEWSREQUISITIONSLIPNOTE','新建调拨单','','',NULL,'','','','017.png','1','N'),
  (319,'NJ_NZY_STORESREQUISITIONSLIP','NJ_NZY_STORESREQUISITIONSLIP','调拨请求处理','','',NULL,'','','','017.png','1','N'),
  (320,'NJ_NZY_STORESREQUISITIONSLIP','NJ_NZY_REQUISITIONSLIPCHECK','调拨单签收','','',NULL,'','','','017.png','1','N'),
  (321,'NJ_NZY_STORESREQUISITIONSLIP','NJ_NZY_REQUISITIONSLIPNOTELOOK','调拨单查阅','','',NULL,'','','','017.png','1','N'),
  (322,'','NJ_NZY_UNIONSHOP','加盟管理','','../menu/menuInfo_gotoNavigation.nzy?parentName=NJ_NZY_CGGL',NULL,'','','','018.png','1','Y'),
  (325,'NJ_NZY_UNIONSHOP','NJ_NZY_UNIONSHOP_SUPPLYMANAGER','加盟店补货管理','','../unionShop/unionShop_getSupplyList.nzy?isMethod=NOW',NULL,'','','','017.png','1','N'),
  (326,'NJ_NZY_UNIONSHOP','NJ_NZY_UNIONSHOP_SUPPLYPROCESS','加盟店补货签收','','../unionShop/unionShop_getSupplyList.nzy?isMethod=ISSIGN',NULL,'','','','018.png','1','N'),
  (327,'NJ_NZY_UNIONSHOP','NJ_NZY_UNIONSHOP_RETURNMANAGER','加盟店退货管理','','../unionShop/unionShop_getUnionShopReturnNoteList.nzy?isMethod=NOW',NULL,'','','','018.png','1','N'),
  (330,'','NJ_NZY_STORESMANAGER','门店管理','','../menu/menuInfo_gotoNavigation.nzy?parentName=NJ_NZY_CGGL',NULL,'','','','018.png','1','Y'),
  (331,'','NJ_NZY_TGGL','团购管理','','../menu/menuInfo_gotoNavigation.nzy?parentName=NJ_NZY_TGGL',NULL,'','','','012.png','1','Y'),
  (333,'NJ_NZY_TGGL','NJ_NZY_TGKHXXGL','团购客户信息管理','','../teamsales/teamsales_getTeambuyerInfo.nzy',NULL,'','','','011.png','1','N'),
  (334,'','NJ_NZY_FILES','零售商管理','','../menu/menuInfo_gotoNavigation.nzy?parentName=NJ_NZY_FILES',NULL,'','','','055.png','1','Y'),
  (335,'NJ_NZY_FILES','NJ_NZY_FILES _INFO','档案信息','','../saleunitinfo/saleunitinfo_getSaleUnitInfoByCondition.nzy',NULL,'','','','055.png','1','N'),
  (336,'NJ_NZY_STORESMANAGER','NJ_NZY_STORESMANAGERSUPPLYNOW','补货管理','门店','../storesSupply/storesSupply_getSupplyList.nzy?isMethod=NOW',NULL,NULL,NULL,NULL,'018.png','1','N'),
  (337,'NJ_NZY_STORESMANAGER','NJ_NZY_STORESMANAGESUPPLYOTHER','查阅补货单','门店','../storesSupply/storesSupply_getSupplyList.nzy?isMethod=OTHER',NULL,NULL,NULL,NULL,'018.png','1','N'),
  (339,'','NJ_NZY_TOTALSTOCK','仓库管理','','../menu/menuInfo_gotoNavigation.nzy?parentName=NJ_NZY_TOTALSTOCK',NULL,'','','','025.png','1','Y'),
  (340,'NJ_NZY_TOTALSTOCK','NJ_NZY_TOTALSTOCK_STOCKINFO','仓库库存查询','','../totalStock/totalStock_totalStockList.nzy',NULL,'','','','021.png','1','N'),
  (341,'NJ_NZY_TOTALSTOCK','NJ_NZY_TOTALSTOCK_INSTOCK','退货入库','','../totalStock/totalStock_doTotalStockIn.nzy',NULL,'','','','011.png','1','N'),
  (342,'NJ_NZY_UNIONSHOP','NJ_NZY_UNIONSHOP_LIST','查阅补货单','加盟店补货单','../unionShop/unionShop_getSupplyList.nzy?isMethod=OTHER',NULL,NULL,NULL,NULL,'055.png','1','N'),
  (343,'NJ_NZY_TOTALSTOCK','NJ_NZY_TOTALSTOCK_OUTSTOCK','补货出库','','../totalStock/totalStock_doTotalStockOut.nzy',NULL,'','','','029.png','1','N'),
  (345,'NJ_NZY_UNIONSHOP','NJ_NZY_UNIONSHOP_STOCK','加盟店库存',NULL,'../unionShop/unionShop_goToGetUinonShopStockList.nzy',NULL,NULL,NULL,NULL,'067.png','1','N'),
  (346,'NJ_NZY_TOTALSTOCK','NJ_NZY_TOTALSTOCK_INSTOCKLIST','入库单查询','','../instocknote/instocknote_getInstockNoteList.nzy',NULL,'','','','022.png','1','N'),
  (347,'NJ_NZY_STORESMANAGER','NJ_NZY_STORESMANAGESTORESSTOCK','门店库存管理','门店','../unionShop/unionShop_goToGetUinonShopStockList.nzy',NULL,NULL,NULL,NULL,'013.png','1','N'),
  (348,'NJ_NZY_STORESMANAGER','NJ_NZY_STORESMANAGEMANAGRETURN','退货管理','门店','../storesReturnNote/storesReturnNote_getStoresReturnNoteList.nzy?isMethod=NOW',NULL,NULL,NULL,NULL,'026.png','1','N'),
  (349,'NJ_NZY_STORESMANAGER','NJ_NZY_STORESMANAGERMANAGSINGN','补货单签收','门店','../storesSupply/storesSupply_getSupplyList.nzy?isMethod=ISSIGN',NULL,NULL,NULL,NULL,'011.png','1','N'),
  (350,'NJ_NZY_TOTALSTOCK','NJ_NZY_TOTALSTOCK_OUTINFO','出库单查询','','../outstocknote/outstocknote_getOutstockNoteList.nzy',NULL,'','','','022.png','1','N'),
  (351,'NJ_NZY_TGGL','NJ_NZY_TGGL_TGBYGL','团购补货签收','','../supplynote/supplynote_getSupplynoteList.nzy?isMethod=IsSign',NULL,'','','','010.png','1','N'),
  (353,'NJ_NZY_TOTALSTOCK','NJ_NZY_TOTALSTOCK_SUMMARY','团购补货统计','','../totalStock/totalStock_getTeamSupplyList.nzy',NULL,'','','','019.png','1','N'),
  (355,'NJ_NZY_UNIONSHOP','NJ_NZY_UNIONSHOPRETURNLOOK','查阅退货单','加盟店','../unionShop/unionShop_getUnionShopReturnNoteList.nzy?isMethod=OTHER',NULL,'','','','019.png','1','N'),
  (356,'NJ_NZY_STORESMANAGER','NJ_NZY_STORESRETURNLOOK','查阅退货单','门店','../storesReturnNote/storesReturnNote_getStoresReturnNoteList.nzy?isMethod=OTHER',NULL,'','','','019.png','1','N'),
  (357,'NJ_NZY_UNIONSHOP','NJ_NZY_UNIONSHOPDOWITH','加盟店申请处理','加盟部','../unionShop/unionShop_getSupplyList.nzy?isMethod=DOWITH',NULL,'','','','019.png','1','Y'),
  (358,'','NJ_NZY_CWGL','财务管理','','',NULL,'','','','070.jpg','1','Y'),
  (359,'NJ_NZY_CWGL','NJ_NZY_KPSQCL','开票申请处理','','../teaminvoiceapply/teaminvoiceapply_getInvoiceapply.nzy',NULL,'','','','077.jpg','1','N'),
  (360,'NJ_NZY_TOTALSTOCK','NJ_NZY_TOTALSTOCK_PURCHASE','采购入库','仓库','../totalStock/totalStock_doTotalStockIn.nzy?teamId=1',NULL,'','','','059.png','1','N'),
  (361,'NJ_NZY_TGGL','NJ_NZY_TGTHQS','团购退货签退','','../returnnote/returnnote_getReturnnoteList.nzy?isMethod=isAccept',NULL,'','','','077.jpg','1','N'),
  (366,'SYSORG','SYSORG_USERINFOMANAGER','员工信息','','../userinfo/userInfo_getUserInfoList.nzy',NULL,'','','','025.png','2','N'),
  (367,'NJ_NZY_UNIONSHOP','NJ_NZY_UNIONSHOPSETTLEMENTSUPP','补货结算处理','加盟部','../unionShop/unionShop_getSupplyList.nzy?isMethod=SETTLEMENT',NULL,NULL,NULL,NULL,'025.png','1','N'),
  (368,'NJ_NZY_UNIONSHOP','NJ_NZY_UNIONSHOPSETTLEMENTRETU','退货结算处理','加盟部','../unionShop/unionShop_getUnionShopReturnNoteList.nzy?isMethod=SETTLEMENT',NULL,NULL,NULL,NULL,'025.png','1','N'),
  (370,'NJ_NZY_UNIONSHOP','NJ_NZY_UNIONSHOPRETURN','加盟部查阅退货单','加盟部','../unionShop/unionShop_getUnionShopReturnNoteList.nzy?isMethod=DOWITH',NULL,NULL,NULL,NULL,'019.png','1','N'),
  (371,'','NJ_NZY_LHGL','领货管理','','',NULL,'','','','070.jpg','1','Y'),
  (372,'NJ_NZY_LHGL','NJ_NZY_LHJLGL','领货记录管理','','../lingyong/lingyong_getLingyongInfo.nzy',NULL,'','','','070.jpg','1','N'),
  (373,'NJ_NZY_LHGL','NJ_NZY_LHBHGL','领用补货管理','','../supplynote/supplynote_getLingyongSupplynoteList.nzy?isMethod=Lingyong',NULL,'','','','070.jpg','1','N'),
  (374,'NJ_NZY_LHGL','NJ_NZY_LHTHGL','领用退货管理','','../returnnote/returnnote_getLingyongReturnnoteList.nzy?isMethod=other',NULL,'','','','070.jpg','1','N'),
  (375,'NJ_NZY_CGGL','NJ_NZY_CGGL_CGTH','采购退货','采购部','../buyorderinfo/buyorderinfo_purchaseOrderList.nzy?isMethod=CGTH',NULL,NULL,NULL,NULL,'070.jpg','1','N'),
  (376,'NJ_NZY_CGGL','NJ_NZY_CGTHJS','采购退货结算','采购部','../buyorderinfo/buyorderinfo_purchaseOrderList.nzy?isMethod=CGTHJS',NULL,NULL,NULL,NULL,'070.jpg','1','N'),
  (377,'NJ_NZY_CGGL','NJ_NZY_CGDHJS','采购订货结算','采购部','../buyorderinfo/buyorderinfo_purchaseOrderList.nzy?isMethod=CGDHJS',NULL,NULL,NULL,NULL,'070.jpg','1','N'),
  (378,'NJ_NZY_LHGL','NJ_NZY_LYBHQS','领用补货签收','','../supplynote/supplynote_getLingyongSupplynoteList.nzy?isMethod=isLingyong',NULL,'','','','070.jpg','1','N'),
  (379,'NJ_NZY_LHGL','NJ_NZY_LYTHQS','领用退货签收','','../returnnote/returnnote_getLingyongReturnnoteList.nzy?isMethod=isLingyongAccept',NULL,'','','','070.jpg','1','N'),
  (380,'NJ_NZY_TOTALSTOCK','NJ_NZY_TOTALSTOCK','采购出库','仓库','../totalStock/totalStock_doTotalStockIn.nzy?teamId=3',NULL,NULL,NULL,NULL,'077.jpg','1','N'),
  (381,'NZY_SUBWAY_STATISTICS','NJ_NZY_TOTALSTOCK_MONTHTJ','仓库月统计','','../statistics/everyDayJxc_getSaleAndbuyByeveryMouth.nzy',NULL,'','','','011.png','1','N'),
  (382,'NZY_SUBWAY_STATISTICS','NJ_NZY_TOTALSTOCK_MONTHJM','加盟店月统计','','../statistics/everyDayJxc_getUnionStockEveryMouth.nzy',NULL,'','','','025.png','1','N'),
  (383,'NZY_SUBWAY_STATISTICS','NJ_NZY_TOTALSTOCK_MONTHLSD','零售店月统计','','../statistics/everyDayJxc_getlingshouStockEveryMouth.nzy',NULL,'','','','059.png','1','N'),
  (385,'NZY_SUBWAY_STATISTICS','NJ_NZY_SALETJ','销售记录统计','','../statistics/everyDayJxc_getSaleEveryMouth.nzy',NULL,'','','','055.png','1','N'),
  (386,'NJ_NZY_TOTALSTOCK','NJ_NZY_XZBRK','领用入库','','../totalStock/totalStock_getLingyongInList.nzy',NULL,'','','','070.jpg','1','N'),
  (387,'NJ_NZY_TOTALSTOCK','NJ_NZY_XZBCK','领用出库','','../totalStock/totalStock_getLingyongOutList.nzy',NULL,'','','','070.jpg','1','N'),
  (388,'NJ_NZY_TGGL','NJ_NZY_ZPGL','赠品管理','','../teamsales/teamsales_getgiftgoodsinfoList.nzy',NULL,'','','','077.jpg','1','N'),
  (389,'NZY_SUBWAY_STATISTICS','NJ_NZY_STORESMANAGER_EXCEL','门店日报表查询','','../reportinfo/reportinfo_getReportInfoList.nzy',NULL,'','','','015.png','1','N'),
  (390,'NZY_SUBWAY_STATISTICS','NJ_NZY_UNIONSHOP_DAYEXCEL','加盟日报表查询','','../reportinfo/reportinfo_getReportInfoList.nzy',NULL,'','','','012.png','1','N'),
  (391,'NZY_SUBWAY_STATISTICS','NJ_NZY_TGGL_DAYEXCEL','团购每日汇总','','../reportinfo/reportinfo_getReportInfoList.nzy',NULL,'','','','023.PNG','1','N'),
  (392,'NZY_SUBWAY_STATISTICS','NJ_NZY_STORESMANAGER_OFMONTH','门店月报表查询','','../reportinfo/reportinfo_getReportInfoMonthList.nzy?depttype=0',NULL,'','','','023.PNG','1','N'),
  (393,'NZY_SUBWAY_STATISTICS','NJ_NZY_UNIONSH','加盟月报表查询','','../reportinfo/reportinfo_getReportInfoMonthList.nzy?depttype=1',NULL,'','','','015.PNG','1','N'),
  (394,'NZY_SUBWAY_STATISTICS','NJ_NZY_UNIONSHOPJMZD','加盟销售记录统计','加盟店','../statistics/everyDayJxc_getSaleEveryMouth.nzy',NULL,'','','','018.png','1','N'),
  (395,'NZY_SUBWAY_STATISTICS','NJ_NZY_UNIONSHOPJMZB','加盟部销售记录统计','加盟部','../statistics/everyDayJxc_getSaleEveryMouth.nzy?isMethod=JMZB',NULL,'','','','018.png','1','N'),
  (396,'NZY_SUBWAY_STATISTICS','NJ_NZY_STORESMANAGERMD','门店销售记录统计','门店','../statistics/everyDayJxc_getSaleEveryMouth.nzy',NULL,'','','','018.png','1','N'),
  (397,'NZY_SUBWAY_STATISTICS','NJ_NZY_TGGL_TEAMSTOCK','团购销售开票情况','','../statistics/everyDayJxc_getSaleRecordOfTeamList.nzy',NULL,'','','','015.PNG','1','N'),
  (398,'NZY_SUBWAY_STATISTICS','NJ_NZY_CGGL_PURCHASESTOC','采购开票情况','','../statistics/everyDayJxc_getBuyorderinfoList.nzy',NULL,'','','','026.PNG','1','N'),
  (399,'NZY_SUBWAY_STATISTICS','NJ_NZY_UNIONSHOP_UNIONST','加盟销售开票情况','','../statistics/everyDayJxc_getUnionStaticinfoList.nzy',NULL,'','','','025.png','1','N'),
  (400,'NZY_SUBWAY_STATISTICS','NJ_NZY_TGGL_MONTH','团购每月汇总','','../reportinfo/reportinfo_getReportInfoMonthList.nzy?depttype=2',NULL,'','','','026.png','1','N'),
  (401,'','NZY_SUBWAY_STATISTICS','查询统计','查询统计','../menu/menuInfo_gotoNavigation.nzy?parentName=NZY_SUBWAY_STATISTICS',NULL,'','','','041.png','1','Y'),
  (402,'NZY_SUBWAY_STATISTICS','NJ_NZY_TGGL_MONTH','门店团购月报表查询',NULL,'../reportinfo/reportinfo_getReportInfoMonthList.nzy?depttype=3',NULL,NULL,NULL,NULL,'026.png','1','N');

COMMIT;

#
# Data for the `sa_post` table  (LIMIT 0,500)
#

INSERT INTO `sa_post` (`postID`, `postName`, `postDesc`, `postParentID`, `maxNum`, `roleID`, `col1`, `col2`, `col3`, `url`, `isExistChild`, `image`, `departID`, `isType`) VALUES 
  (1,'项目经理','项目主管',NULL,1,NULL,NULL,NULL,NULL,NULL,'Y','001.gif',232,1),
  (12,'项目主管','项目主管项目主管项目主管项目主管','1',1,NULL,NULL,NULL,NULL,NULL,'N','001.gif',232,1),
  (27,'门店总店长','管理下属门店','0',1,NULL,NULL,NULL,NULL,NULL,'N','001.gif',269,1),
  (28,'一部收银员','一部门店收银员','0',1,NULL,NULL,NULL,NULL,NULL,'N','001.gif',270,1),
  (29,'二部收银员','二部门店收银员','0',1,NULL,NULL,NULL,NULL,NULL,'N','001.gif',271,1),
  (30,'加盟部经理',NULL,'0',1,NULL,NULL,NULL,NULL,NULL,'N','001.gif',266,1),
  (31,'加盟总店经理',NULL,'0',NULL,NULL,NULL,NULL,NULL,NULL,'N','001.gif',267,1),
  (32,'加盟店1收银员',NULL,'0',NULL,NULL,NULL,NULL,NULL,NULL,'N','001.gif',268,1),
  (33,'加盟店2收银员',NULL,'0',NULL,NULL,NULL,NULL,NULL,NULL,'N','001.gif',272,1),
  (34,'仓管',NULL,'0',NULL,NULL,NULL,NULL,NULL,NULL,'N','001.gif',274,1),
  (35,'采购部经理','采购部管理','0',NULL,NULL,NULL,NULL,NULL,NULL,'N','001.gif',275,1),
  (36,'团购部经理','sdfsdf','0',NULL,NULL,NULL,NULL,NULL,NULL,'N','001.gif',276,1),
  (37,'配送员',NULL,'0',NULL,NULL,NULL,NULL,NULL,NULL,'N','001.gif',274,1),
  (41,'仓库主管',NULL,'0',2,NULL,NULL,NULL,NULL,NULL,'N','001.gif',280,1),
  (42,'团购部主管',NULL,'0',1,NULL,NULL,NULL,NULL,NULL,'N','001.gif',281,1),
  (43,'门店团购主管',NULL,'0',1,NULL,NULL,NULL,NULL,NULL,'N','001.gif',284,1),
  (44,'加盟部主管','1','0',NULL,NULL,NULL,NULL,NULL,NULL,'N','001.gif',285,1),
  (47,'配送员',NULL,'0',NULL,NULL,NULL,NULL,NULL,NULL,'N','001.gif',280,1),
  (50,'采购部主管',NULL,'0',NULL,NULL,NULL,NULL,NULL,NULL,'N','001.gif',293,1),
  (51,'加盟总店主管',NULL,'0',NULL,NULL,NULL,NULL,NULL,NULL,'N','001.gif',294,1),
  (52,'收银员',NULL,'0',NULL,NULL,NULL,NULL,NULL,NULL,'N','001.gif',295,1),
  (53,'收银员',NULL,'0',NULL,NULL,NULL,NULL,NULL,NULL,'N','001.gif',296,1),
  (54,'会计',NULL,'0',NULL,NULL,NULL,NULL,NULL,NULL,'N','001.gif',297,1),
  (55,'行政部主管',NULL,'0',NULL,NULL,NULL,NULL,NULL,NULL,'N','001.gif',298,1),
  (56,'门店主管',NULL,'0',NULL,NULL,NULL,NULL,NULL,NULL,'N','001.gif',299,1),
  (57,'收银员',NULL,'0',NULL,NULL,NULL,NULL,NULL,NULL,'N','001.gif',300,1),
  (58,'总经理',NULL,'0',NULL,NULL,NULL,NULL,NULL,NULL,'N','001.gif',301,1),
  (59,'账务统计',NULL,'0',NULL,NULL,NULL,NULL,NULL,NULL,'N','001.gif',281,1),
  (60,'业务',NULL,'0',NULL,NULL,NULL,NULL,NULL,NULL,'N','001.gif',281,1),
  (61,'账务统计',NULL,'0',NULL,NULL,NULL,NULL,NULL,NULL,'N','001.gif',299,1),
  (62,'打单',NULL,'0',NULL,NULL,NULL,NULL,NULL,NULL,'N','001.gif',280,1),
  (63,'账务统计',NULL,'0',NULL,NULL,NULL,NULL,NULL,NULL,'N','001.gif',293,1),
  (64,'账务统计',NULL,'0',NULL,NULL,NULL,NULL,NULL,NULL,'N','001.gif',285,1),
  (65,'分管',NULL,'0',NULL,NULL,NULL,NULL,NULL,NULL,'N','001.gif',294,1),
  (66,'主管',NULL,'0',NULL,NULL,NULL,NULL,NULL,NULL,'N','001.gif',302,1),
  (67,'收银员',NULL,'0',NULL,NULL,NULL,NULL,NULL,NULL,'N','001.gif',304,1),
  (68,'收银员',NULL,'0',NULL,NULL,NULL,NULL,NULL,NULL,'N','001.gif',305,1),
  (69,'收银员',NULL,'0',NULL,NULL,NULL,NULL,NULL,NULL,'N','001.gif',306,1),
  (70,'收银员',NULL,'0',NULL,NULL,NULL,NULL,NULL,NULL,'N','001.gif',307,1),
  (71,'收银员',NULL,'0',NULL,NULL,NULL,NULL,NULL,NULL,'N','001.gif',308,1),
  (72,'收银员',NULL,'0',NULL,NULL,NULL,NULL,NULL,NULL,'N','001.gif',309,1),
  (73,'收银员',NULL,'0',NULL,NULL,NULL,NULL,NULL,NULL,'N','001.gif',310,1),
  (74,'收银员',NULL,'0',NULL,NULL,NULL,NULL,NULL,NULL,'N','001.gif',311,1),
  (75,'收银员',NULL,'0',NULL,NULL,NULL,NULL,NULL,NULL,'N','001.gif',312,1),
  (76,'收银员',NULL,'0',NULL,NULL,NULL,NULL,NULL,NULL,'N','001.gif',313,1),
  (77,'收银员',NULL,'0',NULL,NULL,NULL,NULL,NULL,NULL,'N','001.gif',314,1),
  (78,'收银员',NULL,'0',NULL,NULL,NULL,NULL,NULL,NULL,'N','001.gif',303,1),
  (79,'收银员',NULL,'0',NULL,NULL,NULL,NULL,NULL,NULL,'N','001.gif',315,1),
  (80,'收银员',NULL,'0',NULL,NULL,NULL,NULL,NULL,NULL,'N','001.gif',316,1);

COMMIT;

#
# Data for the `sa_roleright` table  (LIMIT 0,500)
#

INSERT INTO `sa_roleright` (`roleRightId`, `nodeID`, `roleID`) VALUES 
  (18,1,30),
  (19,64,30),
  (20,66,30),
  (32,1,34),
  (33,64,34),
  (34,65,34),
  (35,66,34),
  (36,67,34),
  (37,96,34),
  (38,71,34),
  (39,72,34),
  (40,73,34),
  (47,1,39),
  (48,65,39),
  (49,66,39),
  (50,1,46),
  (51,64,46),
  (52,65,46),
  (53,66,46),
  (54,67,46),
  (55,96,46),
  (56,71,46),
  (57,72,46),
  (58,73,46),
  (59,74,46),
  (60,77,46),
  (61,78,46),
  (62,79,46),
  (63,80,46),
  (64,81,46),
  (65,82,46),
  (66,85,46),
  (67,88,46),
  (68,89,46),
  (69,90,46),
  (70,91,46),
  (82,1,50),
  (83,66,50),
  (91,104,52),
  (92,105,52),
  (93,106,52),
  (94,108,52),
  (95,109,52),
  (96,110,52),
  (97,112,52),
  (98,1,47),
  (99,65,47),
  (100,66,47),
  (101,67,47),
  (102,100,47),
  (103,104,47),
  (104,105,47),
  (105,106,47),
  (115,107,51),
  (116,102,51),
  (117,103,51),
  (118,1,49),
  (119,64,49),
  (120,65,49),
  (121,66,49),
  (122,67,49),
  (123,100,49),
  (124,113,49),
  (125,104,49),
  (126,105,49),
  (127,107,49),
  (128,102,49),
  (129,104,48),
  (130,105,48),
  (131,107,48),
  (132,102,48),
  (171,121,5),
  (172,123,5),
  (173,126,5),
  (174,127,5),
  (612,1,7),
  (613,64,7),
  (614,65,7),
  (615,66,7),
  (616,67,7),
  (617,100,7),
  (618,159,7),
  (619,160,7),
  (620,165,7),
  (621,166,7),
  (622,168,7),
  (623,169,7),
  (816,1,1),
  (817,64,1),
  (818,67,1),
  (819,164,1),
  (820,253,1),
  (821,66,1),
  (822,256,1),
  (1921,264,3),
  (1922,265,3),
  (1923,266,3),
  (2016,264,19),
  (2017,265,19),
  (2018,266,19),
  (2019,371,19),
  (2020,372,19),
  (2021,373,19),
  (2022,374,19),
  (2023,378,19),
  (2024,379,19),
  (2033,264,9),
  (2034,265,9),
  (2035,266,9),
  (2036,331,9),
  (2037,300,9),
  (2038,301,9),
  (2039,302,9),
  (2040,303,9),
  (2041,333,9),
  (2042,351,9),
  (2043,361,9),
  (2044,388,9),
  (2045,401,9),
  (2046,391,9),
  (2047,397,9),
  (2048,400,9),
  (2076,264,10),
  (2077,265,10),
  (2078,266,10),
  (2079,339,10),
  (2080,340,10),
  (2081,341,10),
  (2082,343,10),
  (2083,346,10),
  (2084,350,10),
  (2085,353,10),
  (2086,360,10),
  (2087,380,10),
  (2088,386,10),
  (2089,387,10),
  (2090,401,10),
  (2091,381,10),
  (2139,264,6),
  (2140,265,6),
  (2141,266,6),
  (2142,330,6),
  (2143,336,6),
  (2144,337,6),
  (2145,347,6),
  (2146,348,6),
  (2147,349,6),
  (2148,356,6),
  (2149,334,6),
  (2150,335,6),
  (2151,401,6),
  (2152,389,6),
  (2153,392,6),
  (2154,396,6),
  (2155,264,15),
  (2156,265,15),
  (2157,266,15),
  (2158,358,15),
  (2159,359,15),
  (2160,401,15),
  (2161,382,15),
  (2162,383,15),
  (2163,392,15),
  (2164,393,15),
  (2165,400,15),
  (2166,402,15),
  (2220,264,25),
  (2221,265,25),
  (2222,266,25),
  (2223,331,25),
  (2224,300,25),
  (2225,301,25),
  (2226,302,25),
  (2227,333,25),
  (2228,351,25),
  (2229,361,25),
  (2230,388,25),
  (2231,264,24),
  (2232,265,24),
  (2233,266,24),
  (2234,303,24),
  (2235,401,24),
  (2236,391,24),
  (2237,397,24),
  (2238,400,24),
  (2242,264,26),
  (2243,265,26),
  (2244,266,26),
  (2245,330,26),
  (2246,337,26),
  (2247,356,26),
  (2248,389,26),
  (2249,392,26),
  (2250,396,26),
  (2251,264,27),
  (2252,265,27),
  (2253,266,27),
  (2254,264,28),
  (2255,265,28),
  (2256,266,28),
  (2268,264,20),
  (2269,265,20),
  (2270,266,20),
  (2271,322,20),
  (2272,325,20),
  (2273,326,20),
  (2274,327,20),
  (2275,342,20),
  (2276,345,20),
  (2277,355,20),
  (2278,401,20),
  (2279,382,20),
  (2280,390,20),
  (2281,393,20),
  (2282,394,20),
  (2295,264,23),
  (2296,265,23),
  (2297,266,23),
  (2298,322,23),
  (2299,367,23),
  (2300,368,23),
  (2301,401,23),
  (2302,382,23),
  (2303,390,23),
  (2304,393,23),
  (2305,394,23),
  (2306,399,23),
  (2307,264,22),
  (2308,265,22),
  (2309,266,22),
  (2310,297,22),
  (2311,376,22),
  (2312,377,22),
  (2313,401,22),
  (2314,398,22),
  (2315,264,11),
  (2316,265,11),
  (2317,266,11),
  (2318,284,11),
  (2319,297,11),
  (2320,290,11),
  (2321,298,11),
  (2322,375,11),
  (2323,376,11),
  (2324,377,11),
  (2325,334,11),
  (2326,335,11),
  (2327,401,11),
  (2328,398,11),
  (2329,264,4),
  (2330,265,4),
  (2331,266,4),
  (2332,322,4),
  (2333,325,4),
  (2334,326,4),
  (2335,327,4),
  (2336,342,4),
  (2337,345,4),
  (2338,355,4),
  (2339,401,4),
  (2340,382,4),
  (2341,390,4),
  (2342,393,4),
  (2343,394,4),
  (2351,264,12),
  (2352,265,12),
  (2353,266,12),
  (2354,331,12),
  (2355,300,12),
  (2356,301,12),
  (2357,302,12),
  (2358,303,12),
  (2359,333,12),
  (2360,351,12),
  (2361,361,12),
  (2362,388,12),
  (2363,401,12),
  (2364,391,12),
  (2365,397,12),
  (2366,400,12),
  (2367,264,8),
  (2368,265,8),
  (2369,266,8),
  (2370,322,8),
  (2371,357,8),
  (2372,367,8),
  (2373,368,8),
  (2374,334,8),
  (2375,335,8),
  (2376,401,8),
  (2377,390,8),
  (2378,393,8),
  (2379,395,8);

COMMIT;

#
# Data for the `sa_sysuserrolelink` table  (LIMIT 0,500)
#

INSERT INTO `sa_sysuserrolelink` (`id`, `userId`, `roleId`, `userdepId`, `postId`) VALUES 
  (82,27,0,284,43),
  (83,27,0,284,43),
  (85,26,0,281,42),
  (86,26,0,281,42),
  (87,26,0,281,42),
  (88,26,0,281,42),
  (89,26,0,281,42),
  (90,26,0,281,42),
  (91,26,0,281,42),
  (92,26,0,281,42),
  (93,26,0,281,42),
  (94,26,0,281,42),
  (95,27,0,284,43),
  (98,26,0,281,42),
  (101,26,0,281,42),
  (102,27,0,284,43),
  (127,25,1,280,41),
  (147,27,12,284,43),
  (149,37,3,300,57),
  (152,53,4,294,51),
  (153,55,21,294,65),
  (154,54,21,294,65),
  (155,51,11,293,50),
  (156,52,22,293,63),
  (158,41,9,281,42),
  (159,42,24,281,59),
  (160,44,25,281,60),
  (161,43,25,281,60),
  (163,45,6,299,56),
  (164,47,26,299,61),
  (165,57,15,297,54),
  (166,40,19,298,55),
  (167,48,10,280,41),
  (168,49,27,280,47),
  (169,50,28,280,62),
  (170,56,20,302,66),
  (171,59,23,285,64),
  (172,58,8,285,44),
  (173,46,12,284,43);

COMMIT;

#
# Data for the `sa_userinfo` table  (LIMIT 0,500)
#

INSERT INTO `sa_userinfo` (`userID`, `userName`, `passWord`, `address`, `roleID`, `userState`, `departID`, `isDelete`, `userImage`, `status`, `realName`, `phone`, `card`, `sex`, `ismarried`, `isAdmin`, `nation`, `origo`, `pic`, `mobile`, `ortherTel`, `intime`, `outTime`, `contractTime`, `remark`, `postID`) VALUES 
  (1,'admin','123456','admin',NULL,0,220,0,'20120228110049.jpg',NULL,'系统管理员',NULL,NULL,NULL,NULL,0,NULL,NULL,NULL,NULL,NULL,NULL,NULL,NULL,NULL,NULL),
  (25,'hmx','123456','34535345','',1,280,1,'moren.jpg',1,'胡满星','23423','324532432','男','1',1,'','',NULL,'234324','234324','','','','','41'),
  (26,'sqj','123456','111','',1,281,1,'moren.jpg',1,'宋青军','111','11111','男','1',1,'','',NULL,'11','11','','','','','42'),
  (27,'songqingjun','123456','1111','12,',1,284,1,'moren.jpg',1,'宋青军','111','1111','男','1',1,'','江苏',NULL,'111','111','','','','','43'),
  (29,'x.xie','123456','QQ','',1,285,1,'moren.jpg',1,'谢鑫','2','QQ','男','1',1,'','',NULL,'2','2','','','','','44'),
  (30,'小五','123456','对方的事发生',NULL,1,280,1,'moren.jpg',1,'王小五','1231313','2233131333','男','1',1,'','',NULL,'','','','','','','47'),
  (33,'humanxing','123456','撒大师','',1,293,1,'moren.jpg',1,'胡满星','45646','21345646','男','1',1,'','',NULL,'45646','','','','','','50'),
  (34,'jmzd','123456','加盟总店','',1,294,1,'moren.jpg',1,'1','1','1','男','1',1,'1','',NULL,'1','1','','','','','51'),
  (35,'songqj','123456','234234234234','',1,297,1,'moren.jpg',1,'宋青军','234234234','4234234234','男','1',1,'汉族','',NULL,'234234234','234234232342','','','','','54'),
  (36,'song','123456','江苏','',1,298,1,'moren.jpg',1,'宋清军','123456789','321324198902150411','男','2',1,'汉族','江苏泗洪','/upload_user_pic/1336785730187.jpg','','','','','','','55'),
  (37,'hhg','123456','34343','3,',0,300,0,'moren.jpg',1,'hhg','3232323','333333333333','男','1',1,'','',NULL,'','','','','','','57'),
  (38,'xiexin','123456','33333','',1,299,1,'moren.jpg',1,'xx','232','232222','男','1',1,'','',NULL,'','','','','','','56'),
  (39,'zhoudongming','123456','1',NULL,0,301,0,'moren.jpg',1,'周东鸣','1','1','男','1',1,'','',NULL,'1','','','','','','58'),
  (40,'fangyan','123456','1','19,',0,298,0,'moren.jpg',1,'方燕','1','1','女','1',1,'','',NULL,'1','','','','','','55'),
  (41,'wanghong','123456','a','9,',0,281,0,'moren.jpg',1,'王虹','1','1','女','1',1,'','',NULL,'1','','','','','','42'),
  (42,'zhucaiyun','123456','a','24,',0,281,0,'moren.jpg',1,'朱彩云','1','1','女','1',1,'','',NULL,'1','','','','','','59'),
  (43,'zhuzhenhuan','123456','a','25,',0,281,0,'moren.jpg',1,'朱震寰','1','1','男','1',1,'','',NULL,'1','','','','','','60'),
  (44,'songke','123456','a','25,',0,281,0,'moren.jpg',1,'宋科','1','1','男','1',1,'','',NULL,'1','','','','','','60'),
  (45,'huangxiaojie','123456','a','6,',0,299,0,'moren.jpg',1,'黄晓婕','1','1','女','1',1,'','',NULL,'1','','','','','','56'),
  (46,'dingjie','123456','a','12,',0,284,0,'moren.jpg',1,'丁洁','1','1','女','1',1,'','',NULL,'1','','','','','','43'),
  (47,'liwanlu','123456','a','26,',0,299,0,'moren.jpg',1,'李婉露','1','1','男','1',1,'','',NULL,'1','','','','','','61'),
  (48,'hushuangshuang','123456','a','10,',0,280,0,'moren.jpg',1,'胡双双','1','1','男','1',1,'','',NULL,'1','','','','','','41'),
  (49,'shaojinhan','940127','a','27,',0,280,0,'moren.jpg',1,'邵晋涵','1','1','男','1',1,'','',NULL,'1','','','','','','47'),
  (50,'zhangdongqi','123456','a','28,',0,280,0,'moren.jpg',1,'张冬奇','1','1','男','1',1,'','',NULL,'1','','','','','','62'),
  (51,'kongdewen','123456','a','11,',0,293,0,'moren.jpg',1,'孔德文','1','1','男','1',1,'','',NULL,'1','','','','','','50'),
  (52,'kejialing','123456','a','22,',0,293,0,'moren.jpg',1,'柯家玲','1','1','女','1',1,'','',NULL,'1','','','','','','63'),
  (53,'zhangrongjin','123456','a','4,',0,294,0,'moren.jpg',1,'张荣金','1','1','男','1',1,'','',NULL,'1','','','','','','51'),
  (54,'meijinglei','123456','a','21,',0,294,0,'moren.jpg',1,'梅晶蕾','1','1','男','1',1,'','',NULL,'1','','','','','','65'),
  (55,'wangyang','123456','a','21,',0,294,0,'moren.jpg',1,'王洋','1','1','男','1',1,'','',NULL,'1','','','','','','65'),
  (56,'liuchen','123456','a','20,',0,302,0,'moren.jpg',1,'刘臣','1','1','男','1',1,'','',NULL,'1','','','','','','66'),
  (57,'heping','123456','a','15,',0,297,0,'moren.jpg',1,'何平','1','1','男','1',1,'','',NULL,'1','','','','','','54'),
  (58,'kongdw','123456','a','8,',0,285,0,'moren.jpg',1,'孔德文','1','1','男','1',1,'','',NULL,'1','','','','','','44'),
  (59,'kejl','123456','a','23,',0,285,0,'moren.jpg',1,'柯家玲','1','1','男','1',1,'','',NULL,'1','','','','','','64'),
  (60,'xiaowang','123456','',NULL,0,303,0,'moren.jpg',1,'xiaowang','','','女','2',1,'','',NULL,'','','','','','','78');

COMMIT;

#
# Data for the `salesinfo` table  (LIMIT 0,500)
#

INSERT INTO `salesinfo` (`salesnotecode`, `returnmoney`, `paymoney`, `chargemoney`, `discountmoney`, `totalmoney`, `salesnum`, `deptno`, `salestime`) VALUES 
  ('11111111',1111111,11111,111,111,1,111111,295,'2012-06-13');

COMMIT;

#
# Data for the `salesinfodetail` table  (LIMIT 0,500)
#

INSERT INTO `salesinfodetail` (`sidid`, `salesnotecode`, `goodscode`, `goodsname`, `price`, `salesnum`, `discount`, `money`, `salestime`) VALUES 
  (11111111,'11111111','1111111','1111111111',1111,111111,1,11,'11:00:00');

COMMIT;

#
# Data for the `serialnumber` table  (LIMIT 0,500)
#

INSERT INTO `serialnumber` (`id`, `serialname`, `maxid`) VALUES 
  (172,'BH20120513',30),
  (173,'BH20120513',30),
  (174,'XS20120513',33),
  (175,'CG20120513',5),
  (176,'CK-20120513',42),
  (177,'TH20120513',15),
  (178,'TH20120513',15),
  (179,'RK-20120513',12),
  (180,'LH20120513',1),
  (181,'KP20120513',1),
  (182,'CK20120513',13),
  (183,'CG20120514',26),
  (184,'TH20120514',20),
  (185,'TH20120514',20),
  (186,'XS20120514',7),
  (187,'BH20120514',52),
  (188,'CK20120514',36),
  (189,'RK20120514',9),
  (190,'KP20120514',6),
  (191,'TH20120512',1),
  (192,'LH20120514',13),
  (193,'SY20120512',2),
  (194,'SY20120514',2),
  (195,'CG20120515',31),
  (196,'LH20120515',1),
  (197,'BH20120515',26),
  (198,'CK20120515',11),
  (199,'TH20120515',13),
  (200,'TH20120515',13),
  (201,'LY20120515',6),
  (202,'RK20120515',9),
  (203,'XS20120515',5),
  (204,'TH20120516',34),
  (205,'BH20120516',21),
  (206,'BH20120516',21),
  (207,'CK20120516',20),
  (208,'XS20120516',5),
  (209,'LY20120516',10),
  (210,'RK20120516',11),
  (211,'CK20120517',32),
  (212,'LY20120517',1),
  (213,'BH20120517',8),
  (214,'TH20120517',6),
  (215,'RK20120517',34),
  (216,'XS20120517',6),
  (217,'CG20120517',36),
  (218,'RK20120518',15),
  (219,'CK20120518',5),
  (220,'CG20120518',2),
  (221,'XS20120518',1),
  (222,'BH20120518',1),
  (223,'TH20120518',3),
  (224,'RK20120519',9),
  (225,'LY20120519',7),
  (226,'BH20120519',8),
  (227,'CK20120519',32),
  (228,'KP20120519',2),
  (229,'XS20120519',2),
  (230,'TH20120519',1),
  (231,'XS20120520',12),
  (232,'BH20120520',14),
  (233,'RK20120520',28),
  (234,'TH20120520',1),
  (235,'CG20120520',5),
  (236,'CK20120520',2),
  (237,'BH20120521',12),
  (238,'CG20120521',1),
  (239,'CK20120521',6),
  (240,'LY20120521',7),
  (241,'TH20120521',4),
  (242,'TH20120521',4),
  (243,'XS20120521',11),
  (244,'RK20120521',3),
  (245,'XS20120522',5),
  (246,'BH20120522',92),
  (247,'TH20120522',2),
  (248,'TH20120522',2),
  (249,'CK20120522',3),
  (250,'CK20120525',29),
  (251,'BH20120523',26),
  (252,'XS20120523',2),
  (253,'BH20120524',39),
  (254,'XS20120524',32),
  (255,'CK20120524',14),
  (256,'CG20120524',1),
  (257,'TH20120524',2),
  (258,'KP20120524',1),
  (259,'LY20120525',23),
  (260,'SY20120523',3),
  (261,'BH20120525',58),
  (262,'XS20120525',14),
  (263,'TH20120525',10),
  (264,'RK20120525',2),
  (265,'BH20120526',73),
  (266,'CG20120526',76),
  (267,'XS20120526',23),
  (268,'LY20120526',9),
  (269,'SY20120524',2),
  (270,'CK20120526',50),
  (271,'TH20120526',67),
  (272,'TH20120526',67),
  (273,'KP20120526',2),
  (274,'RK20120526',7),
  (275,'SY20120526',64),
  (276,'CG20120527',43),
  (277,'BH20120528',133),
  (278,'BH20120528',133),
  (279,'CG20120528',120),
  (280,'XS20120528',30),
  (281,'TH20120528',44),
  (282,'TH20120528',44),
  (283,'CK20120528',10),
  (284,'LY20120528',12),
  (285,'SY20120528',22),
  (286,'RK20120528',1),
  (287,'KP20120528',2),
  (288,'BH20120529',70),
  (289,'CG20120529',129),
  (290,'XS20120529',54),
  (291,'TH20120529',41),
  (292,'TH20120529',41),
  (293,'LY20120529',14),
  (294,'SY20120529',19),
  (295,'SY20120530',71),
  (296,'XS20120530',15),
  (297,'LY20120530',10),
  (298,'BH20120530',34),
  (299,'BH20120530',34),
  (300,'CG20120530',45),
  (301,'CK20120530',35),
  (302,'TH20120530',15),
  (303,'RK20120530',8),
  (304,'KP20120530',11),
  (305,'SY20120531',4),
  (306,'XS20120531',1),
  (307,'BH20120531',1),
  (308,'BH20120601',4),
  (309,'TH20120601',2),
  (310,'BH20120602',3),
  (311,'BH20120606',1),
  (312,'BH20120607',1),
  (313,'BH20120608',6),
  (314,'CK20120609',7),
  (315,'TH20120609',11),
  (316,'TH20120609',11),
  (317,'RK20120609',4),
  (318,'BH20120609',7),
  (319,'LY20120611',2),
  (320,'BH20120611',3),
  (321,'CK20120611',7),
  (322,'XS20120611',4),
  (323,'BH20120612',1),
  (324,'CK20120612',2),
  (325,'KP20120612',1),
  (326,'XS20120612',1),
  (327,'BH20120613',2),
  (328,'TH20120613',1),
  (329,'TH20120613',1),
  (330,'BH20120614',8),
  (331,'BH20120614',8),
  (332,'CK20120614',2);

COMMIT;

#
# Data for the `supplynote` table  (LIMIT 0,500)
#

INSERT INTO `supplynote` (`supplynotecode`, `deptcode`, `indate`, `makeman`, `departid`, `makeunit`, `unitclass`, `issubmit`, `isdowith`, `isagreed`, `submitdate`, `isoccupy`, `salerecid`, `isSign`, `checkindate`, `ismakeinvoice`, `ispayment`, `lingyongid`) VALUES 
  ('BH201206080004',303,'2012-06-08','xiaowang',NULL,'鼓楼地铁店','303',1,0,0,'2012-06-08',0,NULL,'0',NULL,'0','0',NULL),
  ('BH201206080005',303,'2012-06-08','liuchen',NULL,'鼓楼地铁店','1',1,1,1,'2012-06-08',1,NULL,'0',NULL,'0','0',NULL),
  ('BH201206080006',303,'2012-06-08','liuchen',NULL,'鼓楼地铁店','1',1,1,1,'2012-06-08',1,NULL,'1','2012-06-09','0','1',NULL),
  ('BH201206090001',315,'2012-06-09','liuchen',NULL,'上海路地铁店','1',1,1,1,'2012-06-09',0,NULL,'1','2012-06-09','0','0',NULL),
  ('BH201206090002',316,'2012-06-09','liuchen',NULL,'玄武门地铁店','1',1,1,1,'2012-06-09',0,NULL,'1','2012-06-09','1','1',NULL),
  ('BH201206090004',305,'2012-06-09','huangxiaojie',NULL,'三山街店','0',1,1,NULL,'2012-06-09',0,NULL,'1','2012-06-09','0','0',NULL),
  ('BH201206090005',300,'2012-06-09','huangxiaojie',NULL,'新街口一店','0',1,1,NULL,'2012-06-09',0,NULL,'1','2012-06-09','0','0',NULL),
  ('BH201206090007',307,'2012-06-09','huangxiaojie',NULL,'高铁南站店','0',1,1,NULL,'2012-06-09',0,NULL,'1','2012-06-09','0','0',NULL),
  ('BH201206110001',NULL,'2012-06-11','fangyan',298,'行政部','3',1,0,NULL,'2012-06-11',1,NULL,'0',NULL,'0','0','LY201206110002'),
  ('BH201206110003',284,'2012-06-11','dingjie',NULL,'门店团购','2',1,1,NULL,'2012-06-11',1,'XS201206110003','1',NULL,'0','0',NULL),
  ('BH201206120001',303,'2012-06-12','liuchen',NULL,'鼓楼地铁店','1',1,1,1,'2012-06-12',0,NULL,'1','2012-06-12','0','0',NULL),
  ('BH201206140004',300,'2012-06-14','huangxiaojie',NULL,'新街口一店','0',1,1,NULL,'2012-06-14',1,NULL,'1','2012-06-14','0','0',NULL),
  ('BH201206140008',315,'2012-06-14','liuchen',NULL,'上海路地铁店','1',1,1,0,'2012-06-14',1,NULL,'1','2012-06-14','0','0',NULL);

COMMIT;

#
# Data for the `supplynotedetail` table  (LIMIT 0,500)
#

INSERT INTO `supplynotedetail` (`sndid`, `supplynotecode`, `goodnum`, `goodname`, `saleprice`, `number`, `occupynum`, `allownum`) VALUES 
  (301,'BH201206080004','n00002','梦剧场徽章',5,20,20,0),
  (302,'BH201206080004','n00002','梦剧场徽章',5,20,20,0),
  (309,'BH201206080006','N00017','青春白釉杯',0,5,5,5),
  (310,'BH201206080006','N00020','五环套杯',0,5,5,5),
  (311,'BH201206080006','P00039','小标棒球帽',0,5,5,5),
  (312,'BH201206080006','P00040','炫彩大标棒球帽',0,5,5,5),
  (313,'BH201206080005','P00039','小标棒球帽',0,10,10,10),
  (314,'BH201206080005','P00040','炫彩大标棒球帽',0,20,20,20),
  (323,'BH201206090001','P00039','小标棒球帽',0,10,10,10),
  (324,'BH201206090001','P00040','炫彩大标棒球帽',0,10,10,10),
  (331,'BH201206090002','P00039','小标棒球帽',0,101,101,101),
  (332,'BH201206090002','P00040','炫彩大标棒球帽',0,101,101,101),
  (337,'BH201206090004','P00039','小标棒球帽',60,10,10,NULL),
  (338,'BH201206090004','P00040','炫彩大标棒球帽',60,10,10,NULL),
  (341,'BH201206090005','P00039','小标棒球帽',60,10,10,NULL),
  (342,'BH201206090005','P00040','炫彩大标棒球帽',60,10,10,NULL),
  (345,'BH201206090007','P00039','小标棒球帽',60,10,10,NULL),
  (346,'BH201206090007','P00040','炫彩大标棒球帽',60,10,10,NULL),
  (347,'BH201206110001','N00097','啪啪十二宫（红）',58,1,NULL,1),
  (348,'BH201206110001','N00098','啪啪十二宫（橙）',58,1,NULL,1),
  (349,'BH201206110003','P00099','南京青奥会纪念金条',23000,2,NULL,2),
  (350,'BH201206110003','P00101','青奥会银质纪念章',1150,10,NULL,10),
  (355,'BH201206120001','P00039','小标棒球帽',60,20,20,20),
  (356,'BH201206120001','P00040','炫彩大标棒球帽',60,20,20,20),
  (364,'BH201206140004','P00039','小标棒球帽',60,2,2,NULL),
  (365,'BH201206140004','P00040','炫彩大标棒球帽',60,1,1,NULL),
  (370,'BH201206140008','P00039','小标棒球帽',60,2,2,0),
  (371,'BH201206140008','P00040','炫彩大标棒球帽',60,1,1,0);

COMMIT;

#
# Data for the `teambuyerinfo` table  (LIMIT 0,500)
#

INSERT INTO `teambuyerinfo` (`custcode`, `custname`, `address`, `mobile`, `phone`, `remark`, `postcode`, `fax`, `deptcode`, `deptname`) VALUES 
  (1,'笑笑',NULL,NULL,NULL,NULL,NULL,NULL,284,'门店团购');

COMMIT;

#
# Data for the `teamsalesinfo` table  (LIMIT 0,500)
#

INSERT INTO `teamsalesinfo` (`salerecid`, `salesdate`, `custid`, `customer`, `makeman`, `status`, `workstatus`, `remark`, `isoutgoods`, `isreturngoods`, `ismakeinvoice`, `deptcode`, `deptname`, `discount`, `realityprice`, `isgiftgoods`) VALUES 
  ('XS201206110003','2012-06-11',1,'笑笑','dingjie',2,NULL,NULL,1,0,0,284,'门店团购',NULL,NULL,0);

COMMIT;

#
# Data for the `teamsalesdetail` table  (LIMIT 0,500)
#

INSERT INTO `teamsalesdetail` (`tsdid`, `salerecid`, `goodscode`, `goodsname`, `initnum`, `returnnum`, `validnum`, `saleprice`, `buyprice`, `sum`, `discount`, `totalprice`, `totalbenefit`) VALUES 
  (1,'XS201206110003','P00099','南京青奥会纪念金条',2,NULL,2,23000,NULL,NULL,NULL,NULL,NULL),
  (2,'XS201206110003','P00101','青奥会银质纪念章',10,NULL,10,1150,NULL,NULL,NULL,NULL,NULL);

COMMIT;

#
# Data for the `totalstock` table  (LIMIT 0,500)
#

INSERT INTO `totalstock` (`goodcode`, `goodname`, `number`, `money`, `locknum`, `validnum`, `lowlimit`, `recentdate`, `remark`, `beforemonthstore`, `lastmonthstore`) VALUES 
  ('P00001-1','男电子时钟文化衫',41,5740,0,41,0,'2012-06-06',NULL,41,41),
  ('P00001-2','男电子时钟文化衫',44,6160,0,44,0,'2012-06-06',NULL,44,44),
  ('P00001-3','男电子时钟文化衫',72,10080,0,72,0,'2012-06-06',NULL,72,72),
  ('P00001-4','男电子时钟文化衫',64,8960,0,64,0,'2012-06-06',NULL,64,64),
  ('P00001-5','男电子时钟文化衫',54,7560,0,54,0,'2012-06-06',NULL,54,54),
  ('P00002-1','女电子时钟文化衫',17,2210,0,17,0,'2012-06-06',NULL,17,17),
  ('P00002-2','女电子时钟文化衫',16,2080,0,16,0,'2012-06-06',NULL,16,16),
  ('P00002-3','女电子时钟文化衫',64,8320,0,64,0,'2012-06-06',NULL,64,64),
  ('P00002-4','女电子时钟文化衫',18,2340,0,18,0,'2012-06-06',NULL,18,18),
  ('P00002-5','女电子时钟文化衫',13,1690,0,13,0,'2012-06-06',NULL,13,13),
  ('P00003-1','男马赛克涂鸦文化衫',43,6450,0,43,0,'2012-06-06',NULL,43,43),
  ('P00003-2','男马赛克涂鸦文化衫',49,7350,0,49,0,'2012-06-06',NULL,49,49),
  ('P00003-3','男马赛克涂鸦文化衫',78,11700,0,78,0,'2012-06-06',NULL,78,78),
  ('P00003-4','男马赛克涂鸦文化衫',70,10500,0,70,0,'2012-06-06',NULL,70,70),
  ('P00003-5','男马赛克涂鸦文化衫',53,7950,0,53,0,'2012-06-06',NULL,53,53),
  ('P00004-1','男五色线文化衫',44,6600,0,44,0,'2012-06-06',NULL,44,44),
  ('P00004-2','男五色线文化衫',47,7050,0,47,0,'2012-06-06',NULL,47,47),
  ('P00004-3','男五色线文化衫',74,11100,0,74,0,'2012-06-06',NULL,74,74),
  ('P00004-4','男五色线文化衫',66,9900,0,66,0,'2012-06-06',NULL,66,66),
  ('P00004-5','男五色线文化衫',49,7350,0,49,0,'2012-06-06',NULL,49,49),
  ('P00005-1','女马赛克涂鸦文化衫',19,2660,0,19,0,'2012-06-06',NULL,19,19),
  ('P00005-2','女马赛克涂鸦文化衫',15,2100,0,15,0,'2012-06-06',NULL,15,15),
  ('P00005-3','女马赛克涂鸦文化衫',68,9520,0,68,0,'2012-06-06',NULL,68,68),
  ('P00005-4','女马赛克涂鸦文化衫',12,1680,0,12,0,'2012-06-06',NULL,12,12),
  ('P00005-5','女马赛克涂鸦文化衫',24,3360,0,24,0,'2012-06-06',NULL,24,24),
  ('P00006-1','女五色线文化衫',15,2100,0,15,0,'2012-06-06',NULL,15,15),
  ('P00006-2','女五色线文化衫',15,2100,0,15,0,'2012-06-06',NULL,15,15),
  ('P00006-3','女五色线文化衫',64,8960,0,64,0,'2012-06-06',NULL,64,64),
  ('P00006-4','女五色线文化衫',15,2100,0,15,0,'2012-06-06',NULL,15,15),
  ('P00006-5','女五色线文化衫',22,3080,0,22,0,'2012-06-06',NULL,22,22),
  ('P00007-1','男活力心声文化衫',36,5400,0,36,0,'2012-06-06',NULL,36,36),
  ('P00007-2','男活力心声文化衫',45,6750,0,45,0,'2012-06-06',NULL,45,45),
  ('P00007-3','男活力心声文化衫',68,10200,0,68,0,'2012-06-06',NULL,68,68),
  ('P00007-4','男活力心声文化衫',65,9750,0,65,0,'2012-06-06',NULL,65,65),
  ('P00007-5','男活力心声文化衫',47,7050,0,47,0,'2012-06-06',NULL,47,47),
  ('P00008-1','女活力心声文化衫',12,1680,0,12,0,'2012-06-06',NULL,12,12),
  ('P00008-2','女活力心声文化衫',9,1260,0,9,0,'2012-06-06',NULL,9,9),
  ('P00008-3','女活力心声文化衫',63,8820,0,63,0,'2012-06-06',NULL,63,63),
  ('P00008-4','女活力心声文化衫',11,1540,0,11,0,'2012-06-06',NULL,11,11),
  ('P00008-5','女活力心声文化衫',16,2240,0,16,0,'2012-06-06',NULL,16,16),
  ('P00009-1','男电子时钟文化衫',38,5320,0,38,0,'2012-06-06',NULL,38,38),
  ('P00009-2','男电子时钟文化衫',43,6020,0,43,0,'2012-06-06',NULL,43,43),
  ('P00009-3','男电子时钟文化衫',70,9800,0,70,0,'2012-06-06',NULL,70,70),
  ('P00009-4','男电子时钟文化衫',59,8260,0,59,0,'2012-06-06',NULL,59,59),
  ('P00009-5','男电子时钟文化衫',46,6440,0,46,0,'2012-06-06',NULL,46,46),
  ('P00010-1','男五色线文化衫',39,5850,0,39,0,'2012-06-06',NULL,39,39),
  ('P00010-2','男五色线文化衫',40,6000,0,40,0,'2012-06-06',NULL,40,40),
  ('P00010-3','男五色线文化衫',67,10050,0,67,0,'2012-06-06',NULL,67,67),
  ('P00010-4','男五色线文化衫',52,7800,0,52,0,'2012-06-06',NULL,52,52),
  ('P00010-5','男五色线文化衫',42,6300,0,42,0,'2012-06-06',NULL,42,42),
  ('P00011-1','女电子时钟文化衫',11,1430,0,11,0,'2012-06-06',NULL,11,11),
  ('P00011-2','女电子时钟文化衫',11,1430,0,11,0,'2012-06-06',NULL,11,11),
  ('P00011-3','女电子时钟文化衫',61,7930,0,61,0,'2012-06-06',NULL,61,61),
  ('P00011-4','女电子时钟文化衫',7,910,0,7,0,'2012-06-06',NULL,7,7),
  ('P00011-5','女电子时钟文化衫',21,2730,0,21,0,'2012-06-06',NULL,21,21),
  ('P00012-1','女五色线文化衫',8,1120,0,8,0,'2012-06-06',NULL,8,8),
  ('P00012-2','女五色线文化衫',10,1400,0,10,0,'2012-06-06',NULL,10,10),
  ('P00012-3','女五色线文化衫',61,8540,0,61,0,'2012-06-06',NULL,61,61),
  ('P00012-4','女五色线文化衫',5,700,0,5,0,'2012-06-06',NULL,5,5),
  ('P00012-5','女五色线文化衫',11,1540,0,11,0,'2012-06-06',NULL,11,11),
  ('P00013-1','男活力心声文化衫',43,6450,0,43,0,'2012-06-06',NULL,43,43),
  ('P00013-2','男活力心声文化衫',45,6750,0,45,0,'2012-06-06',NULL,45,45),
  ('P00013-3','男活力心声文化衫',73,10950,0,73,0,'2012-06-06',NULL,73,73),
  ('P00013-4','男活力心声文化衫',60,9000,0,60,0,'2012-06-06',NULL,60,60),
  ('P00013-5','男活力心声文化衫',47,7050,0,47,0,'2012-06-06',NULL,47,47),
  ('P00014-1','男马赛克涂鸦文化衫',41,6150,0,41,0,'2012-06-06',NULL,41,41),
  ('P00014-2','男马赛克涂鸦文化衫',46,6900,0,46,0,'2012-06-06',NULL,46,46),
  ('P00014-3','男马赛克涂鸦文化衫',70,10500,0,70,0,'2012-06-06',NULL,70,70),
  ('P00014-4','男马赛克涂鸦文化衫',64,9600,0,64,0,'2012-06-06',NULL,64,64),
  ('P00014-5','男马赛克涂鸦文化衫',50,7500,0,50,0,'2012-06-06',NULL,50,50),
  ('P00015-1','女活力心声文化衫',12,1680,0,12,0,'2012-06-06',NULL,12,12),
  ('P00015-2','女活力心声文化衫',8,1120,0,8,0,'2012-06-06',NULL,8,8),
  ('P00015-3','女活力心声文化衫',62,8680,0,62,0,'2012-06-06',NULL,62,62),
  ('P00015-4','女活力心声文化衫',6,840,0,6,0,'2012-06-06',NULL,6,6),
  ('P00015-5','女活力心声文化衫',13,1820,0,13,0,'2012-06-06',NULL,13,13),
  ('P00016-1','女马赛克涂鸦文化衫',14,1960,0,14,0,'2012-06-06',NULL,14,14),
  ('P00016-2','女马赛克涂鸦文化衫',15,2100,0,15,0,'2012-06-06',NULL,15,15),
  ('P00016-3','女马赛克涂鸦文化衫',55,7700,0,55,0,'2012-06-06',NULL,55,55),
  ('P00016-4','女马赛克涂鸦文化衫',7,980,0,7,0,'2012-06-06',NULL,7,7),
  ('P00016-5','女马赛克涂鸦文化衫',22,3080,0,22,0,'2012-06-06',NULL,22,22),
  ('P00017-1','男插肩长袖文化衫',8,1440,0,8,0,'2012-06-06',NULL,8,8),
  ('P00017-2','男插肩长袖文化衫',12,2160,0,12,0,'2012-06-06',NULL,12,12),
  ('P00017-3','男插肩长袖文化衫',16,2880,0,16,0,'2012-06-06',NULL,16,16),
  ('P00017-4','男插肩长袖文化衫',11,1980,0,11,0,'2012-06-06',NULL,11,11),
  ('P00017-5','男插肩长袖文化衫',11,1980,0,11,0,'2012-06-06',NULL,11,11),
  ('P00018-1','男插肩短袖文化衫',28,3920,0,28,0,'2012-06-06',NULL,28,28),
  ('P00018-2','男插肩短袖文化衫',13,1820,0,13,0,'2012-06-06',NULL,13,13),
  ('P00018-3','男插肩短袖文化衫',46,6440,0,46,0,'2012-06-06',NULL,46,46),
  ('P00018-4','男插肩短袖文化衫',36,5040,0,36,0,'2012-06-06',NULL,36,36),
  ('P00018-5','男插肩短袖文化衫',24,3360,0,24,0,'2012-06-06',NULL,24,24),
  ('P00020-1','男会徽文化衫',44,6600,0,44,0,'2012-06-06',NULL,44,44),
  ('P00020-2','男会徽文化衫',52,7800,0,52,0,'2012-06-06',NULL,52,52),
  ('P00020-3','男会徽文化衫',63,9450,0,63,0,'2012-06-06',NULL,63,63),
  ('P00020-4','男会徽文化衫',57,8550,0,57,0,'2012-06-06',NULL,57,57),
  ('P00020-5','男会徽文化衫',48,7200,0,48,0,'2012-06-06',NULL,48,48),
  ('P00022-1','男活力心声长袖文化衫',7,1260,0,7,0,'2012-06-06',NULL,7,7),
  ('P00022-2','男活力心声长袖文化衫',9,1620,0,9,0,'2012-06-06',NULL,9,9),
  ('P00022-3','男活力心声长袖文化衫',16,2880,0,16,0,'2012-06-06',NULL,16,16),
  ('P00022-4','男活力心声长袖文化衫',3,540,0,3,0,'2012-06-06',NULL,3,3),
  ('P00022-5','男活力心声长袖文化衫',3,540,0,3,0,'2012-06-06',NULL,3,3),
  ('P00023-1','男活力心声短袖文化衫',45,6750,0,45,0,'2012-06-06',NULL,45,45),
  ('P00023-2','男活力心声短袖文化衫',54,8100,0,54,0,'2012-06-06',NULL,54,54),
  ('P00023-3','男活力心声短袖文化衫',80,12000,0,80,0,'2012-06-06',NULL,80,80),
  ('P00023-4','男活力心声短袖文化衫',68,10200,0,68,0,'2012-06-06',NULL,68,68),
  ('P00023-5','男活力心声短袖文化衫',44,6600,0,44,0,'2012-06-06',NULL,44,44),
  ('P00025-1','男炫彩长袖文化衫',14,2520,0,14,0,'2012-06-06',NULL,14,14),
  ('P00025-2','男炫彩长袖文化衫',15,2700,0,15,0,'2012-06-06',NULL,15,15),
  ('P00025-3','男炫彩长袖文化衫',16,2880,0,16,0,'2012-06-06',NULL,16,16),
  ('P00025-4','男炫彩长袖文化衫',13,2340,0,13,0,'2012-06-06',NULL,13,13),
  ('P00025-5','男炫彩长袖文化衫',10,1800,0,10,0,'2012-06-06',NULL,10,10),
  ('P00026-1','男炫彩短袖文化衫',42,6300,0,42,0,'2012-06-06',NULL,42,42),
  ('P00026-2','男炫彩短袖文化衫',45,6750,0,45,0,'2012-06-06',NULL,45,45),
  ('P00026-3','男炫彩短袖文化衫',74,11100,0,74,0,'2012-06-06',NULL,74,74),
  ('P00026-4','男炫彩短袖文化衫',53,7950,0,53,0,'2012-06-06',NULL,53,53),
  ('P00026-5','男炫彩短袖文化衫',46,6900,0,46,0,'2012-06-06',NULL,46,46),
  ('P00028-1','女插肩长袖文化衫',12,1920,0,12,0,'2012-06-06',NULL,12,12),
  ('P00028-2','女插肩长袖文化衫',12,1920,0,12,0,'2012-06-06',NULL,12,12),
  ('P00028-3','女插肩长袖文化衫',17,2720,0,17,0,'2012-06-06',NULL,17,17),
  ('P00028-4','女插肩长袖文化衫',13,2080,0,13,0,'2012-06-06',NULL,13,13),
  ('P00028-5','女插肩长袖文化衫',13,2080,0,13,0,'2012-06-06',NULL,13,13),
  ('P00029-1','女插肩短袖文化衫',18,2340,0,18,0,'2012-06-06',NULL,18,18),
  ('P00029-2','女插肩短袖文化衫',23,2990,0,23,0,'2012-06-06',NULL,23,23),
  ('P00029-3','女插肩短袖文化衫',72,9360,0,72,0,'2012-06-06',NULL,72,72),
  ('P00029-4','女插肩短袖文化衫',16,2080,0,16,0,'2012-06-06',NULL,16,16),
  ('P00029-5','女插肩短袖文化衫',11,1430,0,11,0,'2012-06-06',NULL,11,11),
  ('P00031-1','女会徽文化衫',8,1040,0,8,0,'2012-06-06',NULL,8,8),
  ('P00031-2','女会徽文化衫',14,1820,0,14,0,'2012-06-06',NULL,14,14),
  ('P00031-3','女会徽文化衫',63,8190,0,63,0,'2012-06-06',NULL,63,63),
  ('P00031-4','女会徽文化衫',7,910,0,7,0,'2012-06-06',NULL,7,7),
  ('P00031-5','女会徽文化衫',14,1820,0,14,0,'2012-06-06',NULL,14,14),
  ('P00033-1','女活力心声长袖文化衫',7,1120,0,7,0,'2012-06-06',NULL,7,7),
  ('P00033-2','女活力心声长袖文化衫',8,1280,0,8,0,'2012-06-06',NULL,8,8),
  ('P00033-3','女活力心声长袖文化衫',13,2080,0,13,0,'2012-06-06',NULL,13,13),
  ('P00033-4','女活力心声长袖文化衫',4,640,0,4,0,'2012-06-06',NULL,4,4),
  ('P00033-5','女活力心声长袖文化衫',8,1280,0,8,0,'2012-06-06',NULL,8,8),
  ('P00034-1','女活力心声短袖文化衫',20,2600,0,20,0,'2012-06-06',NULL,20,20),
  ('P00034-2','女活力心声短袖文化衫',21,2730,0,21,0,'2012-06-06',NULL,21,21),
  ('P00034-3','女活力心声短袖文化衫',76,9880,0,76,0,'2012-06-06',NULL,76,76),
  ('P00034-4','女活力心声短袖文化衫',16,2080,0,16,0,'2012-06-06',NULL,16,16),
  ('P00034-5','女活力心声短袖文化衫',9,1170,0,9,0,'2012-06-06',NULL,9,9),
  ('P00036-1','女炫彩长袖文化衫',7,1120,0,7,0,'2012-06-06',NULL,7,7),
  ('P00036-2','女炫彩长袖文化衫',6,960,0,6,0,'2012-06-06',NULL,6,6),
  ('P00036-3','女炫彩长袖文化衫',12,1920,0,12,0,'2012-06-06',NULL,12,12),
  ('P00036-4','女炫彩长袖文化衫',7,1120,0,7,0,'2012-06-06',NULL,7,7),
  ('P00036-5','女炫彩长袖文化衫',8,1280,0,8,0,'2012-06-06',NULL,8,8),
  ('P00037-1','女炫彩短袖文化衫',9,1260,0,9,0,'2012-06-06',NULL,9,9),
  ('P00037-2','女炫彩短袖文化衫',10,1400,0,10,0,'2012-06-06',NULL,10,10),
  ('P00037-3','女炫彩短袖文化衫',63,8820,0,63,0,'2012-06-06',NULL,63,63),
  ('P00037-4','女炫彩短袖文化衫',9,1260,0,9,0,'2012-06-06',NULL,9,9),
  ('P00037-5','女炫彩短袖文化衫',12,1680,0,12,0,'2012-06-06',NULL,12,12),
  ('P00039','小标棒球帽',347,85080,10,337,0,'2012-06-14',NULL,351,351),
  ('P00040','炫彩大标棒球帽',335,81900,20,315,0,'2012-06-14',NULL,337,337),
  ('P00041','炫彩小标棒球帽',299,17940,0,299,0,'2012-06-06',NULL,299,299),
  ('P00053-1','翻领T恤',34,5440,0,34,0,'2012-06-06',NULL,34,34),
  ('P00053-2','翻领T恤',29,4640,0,29,0,'2012-06-06',NULL,29,29),
  ('P00053-3','翻领T恤',33,5280,0,33,0,'2012-06-06',NULL,33,33),
  ('P00053-4','翻领T恤',31,4960,0,31,0,'2012-06-06',NULL,31,31),
  ('P00053-5','翻领T恤',19,3040,0,19,0,'2012-06-06',NULL,19,19),
  ('P00054','碧浪',73,50370,0,73,0,'2012-06-06',NULL,73,73),
  ('P00055','常乐杯',63,18900,0,63,0,'2012-06-06',NULL,63,63),
  ('P00056','倒把西施',45,17775,0,45,0,'2012-06-06',NULL,45,45),
  ('P00057','方圆杯',45,13500,0,45,0,'2012-06-06',NULL,45,45),
  ('P00058-1','国宝杯',114,22800,0,114,0,'2012-06-06',NULL,114,114),
  ('P00058-2','国宝杯',0,0,0,0,0,'2012-06-06',NULL,0,0),
  ('P00059','含苞茗露',14,9660,0,14,0,'2012-06-06',NULL,14,14),
  ('P00060','厚德杯',0,0,0,0,0,'2012-06-06',NULL,0,0),
  ('P00061','厚德杯Ⅱ',103,41200,0,103,0,'2012-06-06',NULL,103,103),
  ('P00060/61','厚德杯组合',1,560,0,1,0,'2012-06-06',NULL,1,1),
  ('P00062','回纹杯',23,3680,0,23,0,'2012-06-06',NULL,23,23),
  ('P00063','脸谱杯',16,6400,0,16,0,'2012-06-06',NULL,16,16),
  ('P00064','灵蝠',0,0,0,0,0,'2012-06-06',NULL,0,0),
  ('P00066','龙狮Ⅱ',35,27300,0,35,0,'2012-06-06',NULL,35,35),
  ('P00067','牡丹杯（泥绘）',0,0,0,0,0,'2012-06-06',NULL,0,0),
  ('P00068','皮革杯',8,1280,0,8,0,'2012-06-06',NULL,8,8),
  ('P00069','皮革杯Ⅱ',0,0,0,0,0,'2012-06-06',NULL,0,0),
  ('P00068/69','皮革杯组合',0,0,0,0,0,'2012-06-06',NULL,0,0),
  ('P00071','瑞兽',60,46800,0,60,0,'2012-06-06',NULL,60,60),
  ('P00072','三脚狮鼎',45,54000,0,45,0,'2012-06-06',NULL,45,45),
  ('P00073','双狮杯',0,0,0,0,0,'2012-06-06',NULL,0,0),
  ('P00076','香韵',8,4800,0,8,0,'2012-06-06',NULL,8,8),
  ('P00078','中国茶',1,160,0,1,0,'2012-06-06',NULL,1,1),
  ('P00079','竹福杯',0,0,0,0,0,'2012-06-06',NULL,0,0),
  ('P00080','竹节套杯',62,24800,0,62,0,'2012-06-06',NULL,62,62),
  ('P00082','富贵梅花办公3件套',0,0,0,0,0,'2012-06-06',NULL,0,0),
  ('P00083','富贵梅花茶具8件套',0,0,0,0,0,'2012-06-06',NULL,0,0),
  ('P00084','富贵梅花瓶',1,9800,0,1,0,'2012-06-06',NULL,1,1),
  ('P00152','陶瓷直身杯',33,1914,0,33,0,'2012-06-06',NULL,33,33),
  ('P00153','会徽直身杯A',55,3190,0,55,0,'2012-06-06',NULL,55,55),
  ('P00093-1','圆领短袖T恤2',26,3640,0,26,0,'2012-06-06',NULL,26,26),
  ('P00093-2','圆领短袖T恤2',17,2380,0,17,0,'2012-06-06',NULL,17,17),
  ('P00093-3','圆领短袖T恤2',23,3220,0,23,0,'2012-06-06',NULL,23,23),
  ('P00093-4','圆领短袖T恤2',16,2240,0,16,0,'2012-06-06',NULL,16,16),
  ('P00093-5','圆领短袖T恤2',17,2380,0,17,0,'2012-06-06',NULL,17,17),
  ('P00093-a','圆领短袖T恤2',31,4340,0,31,0,'2012-06-06',NULL,31,31),
  ('P00093-b','圆领短袖T恤2',26,3640,0,26,0,'2012-06-06',NULL,26,26),
  ('P00093-c','圆领短袖T恤2',30,4200,0,30,0,'2012-06-06',NULL,30,30),
  ('P00093-d','圆领短袖T恤2',30,4200,0,30,0,'2012-06-06',NULL,30,30),
  ('P00093-e','圆领短袖T恤2',26,3640,0,26,0,'2012-06-06',NULL,26,26),
  ('P00094-1','带帽短袖T恤',27,3510,0,27,0,'2012-06-06',NULL,27,27),
  ('P00094-2','带帽短袖T恤',27,3510,0,27,0,'2012-06-06',NULL,27,27),
  ('P00094-3','带帽短袖T恤',30,3900,0,30,0,'2012-06-06',NULL,30,30),
  ('P00094-4','带帽短袖T恤',29,3770,0,29,0,'2012-06-06',NULL,29,29),
  ('P00095-1','圆领短袖T恤3',29,3480,0,29,0,'2012-06-06',NULL,29,29),
  ('P00095-2','圆领短袖T恤3',30,3600,0,30,0,'2012-06-06',NULL,30,30),
  ('P00095-3','圆领短袖T恤3',32,3840,0,32,0,'2012-06-06',NULL,32,32),
  ('P00095-4','圆领短袖T恤3',34,4080,0,34,0,'2012-06-06',NULL,34,34),
  ('P00095-a','圆领短袖T恤3',33,3960,0,33,0,'2012-06-06',NULL,33,33),
  ('P00095-b','圆领短袖T恤3',34,4080,0,34,0,'2012-06-06',NULL,34,34),
  ('P00095-c','圆领短袖T恤3',33,3960,0,33,0,'2012-06-06',NULL,33,33),
  ('P00095-d','圆领短袖T恤3',35,4200,0,35,0,'2012-06-06',NULL,35,35),
  ('P00051','双肩背包',3,840,0,3,0,'2012-06-06',NULL,3,3),
  ('P00047','青奥篮球包（绿）',0,0,0,0,0,'2012-06-06',NULL,0,0),
  ('P00046','青奥篮球包（蓝）',0,0,0,0,0,'2012-06-06',NULL,0,0),
  ('P00139','南京风光纪念盘',1,500,0,1,0,'2012-06-06',NULL,1,1),
  ('P00148','南京盛事纪念盘',47,27636,0,47,0,'2012-06-06',NULL,47,47),
  ('P00154','青奥徽章（彩）',539,15092,0,539,0,'2012-06-06',NULL,539,539),
  ('P00052','青奥钥匙扣',487,13636,0,487,0,'2012-06-06',NULL,487,487),
  ('P00065','龙狮',0,0,0,0,0,'2012-06-06',NULL,0,0),
  ('P00044','挂带1',374,11220,0,374,0,'2012-06-06',NULL,374,374),
  ('P00042','彩色会徽金属匙扣1',576,20160,0,576,0,'2012-06-06',NULL,576,576),
  ('P00043','彩色会徽金属匙扣2',575,20125,0,575,0,'2012-06-06',NULL,575,575),
  ('P00089','彩色会徽徽章1',482,9640,0,482,0,'2012-06-06',NULL,482,482),
  ('P00090','彩色会徽徽章2',611,12220,0,611,0,'2012-06-06',NULL,611,611),
  ('P00091','会徽发布纪念徽章',605,15125,0,605,0,'2012-06-06',NULL,605,605),
  ('P00092','青少年纪念徽章1',356,7120,0,356,0,'2012-06-06',NULL,356,356),
  ('P00135','友谊钥匙扣',188,5264,0,188,0,'2012-06-06',NULL,188,188),
  ('P00081','南京美食徽章套装',0,0,0,0,0,'2012-06-06',NULL,0,0),
  ('P00141','南京特色美食钥匙扣',0,0,0,0,0,'2012-06-06',NULL,0,0),
  ('P00145','云锦纪念章系列（非套装）',0,0,0,0,0,'2012-06-06',NULL,0,0),
  ('P00155','梅兰竹菊徽章系列',0,0,0,0,0,'2012-06-06',NULL,0,0),
  ('P00085','会徽D型便携本',218,3270,0,218,0,'2012-06-06',NULL,218,218),
  ('P00086','会徽单只中性笔',0,0,0,0,0,'2012-06-06',NULL,0,0),
  ('P00103','会徽单只彩点自动铅笔+笔芯GD-07',0,0,0,0,0,'2012-06-06',NULL,0,0),
  ('P00104','会徽五只铅笔+刨笔刀',0,0,0,0,0,'2012-06-06',NULL,0,0),
  ('P00070','平安如意',11,13200,0,11,0,'2012-06-06',NULL,11,11),
  ('P00074','天龙顶珠',3,3600,0,3,0,'2012-06-06',NULL,3,3),
  ('P00075','舞动的旋律',0,0,0,0,0,'2012-06-06',NULL,0,0),
  ('P00077','小平盖',0,0,0,0,0,'2012-06-06',NULL,0,0),
  ('P00048','炫彩挎包（紫）',33,8580,0,33,0,'2012-06-06',NULL,33,33),
  ('P00049','炫彩挎包（绿）',29,7540,0,29,0,'2012-06-06',NULL,29,29),
  ('P00050','休闲双肩背包',0,0,0,0,0,'2012-06-06',NULL,0,0),
  ('P00142','雨花石饰品-繁星系列（一世情缘）',0,0,0,0,0,'2012-06-06',NULL,0,0),
  ('P00143','雨花石系列-繁星系列（繁花似锦）',0,0,0,0,0,'2012-06-06',NULL,0,0),
  ('P00144','雨花石系列-繁星系列（手链）',0,0,0,0,0,'2012-06-06',NULL,0,0),
  ('P00156','南京风景雨花石摆件',1,400,0,1,0,'2012-06-06',NULL,1,1),
  ('P00149','青奥会徽框画――白底',4,1680,0,4,0,'2012-06-06',NULL,4,4),
  ('P00150','青奥会徽框画――黑底',0,0,0,0,0,'2012-06-06',NULL,0,0),
  ('P00151','青奥会徽框画――蓝底',246,103320,0,246,0,'2012-06-06',NULL,246,246),
  ('P00045','梅花型纯银币型纪念章1',16,9280,0,16,0,'2012-06-06',NULL,16,16),
  ('P00096','南京景观纯银币型纪念章1',0,0,0,0,0,'2012-06-06',NULL,0,0),
  ('P00134','青奥成长银章',42,25200,0,42,0,'2012-06-06',NULL,42,42),
  ('P00138','欢庆银条套装',75,74250,0,75,0,'2012-06-06',NULL,75,75),
  ('P00140','南京印象银条套装',57,45144,0,57,0,'2012-06-06',NULL,57,57),
  ('P00146','南京长江大桥金卷轴',7,95760,0,7,0,'2012-06-06',NULL,7,7),
  ('P00147','南京景观纪念章',45,12060,0,45,0,'2012-06-06',NULL,45,45),
  ('P00087','南京青奥会镀金纪念条',0,0,0,0,0,'2012-06-06',NULL,0,0),
  ('P00088','南京青奥会纪念金牌',0,0,0,0,0,'2012-06-06',NULL,0,0),
  ('P00097','南京青奥会纪念银条',0,0,0,0,0,'2012-06-06',NULL,0,0),
  ('P00098','奥运新星纪念银砖',1,1840,0,1,0,'2012-06-06',NULL,1,1),
  ('P00099','南京青奥会纪念金条',0,46000,0,0,0,'2012-06-12',NULL,0,0),
  ('P00100','青奥会双枚纪念章',0,0,0,0,0,'2012-06-06',NULL,0,0),
  ('P00101','青奥会银质纪念章',25,69000,0,25,0,'2012-06-12',NULL,25,25),
  ('P00102','青奥金银福禄A款（银20g金1g）',17,19856,0,17,0,'2012-06-06',NULL,17,17),
  ('P00105','开运金钥匙30g',1,15200,0,1,0,'2012-06-06',NULL,1,1),
  ('P00106','开运银钥匙15g',25,11450,0,25,0,'2012-06-06',NULL,25,25),
  ('P00107','开运银钥匙45g',10,13280,0,10,0,'2012-06-06',NULL,10,10),
  ('P00108','青奥10克金卷轴―红梅图',19,96672,0,19,0,'2012-06-06',NULL,19,19),
  ('P00109','青奥5克金卷轴―红梅图',6,15528,0,6,0,'2012-06-06',NULL,6,6),
  ('P00110','青奥金银福禄B款（银30g金2g）',7,14700,0,7,0,'2012-06-06',NULL,7,7),
  ('P00111','青奥金银福禄C款（银50g金3g）',8,25280,0,8,0,'2012-06-06',NULL,8,8),
  ('P00112','如意100g彩印银条',3,8664,0,3,0,'2012-06-06',NULL,3,3),
  ('P00113','如意20g彩印金条',0,0,0,0,0,'2012-06-06',NULL,0,0),
  ('P00115','如意50g彩印银条',12,17856,0,12,0,'2012-06-06',NULL,12,12),
  ('P00127','如意30g金条',0,0,0,0,0,'2012-06-06',NULL,0,0),
  ('P00128','青奥会徽型1oz金砖A款',0,0,0,0,0,'2012-06-06',NULL,0,0),
  ('P00129','青奥会徽型1M2oz金砖A款',2,15600,0,2,0,'2012-06-06',NULL,2,2),
  ('P00130','青奥会徽型2oz金砖A款',1,31200,0,1,0,'2012-06-06',NULL,1,1),
  ('P00131','青奥会徽型5oz银砖A款',17,79560,0,17,0,'2012-06-06',NULL,17,17),
  ('P00132','青奥会徽型1oz银砖',10,9380,0,10,0,'2012-06-06',NULL,10,10),
  ('P00133','青奥会徽型2oz银砖',5,9330,0,5,0,'2012-06-06',NULL,5,5),
  ('P00136','金玉南京雨花石镀金水晶摆件',0,0,0,0,0,'2012-06-06',NULL,0,0),
  ('P00137','雨花石纪念章系列（非套装）',0,0,0,0,0,'2012-06-06',NULL,0,0),
  ('P00116','2014青奥彩色会徽',464,12064,0,464,0,'2012-06-06',NULL,464,464),
  ('P00117','2014青奥彩色钥匙扣',327,9156,0,327,0,'2012-06-06',NULL,327,327),
  ('P00118','爱心云锦徽章',453,11325,0,453,0,'2012-06-06',NULL,453,453),
  ('P00119','青奥你好徽章',516,13416,0,516,0,'2012-06-06',NULL,516,516),
  ('P00120','青奥小衣服徽章',357,8925,0,357,0,'2012-06-06',NULL,357,357),
  ('P00121','手拉手徽章',427,19215,0,427,0,'2012-06-06',NULL,427,427),
  ('P00122','问好系列徽章－你好',4,100,0,4,0,'2012-06-06',NULL,4,4),
  ('P00123','问好系列徽章－BONJOUR',791,19775,0,791,0,'2012-06-06',NULL,791,791),
  ('P00124','问好系列徽章－HELLO',348,8700,0,348,0,'2012-06-06',NULL,348,348),
  ('P00125','问好系列徽章－HOLA',388,9700,0,388,0,'2012-06-06',NULL,388,388),
  ('P00126','心连心徽章',325,8450,0,325,0,'2012-06-06',NULL,325,325),
  ('P00172','会徽发布纪念徽章',334,9352,0,334,0,'2012-06-06',NULL,334,334),
  ('P00173','会徽发布纪念钥匙扣',264,9240,0,264,0,'2012-06-06',NULL,264,264),
  ('P00174','玄武门纪念钥匙扣',294,9408,0,294,0,'2012-06-06',NULL,294,294),
  ('P00157','魅力南京精彩青奥三枚纪念章',22,4796,0,22,0,'2012-06-06',NULL,22,22),
  ('P00160','魅力南京精彩青奥双枚纪念章',22,2640,0,22,0,'2012-06-06',NULL,22,22),
  ('P00165','激情青奥双枚纪念银条（20克）',194,89240,0,194,0,'2012-06-06',NULL,194,194),
  ('P00239','南京青奥会倒计时1000天纪念章',72,8496,0,72,0,'2012-06-06',NULL,72,72),
  ('P00240','南京青奥会倒计时3周年纪念章',81,9558,0,81,0,'2012-06-06',NULL,81,81),
  ('P00218','人杰杯',8,1440,0,8,0,'2012-06-06',NULL,8,8),
  ('P00219','素心杯',85,22100,0,85,0,'2012-06-06',NULL,85,85),
  ('P00221','喜洋洋杯',36,6840,0,36,0,'2012-06-06',NULL,36,36),
  ('P00225','鱼水情对杯',0,0,0,0,0,'2012-06-06',NULL,0,0),
  ('P00216','龙之韵',30,26400,0,30,0,'2012-06-06',NULL,30,30),
  ('P00228','圆满',29,25520,0,29,0,'2012-06-06',NULL,29,29),
  ('P00260','情感徽章',290,8120,0,290,0,'2012-06-06',NULL,290,290),
  ('P00310','玄武门纪念徽章',395,11060,0,395,0,'2012-06-06',NULL,395,395),
  ('P00179','南京青奥心形情侣吊饰',136,4352,0,136,0,'2012-06-06',NULL,136,136),
  ('P00178','2014青奥心锁情侣吊饰',44,1584,0,44,0,'2012-06-06',NULL,44,44),
  ('P00158','魅力南京精彩青奥纪念套章',191,60738,0,191,0,'2012-06-06',NULL,191,191),
  ('P00238','秦淮风光银章28g',18,14544,0,18,0,'2012-06-06',NULL,18,18),
  ('P00233','金陵三十六景之八中华门城堡',11,5808,0,11,0,'2012-06-06',NULL,11,11),
  ('P00235','金陵三十六景之二南京大桥',0,0,0,0,0,'2012-06-06',NULL,0,0),
  ('P00236','金陵书签-金笔辉煌',12,1656,0,12,0,'2012-06-06',NULL,12,12),
  ('P00237','秦淮风光金砖10g',0,0,0,0,0,'2012-06-06',NULL,0,0),
  ('P00234','金陵春夏秋冬',0,0,0,0,0,'2012-06-06',NULL,0,0),
  ('P00209','国色天香',30,39000,0,30,0,'2012-06-06',NULL,30,30),
  ('P00212','金鱼杯',0,0,0,0,0,'2012-06-06',NULL,0,0),
  ('P00213','乐陶',36,35280,0,36,0,'2012-06-06',NULL,36,36),
  ('P00224','一团和气',0,0,0,0,0,'2012-06-06',NULL,0,0),
  ('P00270','2014青奥金色会徽钥匙扣',132,3696,0,132,0,'2012-06-06',NULL,132,132),
  ('P00271','2014青奥银色会徽钥匙扣',229,6412,0,229,0,'2012-06-06',NULL,229,229),
  ('P00261','2014青奥金色会徽徽章',161,3220,0,161,0,'2012-06-06',NULL,161,161),
  ('P00262','2014青奥银色会徽徽章',356,7120,0,356,0,'2012-06-06',NULL,356,356),
  ('P00180','2014青奥衣服LOGO双片吊饰',122,3416,0,122,0,'2012-06-06',NULL,122,122),
  ('P00181','南京奥体中心钥匙扣',230,7360,0,230,0,'2012-06-06',NULL,230,230),
  ('P00182','文字系列－分享徽章',265,6890,0,265,0,'2012-06-06',NULL,265,265),
  ('P00183','文字系列－和平徽章',265,6890,0,265,0,'2012-06-06',NULL,265,265),
  ('P00184','文字系列－健康徽章',236,6136,0,236,0,'2012-06-06',NULL,236,236),
  ('P00185','文字系列－友谊徽章',262,6812,0,262,0,'2012-06-06',NULL,262,262),
  ('P00186','我爱南京心形吊饰',102,3264,0,102,0,'2012-06-06',NULL,102,102),
  ('P00187','我爱青奥吊饰',228,6840,0,228,0,'2012-06-06',NULL,228,228),
  ('P00188','我爱青奥锁圈',332,9960,0,332,0,'2012-06-06',NULL,332,332),
  ('P00263','彩色花瓣徽章',170,4760,0,170,0,'2012-06-06',NULL,170,170),
  ('P00267','窗框梅景徽章',358,9308,0,358,0,'2012-06-06',NULL,358,358),
  ('P00268','文字系列－快乐徽章',138,3588,0,138,0,'2012-06-06',NULL,138,138),
  ('P00190','十色笔',102,1530,0,102,0,'2012-06-06',NULL,102,102),
  ('P00232','足球闪光笔',118,1770,0,118,0,'2012-06-06',NULL,118,118),
  ('P00206-2','双色轻便防风外套',10,2900,0,10,0,'2012-06-06',NULL,10,10),
  ('P00206-3','双色轻便防风外套',0,0,0,0,0,'2012-06-06',NULL,0,0),
  ('P00220','同心套壶',25,24500,0,25,0,'2012-06-06',NULL,25,25),
  ('P00259','金色经典-双层镀金徽章',277,9695,0,277,0,'2012-06-06',NULL,277,277),
  ('P00258','金色经典-对话框镀金徽章',281,8430,0,281,0,'2012-06-06',NULL,281,281),
  ('P00170','倒计时3周年纪念徽章',290,7250,0,290,0,'2012-06-06',NULL,290,290),
  ('P00167','彩色梅花纯银币型纪念章(20g)',21,8190,0,21,0,'2012-06-06',NULL,21,21),
  ('P00168','彩色梅花纯银币型纪念章(30g)',62,36580,0,62,0,'2012-06-06',NULL,62,62),
  ('P00169','南京风光镀金徽章拼图套装',100,36000,0,100,0,'2012-06-06',NULL,100,100),
  ('P00311','南京风光镀金徽章套装',64,12160,0,64,0,'2012-06-06',NULL,64,64),
  ('P00176','2014青奥会金色会徽吊饰',189,4914,0,189,0,'2012-06-06',NULL,189,189),
  ('P00177','2014青奥会银色会徽吊饰',205,5330,0,205,0,'2012-06-06',NULL,205,205),
  ('P00189','玄武门徽章',264,17952,0,264,0,'2012-06-06',NULL,264,264),
  ('P00264','紫色爱心徽章',278,6116,0,278,0,'2012-06-06',NULL,278,278),
  ('P00265','蓝色五角星徽章',225,4950,0,225,0,'2012-06-06',NULL,225,225),
  ('P00266','世界青年旋转徽章',0,0,0,0,0,'2012-06-06',NULL,0,0),
  ('P00272','2014青奥彩色心锁情侣吊饰',290,10440,0,290,0,'2012-06-06',NULL,290,290),
  ('P00273','2014青奥南京传统门钥匙扣',129,3612,0,129,0,'2012-06-06',NULL,129,129),
  ('P00192','泡泡灯光印章笔',51,765,0,51,0,'2012-06-06',NULL,51,51),
  ('P00191','两用荧光笔',115,1150,0,115,0,'2012-06-06',NULL,115,115),
  ('P00244','2枚铜镀金银套装（圆型）',8,1024,0,8,0,'2012-06-06',NULL,8,8),
  ('P00243','2枚铜镀金银套装（元宝型）',21,4578,0,21,0,'2012-06-06',NULL,21,21),
  ('P00241','南京景观镀金金币型纪念章1',21,1890,0,21,0,'2012-06-06',NULL,21,21),
  ('P00206-a','双色轻便防风外套',0,0,0,0,0,'2012-06-06',NULL,0,0),
  ('P00206-b','双色轻便防风外套',0,0,0,0,0,'2012-06-06',NULL,0,0),
  ('P00206-c','双色轻便防风外套',0,0,0,0,0,'2012-06-06',NULL,0,0),
  ('P00199-2','带帽防风印花外套',2,660,0,2,0,'2012-06-06',NULL,2,2),
  ('P00199-3','带帽防风印花外套',2,660,0,2,0,'2012-06-06',NULL,2,2),
  ('P00205-1','拼色遮阳帽',12,720,0,12,0,'2012-06-06',NULL,12,12),
  ('P00205-2','拼色遮阳帽',12,720,0,12,0,'2012-06-06',NULL,12,12),
  ('P00159','魅力南京精彩青奥纪念银条',1,1138,0,1,0,'2012-06-06',NULL,1,1),
  ('P00162','魅力南京精彩青奥纪念盘（A）',49,14602,0,49,0,'2012-06-06',NULL,49,49),
  ('P00163','魅力南京精彩青奥纪念盘（B）',29,6322,0,29,0,'2012-06-06',NULL,29,29),
  ('P00164','活力青奥双枚纪念银条（40克）',12,10944,0,12,0,'2012-06-06',NULL,12,12),
  ('P00250','活力南京激情青奥三枚纪念章',90,19620,0,90,0,'2012-06-06',NULL,90,90),
  ('P00251','活力南京激情青奥双枚纪念章',68,8160,0,68,0,'2012-06-06',NULL,68,68),
  ('P00252','秦淮风光双枚纪念章',35,4200,0,35,0,'2012-06-06',NULL,35,35),
  ('P00255','精彩青奥纪念章',91,5460,0,91,0,'2012-06-06',NULL,91,91),
  ('P00304','秦淮风光纪念章',80,4800,0,80,0,'2012-06-06',NULL,80,80),
  ('P00305','魅力南京精彩青奥三枚纪念银条（60克）',76,103968,0,76,0,'2012-06-06',NULL,76,76),
  ('P00306','魅力青奥双枚纪念银条（40克）',76,69616,0,76,0,'2012-06-06',NULL,76,76),
  ('P00307','南京青奥双枚纪念银条（40克）',73,66868,0,73,0,'2012-06-06',NULL,73,73),
  ('P00308','精彩青奥双枚纪念银条（20克）',76,34656,0,76,0,'2012-06-06',NULL,76,76),
  ('P00312','激情青奥三枚纪念章',110,23980,0,110,0,'2012-06-06',NULL,110,110),
  ('P00314','美好南京美好青奥银质套章（80克）',8,14584,0,8,0,'2012-06-06',NULL,8,8),
  ('P00315','祝福南京祝福青奥组合银条（50克）',23,26174,0,23,0,'2012-06-06',NULL,23,23),
  ('P00319','魅力南京精彩青奥五枚纪念银条（100克）',9,20520,0,9,0,'2012-06-06',NULL,9,9),
  ('P00226','雨花石',11,26180,0,11,0,'2012-06-06',NULL,11,11),
  ('P00161','魅力南京精彩青奥五枚纪念金条（20g）',4,41440,0,4,0,'2012-06-06',NULL,4,4),
  ('P00166','祝福南京祝福青奥组合金条（50g）',4,103600,0,4,0,'2012-06-06',NULL,4,4),
  ('P00256','魅力南京金条卷轴（5g）',86,222740,0,86,0,'2012-06-06',NULL,86,86),
  ('P00309','魅力南京精彩青奥三枚纪念金条（12g）',19,118104,0,19,0,'2012-06-06',NULL,19,19),
  ('P00230','麒麟方圆',27,26460,0,27,0,'2012-06-06',NULL,27,27),
  ('P00313','美好南京  美好青奥纪念套章',84,26712,0,84,0,'2012-06-06',NULL,84,84),
  ('P00286-3','经典长袖POLO衫（蓝色）',12,2160,0,12,0,'2012-06-06',NULL,12,12),
  ('P00286-c','经典长袖POLO衫（红）',14,2520,0,14,0,'2012-06-06',NULL,14,14),
  ('P00389','青奥倒计时1000天纪念银条',40,63200,0,40,0,'2012-06-06',NULL,40,40),
  ('P00388','青奥倒计时1000天纪念套章',17,2040,0,17,0,'2012-06-06',NULL,17,17),
  ('P00257','青奥镭射银章',149,87761,0,149,0,'2012-06-06',NULL,149,149),
  ('P00416','友谊饰扣',168,5040,0,168,0,'2012-06-06',NULL,168,168),
  ('P00222','心想事成',12,33600,0,12,0,'2012-06-06',NULL,12,12),
  ('P00420','喜迎青奥银条（50g）',26,28080,0,26,0,'2012-06-06',NULL,26,26),
  ('P00422','喜迎青奥银条（100g）',25,52000,0,25,0,'2012-06-06',NULL,25,25),
  ('P00423','喜迎青奥银条（200g）',35,139300,0,35,0,'2012-06-06',NULL,35,35),
  ('P00175','2014青奥彩色会徽吊饰',100,2600,0,100,0,'2012-06-06',NULL,100,100),
  ('P00469','青奥会星座系列之―巨蟹座',0,0,0,0,0,'2012-06-06',NULL,0,0),
  ('P00481','青奥会星座系列之―天蝎座',0,0,0,0,0,'2012-06-06',NULL,0,0),
  ('P00477','青奥会星座系列之―双鱼座',0,0,0,0,0,'2012-06-06',NULL,0,0),
  ('P00470','青奥会星座系列之―白羊座',0,0,0,0,0,'2012-06-06',NULL,0,0),
  ('P00471','青奥会星座系列之―狮子座',0,0,0,0,0,'2012-06-06',NULL,0,0),
  ('P00472','青奥会星座系列之―射手座',0,0,0,0,0,'2012-06-06',NULL,0,0),
  ('P00473','青奥会星座系列之―摩羯座',0,0,0,0,0,'2012-06-06',NULL,0,0),
  ('P00474','青奥会星座系列之―金牛座',0,0,0,0,0,'2012-06-06',NULL,0,0),
  ('P00475','青奥会星座系列之―处女座',0,0,0,0,0,'2012-06-06',NULL,0,0),
  ('P00480','青奥会星座系列之―天秤座',0,0,0,0,0,'2012-06-06',NULL,0,0),
  ('P00478','青奥会星座系列之―水瓶座',0,0,0,0,0,'2012-06-06',NULL,0,0),
  ('P00479','青奥会星座系列之―双子座',0,0,0,0,0,'2012-06-06',NULL,0,0),
  ('P00518','心锁情侣钥匙扣',0,0,0,0,0,'2012-06-06',NULL,0,0),
  ('P00483','红色雨花石徽章',77,2002,0,77,0,'2012-06-06',NULL,77,77),
  ('P00476','绿色雨花石徽章',60,1560,0,60,0,'2012-06-06',NULL,60,60),
  ('P00482','紫砂壶徽章',64,1664,0,64,0,'2012-06-06',NULL,64,64),
  ('P00510','倒计时三周年徽章',74,2072,0,74,0,'2012-06-06',NULL,74,74),
  ('P00484','倒计时1000天徽章',71,1988,0,71,0,'2012-06-06',NULL,71,71),
  ('P00485','我爱南京门形徽章',81,2106,0,81,0,'2012-06-06',NULL,81,81),
  ('P00486','我爱南京爱心徽章',62,1612,0,62,0,'2012-06-06',NULL,62,62),
  ('P00517','彩色心锁钥匙扣',0,0,0,0,0,'2012-06-06',NULL,0,0),
  ('P00449','金龙聚宝纯金纪念条（8g）',18,73440,0,18,0,'2012-06-06',NULL,18,18),
  ('P00443','盛世龙腾金条（8g）',18,73440,0,18,0,'2012-06-06',NULL,18,18),
  ('P00500','四大名楼铜镀金章',14,4032,0,14,0,'2012-06-06',NULL,14,14),
  ('P00454','五龙呈福银条套装（100g）',20,41600,0,20,0,'2012-06-06',NULL,20,20),
  ('P00424','吉祥饰扣',11,440,0,11,0,'2012-06-06',NULL,11,11),
  ('P00418','南京美食吊饰',209,10450,0,209,0,'2012-06-06',NULL,209,209),
  ('P00417','福龙包饰金',228,12540,0,228,0,'2012-06-06',NULL,228,228),
  ('P00431','青奥旋转系列-年轮徽章',95,4275,0,95,0,'2012-06-06',NULL,95,95),
  ('P00427','青奥镂空纪念章1',130,23400,0,130,0,'2012-06-06',NULL,130,130),
  ('P00206-1','双色轻便防风外套',0,0,0,0,0,'2012-06-06',NULL,0,0),
  ('P00343','南京足迹倒计时徽章套装相框',12,1800,0,12,0,'2012-06-06',NULL,12,12),
  ('P00346','南京足迹倒计时徽章―1000天',220,8800,0,220,0,'2012-06-06',NULL,220,220),
  ('P00171','南京景观纯银条套装1',30,74400,0,30,0,'2012-06-06',NULL,30,30),
  ('P00247','会徽发布纪念银条（30g）',6,3420,0,6,0,'2012-06-06',NULL,6,6),
  ('P00248','会徽发布纪念银条（50g）',18,17100,0,18,0,'2012-06-06',NULL,18,18),
  ('P00249','会徽发布纪念银条（100g）',32,60800,0,32,0,'2012-06-06',NULL,32,32),
  ('P00229','紫玉金砂杯',18,7200,0,18,0,'2012-06-06',NULL,18,18),
  ('P00227','玉龙吐珠',17,14960,0,17,0,'2012-06-06',NULL,17,17),
  ('P00429','心动青奥徽章',244,10980,0,244,0,'2012-06-06',NULL,244,244),
  ('P00434','活力青奥徽章',285,9975,0,285,0,'2012-06-06',NULL,285,285),
  ('P00426','微笑花朵徽章',349,10470,0,349,0,'2012-06-06',NULL,349,349),
  ('P00425','吉祥吊饰',180,14400,0,180,0,'2012-06-06',NULL,180,180),
  ('P00419','福到吊饰',180,9000,0,180,0,'2012-06-06',NULL,180,180),
  ('N00016','口号发布纪念金条（20g）',34,265200,0,34,0,'2012-06-06',NULL,34,34),
  ('N00015','口号发布纪念金条（30g）',19,222300,0,19,0,'2012-06-06',NULL,19,19),
  ('N00014','口号发布纪念银条（50g）',0,0,0,0,0,'2012-06-06',NULL,0,0),
  ('N00013','口号发布纪念银条（100g）',0,0,0,0,0,'2012-06-06',NULL,0,0),
  ('P00433','五彩青奥徽章',225,6750,0,225,0,'2012-06-06',NULL,225,225),
  ('P00428','炫彩青奥徽章',277,9695,0,277,0,'2012-06-06',NULL,277,277),
  ('P00499','四大名楼徽章',289,34102,0,289,0,'2012-06-06',NULL,289,289),
  ('P00430','梅花饰扣',84,3360,0,84,0,'2012-06-06',NULL,84,84),
  ('P00501','四大名楼银条套装（40g）',30,20160,0,30,0,'2012-06-06',NULL,30,30),
  ('P00439','盛世龙腾银条（38g）',36,23004,0,36,0,'2012-06-06',NULL,36,36),
  ('P00437','双龙呈祥纪念银章（1盎司）',66,34518,0,66,0,'2012-06-06',NULL,66,66),
  ('P00294','丰收套壶',12,21360,0,12,0,'2012-06-06',NULL,12,12),
  ('P00511','“启航”-福船银条',8,8792,0,8,0,'2012-06-06',NULL,8,8),
  ('P00349','精致系列-会徽徽章',70,2450,0,70,0,'2012-06-06',NULL,70,70),
  ('P00350','“品味南京”美食篇-美食徽章套装1',117,23400,0,117,0,'2012-06-06',NULL,117,117),
  ('N00001','祈愿桥徽章',325,1625,0,325,0,'2012-06-06',NULL,325,325),
  ('N00002','梦剧场徽章',323,1615,40,283,0,'2012-06-06',NULL,323,323),
  ('N00003','梦想徽章',318,1590,0,318,0,'2012-06-06',NULL,318,318),
  ('N00004','绿色起点徽章',295,1475,0,295,0,'2012-06-06',NULL,295,295),
  ('N00005','五彩触碰徽章',287,1435,0,287,0,'2012-06-06',NULL,287,287),
  ('N00006','激情青奥徽章',323,1615,0,323,0,'2012-06-06',NULL,323,323),
  ('P00386','蓝黄会徽笔袋',5,250,0,5,0,'2012-06-06',NULL,5,5),
  ('P00387','蓝粉会徽笔袋',3,150,0,3,0,'2012-06-06',NULL,3,3),
  ('P00394','红灰会徽笔袋',5,250,0,5,0,'2012-06-06',NULL,5,5),
  ('P00395','黄红会徽笔袋',5,250,0,5,0,'2012-06-06',NULL,5,5),
  ('P00396','黄绿会徽笔袋',5,250,0,5,0,'2012-06-06',NULL,5,5),
  ('P00397','粉黑会徽笔袋',5,250,0,5,0,'2012-06-06',NULL,5,5),
  ('P00487','粉会徽笔袋',9,450,0,9,0,'2012-06-06',NULL,9,9),
  ('P00468','美好南京绿色青奥纪念套章',8,2704,0,8,0,'2012-06-06',NULL,8,8),
  ('N00007','星梦虹彩系列之梦剧场',300,7500,0,300,0,'2012-06-06',NULL,300,300),
  ('N00008','星梦虹彩系列之星源',290,7250,0,290,0,'2012-06-06',NULL,290,290),
  ('N00009','光之炫影系列之星之起点',290,7250,0,290,0,'2012-06-06',NULL,290,290),
  ('N00010','光之炫影系列之触摸星光',290,7250,0,290,0,'2012-06-06',NULL,290,290),
  ('N00011','星梦虹彩系列之祈愿桥',200,5000,0,200,0,'2012-06-06',NULL,200,200),
  ('N00012','光之炫影系列之点亮激情',305,7625,0,305,0,'2012-06-06',NULL,305,305),
  ('N00037','青奥力联杯（红釉）',15,5700,0,15,0,'2012-06-06',NULL,15,15),
  ('N00036','青奥BC咖啡杯',9,612,0,9,0,'2012-06-06',NULL,9,9),
  ('N00035','金玉满堂',13,1664,0,13,0,'2012-06-06',NULL,13,13),
  ('N00033','腰鼓红釉杯',15,5970,0,15,0,'2012-06-06',NULL,15,15),
  ('N00032','腰鼓黄釉杯',13,5174,0,13,0,'2012-06-06',NULL,13,13),
  ('N00030','福气黄釉杯',15,5970,0,15,0,'2012-06-06',NULL,15,15),
  ('N00029','青春红釉杯',15,5970,0,15,0,'2012-06-06',NULL,15,15),
  ('N00028','青春黄釉杯',15,5970,0,15,0,'2012-06-06',NULL,15,15),
  ('N00026','梅花红釉杯',15,2970,0,15,0,'2012-06-06',NULL,15,15),
  ('N00027','梅花黄釉杯',15,2970,0,15,0,'2012-06-06',NULL,15,15),
  ('N00024','梅花白釉杯',13,1664,0,13,0,'2012-06-06',NULL,13,13),
  ('N00034','青奥如意笔筒',12,1536,0,12,0,'2012-06-06',NULL,12,12),
  ('N00023','青奥鸿运瓶',15,5700,0,15,0,'2012-06-06',NULL,15,15),
  ('N00022','青奥洋溢杯',10,980,0,10,0,'2012-06-06',NULL,10,10),
  ('N00021','活力盖杯',10,980,0,10,0,'2012-06-06',NULL,10,10),
  ('N00020','五环套杯',14,3752,0,14,0,'2012-06-09',NULL,14,14);

COMMIT;

#
# Data for the `totalstock` table  (LIMIT 500,500)
#

INSERT INTO `totalstock` (`goodcode`, `goodname`, `number`, `money`, `locknum`, `validnum`, `lowlimit`, `recentdate`, `remark`, `beforemonthstore`, `lastmonthstore`) VALUES 
  ('N00019-yg','腰鼓白釉杯',10,980,0,10,0,'2012-06-06',NULL,10,10),
  ('N00019-fq','福气白釉杯',10,980,0,10,0,'2012-06-06',NULL,10,10),
  ('N00017','青春白釉杯',8,784,-2,10,0,'2012-06-09',NULL,8,8),
  ('P00509','青奥梅兰竹菊银砖120g套装',1,3588,0,1,0,'2012-06-06',NULL,1,1),
  ('P00341','梅兰竹菊银套装（4枚）',4,3832,0,4,0,'2012-06-06',NULL,4,4),
  ('P00528','白色青奥挂带',32,960,0,32,0,'2012-06-06',NULL,32,32),
  ('N00061','青奥梦想徽章套装',14,3612,0,14,0,'2012-06-06',NULL,14,14),
  ('P00340','梅兰竹菊金+银套装（5枚）',1,1988,0,1,0,'2012-06-06',NULL,1,1),
  ('N00591','青奥金玉徽章',0,0,0,0,0,'2012-06-06',NULL,0,0),
  ('P00320','魅力南京精彩青奥银质套章（80g）',14,25522,0,14,0,'2012-06-06',NULL,14,14),
  ('P00436','青奥金锁（10克）',10,51800,0,10,0,'2012-06-06',NULL,10,10),
  ('P00338','品味南京风光篇-纯银币型纪念套装',1,3500,0,1,0,'2012-06-06',NULL,1,1),
  ('P00345','印象南京风光镀金币纪念章五枚套装',1,450,0,1,0,'2012-06-06',NULL,1,1),
  ('P00342','品味南京典故篇-古都南京双枚纪念银条套装',0,0,0,0,0,'2012-06-06',NULL,0,0),
  ('P00344','印象南京景观纪念银盘',1,2580,0,1,0,'2012-06-06',NULL,1,1),
  ('P000245','金陵三十六景之四雨花台',5,2640,0,5,0,'2012-06-06',NULL,5,5),
  ('P00246','金陵三十六景之五明孝陵神道',0,0,0,0,0,'2012-06-06',NULL,0,0),
  ('P00334','花开富贵5g金卷轴',3,8094,0,3,0,'2012-06-06',NULL,3,3),
  ('P00503','花开富贵10g金卷轴',2,10776,0,2,0,'2012-06-06',NULL,2,2),
  ('N00099','啪啪十二宫（蓝）',55,3190,0,55,0,'2012-06-06',NULL,55,55),
  ('N00098','啪啪十二宫（橙）',55,3190,0,55,0,'2012-06-06',NULL,55,55),
  ('N00097','啪啪十二宫（红）',55,3190,0,55,0,'2012-06-06',NULL,55,55),
  ('P00021-1','男活力心声T恤衫',1,180,0,1,0,'2012-06-06',NULL,1,1),
  ('P00021-2','男活力心声T恤衫',3,540,0,3,0,'2012-06-06',NULL,3,3),
  ('P00021-3','男活力心声T恤衫',0,0,0,0,0,'2012-06-06',NULL,0,0),
  ('P00021-4','男活力心声T恤衫',0,0,0,0,0,'2012-06-06',NULL,0,0),
  ('P00021-5','男活力心声T恤衫',0,0,0,0,0,'2012-06-06',NULL,0,0),
  ('P00024-1','男拼色T恤衫',1,180,0,1,0,'2012-06-06',NULL,1,1),
  ('P00024-2','男拼色T恤衫',3,540,0,3,0,'2012-06-06',NULL,3,3),
  ('P00024-3','男拼色T恤衫',0,0,0,0,0,'2012-06-06',NULL,0,0),
  ('P00024-4','男拼色T恤衫',1,180,0,1,0,'2012-06-06',NULL,1,1),
  ('P00024-5','男拼色T恤衫',1,180,0,1,0,'2012-06-06',NULL,1,1),
  ('P00032-1','女活力心声T恤衫',1,170,0,1,0,'2012-06-06',NULL,1,1),
  ('P00032-2','女活力心声T恤衫',0,0,0,0,0,'2012-06-06',NULL,0,0),
  ('P00032-3','女活力心声T恤衫',0,0,0,0,0,'2012-06-06',NULL,0,0),
  ('P00032-4','女活力心声T恤衫',4,680,0,4,0,'2012-06-06',NULL,4,4),
  ('P00032-5','女活力心声T恤衫',1,170,0,1,0,'2012-06-06',NULL,1,1),
  ('P00035-1','女拼色T恤衫',1,170,0,1,0,'2012-06-06',NULL,1,1),
  ('P00035-2','女拼色T恤衫',0,0,0,0,0,'2012-06-06',NULL,0,0),
  ('P00035-3','女拼色T恤衫',0,0,0,0,0,'2012-06-06',NULL,0,0),
  ('P00035-4','女拼色T恤衫',3,510,0,3,0,'2012-06-06',NULL,3,3),
  ('P00035-5','女拼色T恤衫',0,0,0,0,0,'2012-06-06',NULL,0,0),
  ('P00370-1','男全色会徽polo衫',0,0,0,0,0,'2012-06-06',NULL,0,0),
  ('P00370-2','男全色会徽polo衫',1,158,0,1,0,'2012-06-06',NULL,1,1),
  ('P00370-3','男全色会徽polo衫',0,0,0,0,0,'2012-06-06',NULL,0,0),
  ('P00370-4','男全色会徽polo衫',1,158,0,1,0,'2012-06-06',NULL,1,1),
  ('P00370-5','男全色会徽polo衫',0,0,0,0,0,'2012-06-06',NULL,0,0),
  ('P00380-1','女全色会徽polo衫',0,0,0,0,0,'2012-06-06',NULL,0,0),
  ('P00380-2','女全色会徽polo衫',0,0,0,0,0,'2012-06-06',NULL,0,0),
  ('P00380-3','女全色会徽polo衫',0,0,0,0,0,'2012-06-06',NULL,0,0),
  ('P00380-4','女全色会徽polo衫',4,632,0,4,0,'2012-06-06',NULL,4,4),
  ('P00380-5','女全色会徽polo衫',1,158,0,1,0,'2012-06-06',NULL,1,1),
  ('P00371-1','蓝会徽烫金polo衫',0,0,0,0,0,'2012-06-06',NULL,0,0),
  ('P00371-2','蓝会徽烫金polo衫',1,158,0,1,0,'2012-06-06',NULL,1,1),
  ('P00371-3','蓝会徽烫金polo衫',0,0,0,0,0,'2012-06-06',NULL,0,0),
  ('P00371-4','蓝会徽烫金polo衫',1,158,0,1,0,'2012-06-06',NULL,1,1),
  ('P00371-5','蓝会徽烫金polo衫',1,158,0,1,0,'2012-06-06',NULL,1,1),
  ('P00413-1','女蓝会徽烫金polo衫',1,158,0,1,0,'2012-06-06',NULL,1,1),
  ('P00413-2','女蓝会徽烫金polo衫',3,474,0,3,0,'2012-06-06',NULL,3,3),
  ('P00413-3','女蓝会徽烫金polo衫',0,0,0,0,0,'2012-06-06',NULL,0,0),
  ('P00413-4','女蓝会徽烫金polo衫',1,158,0,1,0,'2012-06-06',NULL,1,1),
  ('P00413-5','女蓝会徽烫金polo衫',1,158,0,1,0,'2012-06-06',NULL,1,1),
  ('P00390-1','粉会徽烫金丝光polo衫',0,0,0,0,0,'2012-06-06',NULL,0,0),
  ('P00390-2','粉会徽烫金丝光polo衫',1,680,0,1,0,'2012-06-06',NULL,1,1),
  ('P00390-3','粉会徽烫金丝光polo衫',1,680,0,1,0,'2012-06-06',NULL,1,1),
  ('P00390-4','粉会徽烫金丝光polo衫',4,2720,0,4,0,'2012-06-06',NULL,4,4),
  ('P00390-5','粉会徽烫金丝光polo衫',1,680,0,1,0,'2012-06-06',NULL,1,1),
  ('P00369-1','绿会徽烫金丝光polo衫',0,0,0,0,0,'2012-06-06',NULL,0,0),
  ('P00369-2','绿会徽烫金丝光polo衫',1,680,0,1,0,'2012-06-06',NULL,1,1),
  ('P00369-3','绿会徽烫金丝光polo衫',1,680,0,1,0,'2012-06-06',NULL,1,1),
  ('P00369-4','绿会徽烫金丝光polo衫',4,2720,0,4,0,'2012-06-06',NULL,4,4),
  ('P00369-5','绿会徽烫金丝光polo衫',1,680,0,1,0,'2012-06-06',NULL,1,1),
  ('P00391-1','灰可拆分休闲裤',1,340,0,1,0,'2012-06-06',NULL,1,1),
  ('P00391-2','灰可拆分休闲裤',1,340,0,1,0,'2012-06-06',NULL,1,1),
  ('P00391-3','灰可拆分休闲裤',1,340,0,1,0,'2012-06-06',NULL,1,1),
  ('P00391-4','灰可拆分休闲裤',4,1360,0,4,0,'2012-06-06',NULL,4,4),
  ('P00391-5','灰可拆分休闲裤',2,680,0,2,0,'2012-06-06',NULL,2,2),
  ('P00391-6','灰可拆分休闲裤',1,340,0,1,0,'2012-06-06',NULL,1,1),
  ('P00490','粉单纯元素腰包',4,760,0,4,0,'2012-06-06',NULL,4,4),
  ('P00491','黄单纯元素腰包',4,760,0,4,0,'2012-06-06',NULL,4,4),
  ('P00495','黄会徽童书包',8,1280,0,8,0,'2012-06-06',NULL,8,8),
  ('P00412','蓝灰黑会徽双肩包',9,1800,0,9,0,'2012-06-06',NULL,9,9),
  ('P00411','绿灰黑会徽双肩包',6,1200,0,6,0,'2012-06-06',NULL,6,6),
  ('P00404','灰会徽拉绳休闲包',9,720,0,9,0,'2012-06-06',NULL,9,9),
  ('P00488','黄会徽拉绳休闲包',0,0,0,0,0,'2012-06-06',NULL,0,0),
  ('P00403','英文组合多兜休闲包',2,160,0,2,0,'2012-06-06',NULL,2,2),
  ('P00401','绿会徽抽绳休闲包',6,480,0,6,0,'2012-06-06',NULL,6,6),
  ('P00399','粉英文组合笔袋',9,405,0,9,0,'2012-06-06',NULL,9,9),
  ('P00400','粉会徽抽绳休闲包',14,1120,0,14,0,'2012-06-06',NULL,14,14),
  ('N00590','青奥徽宝',0,0,0,0,0,'2012-06-06',NULL,0,0),
  ('N00244','梅花型银章30g',10,5480,0,10,0,'2012-06-06',NULL,10,10),
  ('N00078','青奥龙年徽章',64,1664,0,64,0,'2012-06-06',NULL,64,64),
  ('N00506','青奥金色花瓣会徽徽章',110,3300,0,110,0,'2012-06-06',NULL,110,110),
  ('N00507','青奥金色缤纷会徽徽章',110,3300,0,110,0,'2012-06-06',NULL,110,110),
  ('N00508','青奥金色旋转对话框徽章',110,3300,0,110,0,'2012-06-06',NULL,110,110),
  ('N00509','青奥金色对话框徽章',110,3300,0,110,0,'2012-06-06',NULL,110,110),
  ('N00580','创意标签系列马口铁之正太',40,400,0,40,0,'2012-06-06',NULL,40,40),
  ('N00581','创意标签系列马口铁之运动健将',30,300,0,30,0,'2012-06-06',NULL,30,30),
  ('N00582','创意标签系列马口铁之文艺青年',10,100,0,10,0,'2012-06-06',NULL,10,10),
  ('N00583','创意标签系列马口铁之收藏达人',45,450,0,45,0,'2012-06-06',NULL,45,45),
  ('N00584','创意标签系列马口铁之潜力股',15,150,0,15,0,'2012-06-06',NULL,15,15),
  ('N00585','创意标签系列马口铁之奇葩',0,0,0,0,0,'2012-06-06',NULL,0,0),
  ('N00586','创意标签系列马口铁之普通青年',50,500,0,50,0,'2012-06-06',NULL,50,50),
  ('N00587','创意标签系列马口铁之萝莉',0,0,0,0,0,'2012-06-06',NULL,0,0),
  ('N00588','创意标签系列马口铁之范儿青年',0,0,0,0,0,'2012-06-06',NULL,0,0),
  ('N00589','创意标签系列马口铁之吃货',0,0,0,0,0,'2012-06-06',NULL,0,0),
  ('N00120','环球盛世',0,0,0,0,0,'2012-06-06',NULL,0,0),
  ('N00121','欢乐盛典',0,0,0,0,0,'2012-06-06',NULL,0,0),
  ('P00515','南京长江大桥金卷轴（30g）',10,152800,0,10,0,'2012-06-06',NULL,10,10),
  ('N00627','口号发布纪念银条（50g）',50,34500,0,50,0,'2012-06-06',NULL,50,50),
  ('N00626','口号发布纪念银条（100g）',20,27600,0,20,0,'2012-06-06',NULL,20,20),
  ('N00239','博爱之都两枚银条',0,0,0,0,0,'2012-06-06',NULL,0,0),
  ('N00576','南京风光五枚银条',5,5990,0,5,0,'2012-06-06',NULL,5,5),
  ('N00577','南京风光三枚银条',5,3940,0,5,0,'2012-06-06',NULL,5,5),
  ('N00578','南京风光两枚银条',5,2300,0,5,0,'2012-06-06',NULL,5,5),
  ('N00083','南京小吃-臭豆腐徽章',76,1976,0,76,0,'2012-06-06',NULL,76,76),
  ('N00418','南京小吃-蟹黄汤包徽章',76,1976,0,76,0,'2012-06-06',NULL,76,76),
  ('N00419','蓝色雨花石徽章',75,1950,0,75,0,'2012-06-06',NULL,75,75),
  ('N00420','粉色雨花石徽章',75,1950,0,75,0,'2012-06-06',NULL,75,75),
  ('N00469','褐色雨花石徽章',75,1950,0,75,0,'2012-06-06',NULL,75,75),
  ('N00497','梅花形徽章',78,2028,0,78,0,'2012-06-06',NULL,78,78),
  ('N00499','心手相连徽章',80,2080,0,80,0,'2012-06-06',NULL,80,80),
  ('N00504','问好系列徽章套装',3,804,0,3,0,'2012-06-06',NULL,3,3),
  ('N00505','青奥金银会徽徽章套装',35,1400,0,35,0,'2012-06-06',NULL,35,35);

COMMIT;



/*!40101 SET CHARACTER_SET_CLIENT=@OLD_CHARACTER_SET_CLIENT */;
/*!40101 SET CHARACTER_SET_RESULTS=@OLD_CHARACTER_SET_RESULTS */;
/*!40101 SET COLLATION_CONNECTION=@OLD_COLLATION_CONNECTION */;